txn_id,user_id,timestamp,amount_inr,merchant_category,city_tier,device_type,is_fraud
T011755,U00913,2026-08-31 03:08:58,715,recharge,2,android,0
T008685,U01780,2026-02-05 23:17:55,4336,shopping,3,ios,0
T004722,U01185,2026-08-23 02:14:28,1642,grocery,1,android,0
T013632,U01696,2026-03-17 11:32:37,2287,grocery,3,ios,0
T012404,U01502,2026-05-29 01:00:28,4645,transfer,3,android,0
T001968,U01707,2026-07-16 10:22:31,238,grocery,2,ios,0
T010363,U00739,2026-01-31 16:05:45,4969,shopping,2,ios,0
T013148,U00239,2026-08-10 13:34:39,9607,transfer,3,android,0
T013846,U00997,2026-05-18 02:43:55,300,grocery,2,ios,0
T005893,U01867,2026-06-20 13:26:04,1138,shopping,2,android,0
T000048,U01639,2026-03-09 18:01:19,1690,fuel,3,android,0
T010398,U00251,2026-02-12 07:49:46,5619,transfer,3,android,0
T002055,U01611,2026-04-28 07:39:19,572,recharge,3,android,0
T006573,U01153,2026-06-26 08:47:43,18558,transfer,2,android,0
T003998,U00007,2026-08-05 22:26:03,7115,transfer,2,android,0
T003488,U01510,2026-01-05 14:10:35,237,recharge,1,ios,0
T003166,U01519,2026-01-08 03:25:09,467,recharge,2,ios,1
T006562,U00843,2026-03-16 14:53:20,3441,shopping,1,ios,0
T003223,U01619,2026-09-23 07:10:20,5914,transfer,1,ios,0
T011563,U00059,2026-07-19 02:52:22,2380,grocery,1,ios,0
T014056,U00176,2026-09-24 13:57:54,910,fuel,3,android,0
T007597,U00299,2026-04-16 05:01:33,526,fuel,3,android,0
T000042,U01834,2026-02-03 00:05:20,1120,shopping,3,android,0
T000779,U01300,2026-03-09 10:46:33,3500,fuel,1,android,0
T011085,U00385,2026-06-02 09:19:26,4505,fuel,1,ios,0
T014512,U00876,2026-05-11 21:54:21,250,recharge,2,ios,0
T007838,U00582,2026-04-17 04:03:34,2587,transfer,2,android,0
T008135,U00372,2026-09-17 01:58:15,3625,shopping,3,android,0
T013393,U00142,2026-06-04 00:12:01,5492,fuel,2,android,0
T002451,U01713,2026-08-18 20:46:46,8397,transfer,1,ios,0
T014272,U00811,2026-08-25 11:29:30,326,recharge,2,ios,0
T002796,U01960,2026-07-13 18:54:03,2924,shopping,1,ios,0
T006667,U01850,2026-03-24 22:06:53,327,grocery,3,android,0
T012829,U01884,2026-09-23 03:33:28,221,recharge,2,ios,0
T009176,U01629,2026-02-25 15:10:58,1372,recharge,3,android,0
T005482,U01448,2026-02-12 22:35:49,448,recharge,3,ios,0
T013843,U00363,2026-01-10 22:04:17,7470,shopping,2,ios,0
T000114,U01159,2026-03-11 20:00:19,426,shopping,2,ios,0
T013918,U01863,2026-09-26 12:50:03,315,recharge,3,ios,0
T003462,U00377,2026-06-22 11:31:22,1119,fuel,1,ios,0
T001431,U01270,2026-06-23 04:23:15,1068,transfer,1,android,0
T011428,U01016,2026-07-06 09:02:31,862,recharge,3,ios,0
T013998,U01949,2026-02-04 16:18:46,498,fuel,2,ios,0
T002679,U00731,2026-09-01 13:06:12,2314,shopping,2,web,0
T003754,U00498,2026-03-05 22:26:27,987,recharge,3,android,0
T004184,U00434,2026-06-14 17:09:53,2301,fuel,2,ios,0
T006189,U01585,2026-08-06 21:19:47,512,fuel,1,android,0
T001580,U00893,2026-07-03 18:18:09,15150,transfer,2,ios,0
T015089,U00517,2026-03-01 08:05:00,1000,transfer,1,web,1
T013656,U01234,2026-04-04 03:15:12,3653,transfer,2,ios,0
T014852,U00174,2026-08-10 12:27:09,1550,fuel,1,android,0
T003654,U01569,2026-07-09 01:55:03,4015,grocery,1,ios,0
T006613,U00264,2026-05-30 23:19:30,441,recharge,2,android,0
T005168,U00289,2026-09-19 04:53:17,2771,grocery,1,ios,0
T004065,U01868,2026-09-30 07:57:17,1384,fuel,2,android,0
T002070,U01275,2026-07-21 05:01:06,501,recharge,2,ios,0
T014150,U00978,2026-01-13 03:28:24,1141,grocery,3,ios,0
T001328,U00454,2026-02-10 09:01:41,2383,shopping,2,ios,0
T012137,U01940,2026-04-10 08:13:17,3698,shopping,1,android,0
T008443,U01958,2026-06-20 05:30:05,5311,transfer,3,android,0
T005889,U00926,2026-03-05 17:47:24,1224,grocery,3,ios,0
T009776,U00443,2026-07-22 17:26:58,117,recharge,3,android,0
T006522,U00795,2026-05-05 03:40:05,3120,shopping,3,android,0
T002033,U00047,2026-09-23 02:37:50,9872,fuel,3,ios,0
T008978,U01082,2026-04-23 23:24:45,1045,grocery,3,android,0
T000752,U01077,2026-06-28 17:25:02,281,recharge,3,ios,0
T011982,U00064,2026-07-04 10:44:09,877,recharge,1,ios,0
T014118,U01545,2026-05-28 20:35:53,2122,fuel,3,ios,0
T002682,U00983,2026-08-18 10:38:35,2107,transfer,3,ios,0
T007932,U01129,2026-08-12 01:27:14,780,transfer,1,android,0
T003395,U01577,2026-08-10 20:26:15,970,fuel,3,ios,0
T010753,U00496,2026-01-07 03:50:28,11242,transfer,1,android,0
T010246,U00113,2026-03-15 01:19:05,3403,transfer,3,android,0
T005850,U01959,2026-04-13 08:30:54,1040,grocery,2,android,0
T013131,U01137,2026-04-07 13:03:37,9008,transfer,1,ios,0
T001605,U00009,2026-06-24 11:18:46,6847,shopping,1,ios,0
T011870,U01701,2026-01-02 07:29:43,271,recharge,1,ios,0
T014964,U00034,2026-07-31 01:13:08,3300,fuel,1,ios,0
T012316,U01664,2026-08-27 13:08:10,649,recharge,1,android,0
T006617,U00410,2026-03-25 10:26:20,2604,transfer,3,android,0
T013566,U00468,2026-07-28 05:42:11,1012,fuel,2,ios,0
T011325,U01150,2026-03-02 08:36:06,1817,shopping,1,ios,0
T004039,U01008,2026-04-19 01:44:23,2863,shopping,3,web,1
T006191,U00199,2026-03-04 04:54:14,329,recharge,2,ios,0
T014598,U00582,2026-08-27 01:59:47,630,fuel,2,android,0
T014700,U01296,2026-05-10 05:23:17,2489,shopping,3,ios,0
T006408,U01722,2026-03-25 18:07:12,4239,transfer,1,ios,0
T010932,U01545,2026-02-04 15:25:29,842,grocery,3,ios,0
T000901,U01980,2026-05-12 10:01:21,452,grocery,1,ios,0
T011266,U01000,2026-07-31 05:04:45,2732,transfer,3,ios,0
T013771,U01497,2026-06-02 20:42:23,1581,shopping,1,android,0
T012599,U01627,2026-03-16 09:36:54,1264,fuel,3,ios,0
T012092,U00498,2026-09-14 10:39:53,130,recharge,3,android,0
T010589,U00881,2026-05-13 00:44:58,1649,shopping,3,ios,0
T002760,U01305,2026-02-13 04:26:50,7398,transfer,2,android,0
T012257,U00467,2026-08-04 02:31:04,6253,transfer,2,ios,0
T006228,U00023,2026-04-11 08:08:14,409,recharge,1,ios,0
T001272,U01173,2026-07-26 05:32:05,12115,shopping,3,android,0
T000232,U00243,2026-08-29 03:26:01,1606,shopping,1,ios,0
T001770,U00267,2026-08-25 19:05:42,314,recharge,3,ios,0
T005738,U00455,2026-09-22 22:42:15,783,transfer,1,android,0
T014648,U00487,2026-04-15 19:42:24,1437,recharge,2,ios,0
T008192,U00213,2026-08-21 22:15:07,5555,shopping,2,ios,0
T003971,U00891,2026-01-05 18:57:08,2154,transfer,2,android,0
T004498,U01122,2026-01-01 21:07:32,156,grocery,2,android,0
T006637,U00740,2026-08-10 14:37:55,790,transfer,3,ios,0
T003350,U01896,2026-01-15 01:27:41,7801,transfer,1,android,0
T006444,U01828,2026-04-01 15:50:09,1163,grocery,3,ios,0
T008830,U01775,2026-02-18 12:49:29,3991,shopping,1,ios,0
T003133,U00729,2026-09-07 01:35:33,124,recharge,1,android,0
T006622,U00506,2026-04-27 02:00:28,6979,fuel,2,ios,0
T014327,U01974,2026-04-15 17:48:58,1576,fuel,1,android,0
T012500,U00609,2026-03-16 23:11:04,2318,grocery,1,web,0
T010740,U01222,2026-02-05 03:00:30,3839,shopping,2,ios,0
T008111,U00976,2026-03-03 18:03:14,503,grocery,1,ios,0
T004654,U01458,2026-01-01 20:41:25,133,recharge,1,ios,0
T006587,U00049,2026-03-19 14:21:18,743,fuel,2,android,0
T008692,U00580,2026-01-05 16:23:08,1231,shopping,3,ios,0
T003659,U00892,2026-02-26 11:52:29,429,recharge,1,ios,0
T007820,U01984,2026-04-16 19:43:28,477,recharge,3,android,0
T002657,U01736,2026-01-11 07:29:27,1253,grocery,3,ios,0
T007320,U00456,2026-01-28 10:09:52,1119,shopping,3,android,0
T006853,U01118,2026-01-17 10:03:40,130,recharge,1,ios,0
T010815,U01423,2026-09-03 17:35:05,701,grocery,2,android,0
T000612,U00674,2026-09-22 08:01:08,315,grocery,2,android,0
T006435,U01998,2026-02-11 21:22:56,452,fuel,2,android,0
T003254,U01630,2026-08-19 20:23:02,431,grocery,2,ios,0
T008826,U01421,2026-03-20 13:49:19,4375,transfer,3,ios,0
T013116,U00105,2026-02-08 07:27:51,3654,grocery,1,android,0
T004086,U01803,2026-02-21 17:27:22,9999,transfer,1,ios,0
T014806,U00379,2026-05-11 17:27:14,5436,transfer,1,ios,0
T011896,U01481,2026-08-26 20:32:05,739,shopping,3,ios,0
T007493,U00616,2026-05-31 07:09:39,7202,transfer,2,ios,0
T005386,U01680,2026-04-15 14:20:33,3292,shopping,2,android,0
T000929,U01519,2026-02-28 07:50:28,1906,shopping,1,ios,0
T006863,U00781,2026-04-11 19:18:25,4701,shopping,1,android,0
T010567,U01445,2026-06-06 11:33:12,2218,shopping,2,android,0
T002234,U00730,2026-04-24 14:38:45,2881,transfer,3,ios,0
T000785,U00148,2026-03-18 00:12:10,154,recharge,1,ios,0
T005244,U01741,2026-08-24 14:28:10,356,recharge,2,ios,0
T012741,U00845,2026-06-12 09:13:27,1660,shopping,2,ios,0
T010780,U01850,2026-01-19 07:36:42,395,recharge,3,android,0
T002733,U01262,2026-01-30 23:13:12,2041,shopping,3,android,0
T006997,U00132,2026-07-15 06:24:07,4484,transfer,1,android,0
T005611,U01221,2026-09-17 15:06:36,2349,grocery,2,android,0
T012338,U00816,2026-07-20 12:18:49,661,fuel,1,ios,0
T011304,U00859,2026-02-02 03:34:45,4191,fuel,3,android,0
T011231,U01096,2026-08-10 07:22:49,14514,transfer,1,ios,0
T006437,U00994,2026-06-22 19:11:40,7319,transfer,2,ios,0
T003490,U00168,2026-07-02 18:56:36,458,grocery,3,android,0
T006535,U00809,2026-03-26 15:24:18,1421,shopping,2,ios,0
T013100,U00192,2026-05-09 08:57:42,518,shopping,2,android,0
T013033,U00532,2026-01-12 07:25:28,8518,transfer,1,ios,0
T004905,U00125,2026-02-18 02:26:58,83,recharge,1,android,0
T004396,U01850,2026-05-18 05:40:22,7618,shopping,3,android,0
T000803,U01670,2026-09-24 11:42:24,2393,fuel,2,android,0
T006056,U01214,2026-06-21 06:12:51,3401,transfer,3,android,0
T008016,U00467,2026-03-29 17:19:33,192,recharge,3,ios,0
T001494,U00049,2026-03-22 10:11:40,91,grocery,1,android,0
T000979,U00805,2026-08-17 04:37:55,194,grocery,3,ios,0
T003083,U01025,2026-04-27 05:02:49,198,recharge,1,web,0
T010109,U00799,2026-09-30 23:39:00,251,recharge,3,ios,0
T001519,U00323,2026-07-13 01:37:11,3154,fuel,3,android,0
T002073,U01669,2026-03-15 19:53:55,23144,transfer,1,android,0
T004467,U00042,2026-04-16 18:47:02,1190,recharge,1,ios,0
T002118,U01291,2026-08-16 10:14:07,2467,transfer,2,ios,0
T013436,U01655,2026-07-17 02:53:06,434,grocery,1,ios,0
T011117,U01741,2026-09-22 08:32:25,3731,transfer,1,ios,0
T014581,U00684,2026-07-29 22:55:35,969,shopping,2,android,0
T010803,U01023,2026-09-22 08:35:25,15593,transfer,1,android,0
T007411,U01797,2026-06-09 16:01:48,4918,transfer,2,ios,0
T003853,U01847,2026-06-17 08:31:09,642,grocery,1,ios,0
T009963,U00194,2026-08-31 20:43:06,1838,shopping,3,android,0
T007497,U01856,2026-09-30 06:15:33,15092,transfer,3,android,0
T007103,U01241,2026-06-13 08:19:58,218,recharge,2,ios,0
T002213,U01409,2026-04-25 19:26:16,196,grocery,1,ios,0
T005182,U00069,2026-08-15 10:04:34,145,recharge,3,android,0
T005997,U00063,2026-01-06 21:01:35,663,shopping,2,android,0
T007014,U01291,2026-03-16 12:21:50,1589,shopping,2,ios,0
T002909,U01599,2026-08-15 07:16:21,16883,transfer,2,ios,0
T000671,U01746,2026-08-11 01:14:01,2531,transfer,1,ios,0
T014093,U00874,2026-06-29 19:28:47,217,recharge,2,ios,0
T002395,U00393,2026-07-03 23:06:38,299,recharge,2,ios,0
T010868,U00230,2026-03-30 04:30:14,2574,transfer,3,android,0
T000728,U01423,2026-09-05 01:16:55,372,recharge,2,android,0
T003581,U00464,2026-03-23 03:43:08,314,grocery,2,ios,0
T011250,U01679,2026-03-23 14:50:14,4776,shopping,1,android,0
T005246,U01313,2026-07-24 14:53:11,5587,fuel,2,ios,0
T014466,U00495,2026-01-21 12:18:27,358,recharge,2,ios,0
T011303,U01794,2026-09-07 07:57:31,2939,shopping,1,android,0
T005872,U00399,2026-09-14 11:48:28,2153,shopping,2,ios,0
T002028,U00262,2026-01-20 16:37:47,239,grocery,3,android,0
T008905,U01927,2026-08-20 23:18:34,4461,transfer,2,ios,0
T005687,U00124,2026-04-12 03:29:54,4344,fuel,3,ios,0
T013286,U01031,2026-01-28 04:48:39,678,grocery,1,android,0
T001794,U00124,2026-07-05 15:24:42,759,shopping,3,ios,0
T013790,U01930,2026-07-05 15:27:05,494,recharge,3,android,0
T013895,U00330,2026-01-15 15:05:36,1464,shopping,2,android,0
T007441,U01337,2026-05-09 15:59:55,2616,shopping,2,ios,0
T014784,U00087,2026-09-09 13:20:46,380,grocery,3,web,0
T002314,U01163,2026-07-12 00:48:51,642,fuel,1,android,0
T000198,U00244,2026-02-09 20:42:18,4283,transfer,3,ios,0
T011783,U00074,2026-07-31 08:12:32,2652,grocery,3,ios,0
T007701,U01030,2026-01-17 20:14:18,449,recharge,2,ios,0
T004580,U01285,2026-08-02 15:40:56,2202,fuel,1,android,0
T013662,U01073,2026-09-26 18:18:00,18105,transfer,2,ios,0
T007384,U00221,2026-01-01 10:46:41,211,recharge,1,android,0
T007132,U01759,2026-03-09 13:05:26,690,grocery,2,ios,0
T012969,U01277,2026-05-20 15:19:59,12577,shopping,1,android,0
T011484,U00955,2026-03-06 05:08:27,431,recharge,1,android,0
T014391,U00410,2026-09-19 22:49:33,1125,fuel,1,android,0
T009380,U00568,2026-06-16 16:16:02,2468,transfer,1,ios,0
T007965,U00942,2026-08-21 16:42:28,1387,shopping,2,android,0
T014405,U01256,2026-09-05 06:08:15,3965,shopping,3,web,0
T003570,U00264,2026-03-06 05:51:56,3851,grocery,1,android,0
T011822,U01494,2026-08-25 06:06:06,1830,shopping,2,android,0
T009151,U01264,2026-06-21 09:05:47,4944,transfer,2,android,0
T005595,U00700,2026-06-06 18:21:26,648,transfer,1,android,0
T013276,U00644,2026-09-18 10:32:06,417,recharge,1,android,0
T012292,U01060,2026-08-27 19:42:22,3515,shopping,2,ios,0
T009138,U01569,2026-02-08 21:02:10,784,grocery,2,ios,0
T005934,U00293,2026-09-26 18:41:26,139,recharge,3,ios,0
T013810,U00206,2026-06-21 06:15:31,404,grocery,1,ios,0
T002782,U01250,2026-05-14 17:36:05,1440,fuel,1,android,0
T009716,U00377,2026-04-25 20:08:22,7143,shopping,1,ios,0
T003901,U00089,2026-02-03 13:45:10,1164,fuel,1,ios,0
T007925,U00298,2026-08-25 20:41:33,2241,shopping,1,ios,0
T005423,U01238,2026-07-06 09:34:21,1600,fuel,3,ios,0
T000969,U00534,2026-02-25 20:01:44,1378,grocery,2,android,0
T011855,U01328,2026-05-28 02:10:45,2055,shopping,3,ios,0
T003711,U01792,2026-03-17 23:44:57,912,shopping,3,android,0
T001001,U00217,2026-05-30 17:49:35,1648,fuel,1,ios,0
T010885,U01843,2026-09-26 05:19:37,9717,shopping,1,android,0
T002059,U00938,2026-09-22 08:18:02,3458,fuel,1,android,0
T006134,U00287,2026-03-30 00:15:51,2611,shopping,3,android,0
T010724,U01053,2026-01-01 01:51:42,6228,transfer,3,android,0
T003017,U00981,2026-01-05 08:26:22,2212,fuel,3,android,0
T005258,U00974,2026-02-05 02:17:01,640,recharge,1,android,0
T009994,U01736,2026-05-27 02:39:25,3751,shopping,2,ios,0
T004115,U00600,2026-03-20 00:34:48,665,grocery,2,android,0
T001164,U00560,2026-07-05 22:07:56,1235,grocery,3,ios,0
T012753,U01347,2026-08-01 19:02:49,1013,grocery,3,ios,0
T012421,U01052,2026-06-27 01:21:34,229,recharge,1,ios,0
T007086,U01607,2026-06-04 05:01:43,4716,shopping,3,ios,0
T008376,U01594,2026-08-21 10:26:24,11493,transfer,3,android,0
T011152,U01665,2026-03-20 16:18:47,2110,transfer,2,ios,0
T002289,U00849,2026-03-18 08:23:15,1103,fuel,1,android,0
T014832,U01248,2026-07-03 05:57:17,31192,transfer,2,ios,0
T010072,U00282,2026-01-30 13:00:08,207,grocery,3,ios,0
T000508,U00910,2026-01-09 13:23:46,1689,grocery,2,web,0
T014962,U00587,2026-03-21 19:36:02,347,grocery,2,ios,0
T010099,U00105,2026-03-09 20:33:09,5352,transfer,3,android,0
T000525,U01874,2026-05-29 06:20:59,792,fuel,1,ios,0
T013661,U00183,2026-08-24 06:52:48,155,recharge,3,android,0
T006979,U00901,2026-05-17 13:46:46,4620,transfer,3,ios,0
T012573,U00196,2026-07-02 10:43:36,1706,recharge,3,ios,0
T005224,U01565,2026-03-28 12:35:08,4278,fuel,3,ios,0
T008063,U01314,2026-07-19 04:03:14,1728,grocery,3,android,0
T002296,U00502,2026-02-26 04:41:57,40321,transfer,1,ios,0
T005435,U00421,2026-01-13 22:21:03,257,grocery,2,android,0
T012348,U01345,2026-03-19 15:36:26,10288,transfer,3,ios,0
T000986,U01233,2026-08-06 20:30:50,625,fuel,3,android,0
T009936,U00596,2026-06-15 03:29:10,1436,shopping,1,android,0
T009242,U01498,2026-06-25 00:38:49,301,grocery,3,android,0
T003548,U01303,2026-01-23 23:22:56,1116,shopping,3,ios,0
T012746,U00109,2026-06-27 04:06:16,1439,grocery,3,ios,0
T010085,U01593,2026-03-25 10:52:27,6866,shopping,1,ios,0
T005185,U00987,2026-02-25 11:49:18,694,grocery,2,android,0
T010742,U00676,2026-02-03 11:36:28,982,fuel,3,android,0
T007805,U00038,2026-09-22 04:25:24,648,grocery,2,android,0
T005075,U01312,2026-04-24 05:00:13,3623,transfer,3,android,0
T012865,U01258,2026-01-22 21:27:40,277,grocery,1,ios,0
T013989,U00982,2026-08-08 17:41:41,222,recharge,1,ios,0
T000111,U01258,2026-04-25 14:34:46,2463,shopping,3,ios,0
T008646,U00399,2026-04-01 10:22:49,1234,grocery,2,ios,0
T011320,U00400,2026-02-24 11:25:14,4830,shopping,2,android,0
T007238,U00515,2026-07-14 13:50:31,64237,transfer,1,android,0
T003821,U00521,2026-06-18 02:32:34,6715,shopping,2,android,0
T008348,U02000,2026-05-21 10:45:28,2061,shopping,1,ios,0
T001134,U01606,2026-04-15 20:34:11,5118,transfer,3,android,0
T012908,U00369,2026-07-04 21:50:58,565,grocery,3,android,0
T005054,U00128,2026-05-17 13:18:24,7432,shopping,3,ios,0
T014436,U01997,2026-08-22 03:34:45,928,recharge,2,ios,0
T005808,U00581,2026-03-23 20:12:36,2907,fuel,2,ios,0
T008815,U00067,2026-02-08 17:42:04,1044,fuel,2,android,0
T006798,U00635,2026-03-08 21:21:55,1184,transfer,1,android,0
T013934,U01457,2026-04-20 02:26:20,1253,shopping,3,ios,0
T006427,U01826,2026-06-13 06:49:14,4834,transfer,2,ios,0
T007294,U01801,2026-03-31 06:10:13,465,grocery,2,android,0
T011301,U01685,2026-05-13 18:34:40,3469,recharge,2,ios,0
T000474,U01662,2026-09-23 16:09:57,5728,transfer,2,ios,0
T013952,U01206,2026-07-29 06:00:22,8591,transfer,1,android,0
T011514,U01149,2026-08-17 19:58:08,213,recharge,2,ios,0
T001486,U00956,2026-03-05 19:09:52,12503,transfer,3,android,0
T010794,U00117,2026-01-08 11:30:18,456,grocery,1,ios,0
T002304,U01813,2026-06-16 04:52:30,5186,transfer,2,android,0
T008727,U00041,2026-04-03 01:25:33,848,shopping,3,ios,0
T002359,U00105,2026-09-09 15:55:47,2243,shopping,2,android,0
T015090,U00517,2026-03-01 08:28:00,5000,transfer,3,web,1
T009823,U01981,2026-09-18 12:31:03,1125,fuel,1,android,0
T012077,U00856,2026-02-20 22:42:54,69,recharge,2,ios,0
T005985,U00878,2026-09-09 12:26:33,1302,recharge,2,android,0
T002256,U01634,2026-01-17 14:08:47,560,grocery,3,ios,0
T011084,U01565,2026-01-31 14:51:49,3449,transfer,3,ios,0
T009592,U00289,2026-03-25 14:20:54,470,recharge,2,ios,0
T004631,U00993,2026-03-21 14:36:23,2464,fuel,2,ios,0
T006880,U01851,2026-03-08 04:53:35,18803,transfer,1,android,0
T005341,U01543,2026-05-26 05:15:11,273,fuel,3,android,0
T005983,U00358,2026-02-26 17:01:17,19054,shopping,2,ios,0
T001960,U00931,2026-04-02 22:38:49,9438,transfer,1,ios,0
T003492,U01228,2026-06-25 06:28:02,8359,transfer,2,ios,0
T009236,U00218,2026-03-14 11:29:23,65,recharge,2,ios,0
T013824,U00770,2026-08-29 12:16:02,3523,grocery,3,ios,0
T006133,U00714,2026-09-14 12:29:42,7882,transfer,1,ios,0
T010913,U00519,2026-09-18 06:51:18,1812,shopping,3,android,0
T014412,U01157,2026-04-04 03:56:51,814,grocery,3,ios,0
T007306,U01229,2026-04-03 17:59:32,646,grocery,2,ios,0
T005601,U01823,2026-09-24 18:48:32,2234,shopping,2,android,0
T004805,U01970,2026-05-18 12:30:49,187,recharge,3,android,0
T013535,U01881,2026-05-09 22:46:24,178,recharge,2,ios,0
T003427,U00513,2026-06-01 02:15:06,766,recharge,3,android,0
T006614,U00399,2026-08-21 04:45:39,4885,transfer,1,ios,0
T000516,U00606,2026-08-11 19:31:43,18084,transfer,2,ios,0
T011048,U00520,2026-01-21 07:54:52,5590,shopping,1,android,0
T012241,U01988,2026-09-13 17:28:10,1229,fuel,3,android,0
T003311,U01167,2026-05-15 15:17:11,128,recharge,1,android,0
T003255,U00549,2026-02-08 17:29:09,3533,shopping,2,android,0
T009257,U00916,2026-04-29 07:05:50,538,grocery,3,android,0
T006426,U00572,2026-03-17 01:40:06,4530,shopping,3,android,0
T003357,U01935,2026-06-14 05:28:19,269,recharge,2,ios,0
T000485,U00668,2026-02-08 02:01:26,751,fuel,1,ios,0
T005589,U01774,2026-05-18 03:55:14,5920,shopping,2,android,0
T005600,U01029,2026-08-10 04:06:16,479,fuel,1,android,0
T014534,U00108,2026-06-17 10:34:02,822,shopping,1,android,0
T008916,U00376,2026-05-01 22:07:03,2547,transfer,1,ios,0
T002765,U01450,2026-08-27 06:59:46,2410,transfer,3,ios,0
T007360,U01109,2026-06-27 05:52:53,1407,grocery,1,ios,0
T003728,U00423,2026-05-06 03:57:17,412,grocery,3,android,0
T004832,U00887,2026-07-08 01:00:16,2306,recharge,2,android,0
T014929,U00683,2026-06-19 12:46:06,4251,transfer,1,android,0
T000347,U00752,2026-04-27 15:01:17,875,shopping,1,ios,0
T014393,U00518,2026-08-30 19:45:46,2601,fuel,3,android,0
T010260,U00354,2026-09-22 19:37:14,699,grocery,3,android,0
T004150,U00417,2026-05-19 00:34:46,8927,shopping,3,android,0
T002612,U01052,2026-02-20 00:12:12,956,shopping,3,ios,0
T001892,U01669,2026-02-11 22:15:52,683,fuel,1,android,0
T005795,U01286,2026-03-21 08:55:02,1142,recharge,1,ios,0
T009521,U00737,2026-04-18 06:50:19,2397,fuel,2,ios,0
T013330,U01589,2026-09-03 09:01:59,440,grocery,3,ios,0
T009636,U01206,2026-08-25 02:59:19,413,grocery,3,android,0
T009689,U01540,2026-04-03 01:00:31,1227,fuel,2,android,0
T011811,U01560,2026-09-21 22:26:57,22956,shopping,3,android,0
T006369,U01882,2026-02-11 00:13:02,906,grocery,3,android,0
T005233,U00059,2026-06-08 11:01:27,25815,transfer,2,ios,0
T013538,U00161,2026-03-09 05:20:27,524,fuel,1,android,0
T009969,U01815,2026-08-30 19:54:04,462,grocery,1,ios,0
T004842,U00978,2026-07-02 12:54:56,16596,transfer,2,ios,0
T010241,U00226,2026-03-07 09:29:08,6194,fuel,3,android,0
T012756,U01756,2026-09-23 02:09:17,130,recharge,2,android,0
T005876,U01918,2026-04-14 06:49:41,853,fuel,1,android,0
T009327,U01554,2026-04-11 07:19:01,18005,transfer,2,ios,0
T010635,U01910,2026-06-15 10:32:49,1168,grocery,2,android,0
T011846,U01260,2026-08-13 11:07:12,199,recharge,1,android,0
T009652,U01630,2026-07-31 05:22:17,166,recharge,2,ios,0
T005016,U00055,2026-09-11 07:59:43,1372,shopping,1,android,0
T013922,U00427,2026-08-10 23:24:21,431,recharge,2,android,0
T007321,U00656,2026-02-02 09:03:55,6172,transfer,1,ios,0
T011478,U00622,2026-09-19 06:04:23,211,recharge,1,ios,0
T008301,U01229,2026-01-13 16:19:49,367,grocery,2,ios,0
T002704,U00423,2026-01-26 05:07:31,1265,shopping,1,android,0
T000226,U00526,2026-07-20 17:33:26,5539,shopping,3,android,0
T011769,U00433,2026-03-23 22:38:47,516,recharge,2,android,0
T009555,U00120,2026-06-27 17:47:31,639,grocery,2,ios,0
T014010,U00389,2026-07-23 14:00:56,324,grocery,2,web,0
T014819,U00200,2026-02-11 05:19:27,277,grocery,3,android,0
T010430,U00694,2026-07-07 19:43:37,188,transfer,1,ios,0
T012858,U01354,2026-05-15 16:21:32,4996,shopping,1,ios,0
T011791,U00623,2026-02-21 06:41:01,2192,shopping,3,android,0
T005173,U01772,2026-01-05 22:23:25,907,grocery,3,web,1
T001731,U00856,2026-03-25 20:23:51,1646,grocery,3,ios,0
T005841,U00639,2026-05-20 01:45:09,12415,transfer,2,android,0
T003934,U01672,2026-04-04 06:26:09,6077,grocery,1,android,0
T005478,U00611,2026-07-01 02:57:42,19692,transfer,3,ios,0
T009469,U00437,2026-05-09 19:20:53,3846,shopping,2,ios,0
T003245,U00018,2026-07-30 10:53:33,1638,fuel,1,android,0
T006515,U01838,2026-09-08 03:38:31,10220,transfer,1,ios,0
T012431,U00617,2026-01-13 21:58:56,381,fuel,3,android,0
T000294,U01171,2026-02-08 18:51:12,8548,fuel,3,ios,0
T002934,U00720,2026-02-21 12:26:11,1784,grocery,2,ios,0
T011270,U01685,2026-02-07 08:18:58,11649,transfer,1,ios,0
T004437,U01393,2026-01-08 21:04:02,5531,shopping,3,android,0
T012418,U00168,2026-06-24 20:49:57,3280,shopping,2,android,0
T006709,U00623,2026-05-13 18:23:07,1646,recharge,3,android,0
T006506,U01874,2026-06-16 00:15:51,1002,grocery,3,ios,0
T009859,U00445,2026-06-19 08:02:28,176,fuel,1,ios,0
T006912,U00013,2026-05-11 23:41:46,401,recharge,1,android,0
T010981,U01825,2026-01-28 07:20:49,275,fuel,3,android,0
T013154,U00308,2026-01-27 18:01:31,126,recharge,2,android,0
T009075,U00543,2026-01-27 20:04:40,594,grocery,1,android,0
T002817,U01900,2026-07-05 13:38:11,6467,transfer,1,android,0
T014667,U00120,2026-05-10 04:34:36,1457,shopping,3,ios,0
T013511,U00037,2026-07-17 12:29:22,2209,shopping,2,ios,0
T008677,U00020,2026-05-21 09:00:10,6158,transfer,3,ios,0
T001959,U00746,2026-06-16 12:16:47,324,grocery,2,ios,0
T008644,U01449,2026-08-10 22:58:22,3027,fuel,3,ios,0
T000684,U00292,2026-02-16 23:29:14,2012,transfer,2,android,0
T013756,U01242,2026-05-14 04:19:22,592,recharge,2,android,0
T002779,U00049,2026-05-08 22:29:41,194,recharge,1,android,0
T011319,U00649,2026-07-28 00:31:09,5974,transfer,3,ios,0
T003957,U01758,2026-04-12 03:30:01,6680,transfer,3,ios,0
T013450,U00916,2026-03-08 17:17:35,397,grocery,2,android,0
T009087,U01545,2026-08-07 17:01:19,4131,shopping,2,ios,0
T000706,U00512,2026-01-25 09:44:58,1860,fuel,1,ios,0
T007053,U01317,2026-07-03 20:46:22,4684,shopping,1,android,0
T006884,U01815,2026-01-17 17:59:39,961,fuel,1,ios,0
T010402,U01708,2026-04-13 14:51:08,4949,shopping,3,android,0
T012502,U01223,2026-01-27 03:19:37,93,recharge,2,android,0
T008033,U01175,2026-08-18 02:38:09,1702,fuel,3,ios,0
T000434,U00591,2026-09-09 04:42:32,2000,fuel,1,web,1
T002402,U00360,2026-01-04 01:17:39,344,grocery,2,web,0
T008697,U01271,2026-04-15 21:35:39,267,recharge,3,ios,0
T008993,U01705,2026-04-26 11:18:53,733,grocery,1,android,0
T014463,U00339,2026-04-27 09:02:14,13908,shopping,2,android,0
T004097,U00663,2026-02-21 00:46:56,1604,shopping,2,android,0
T014234,U01267,2026-09-06 04:06:08,2092,transfer,1,android,0
T012486,U01653,2026-09-02 15:26:56,1583,grocery,1,ios,0
T000104,U00441,2026-04-07 09:34:00,990,recharge,1,ios,0
T011354,U00983,2026-08-14 03:22:18,371,grocery,1,ios,0
T010197,U00350,2026-01-25 17:34:51,1207,fuel,3,ios,0
T008985,U01201,2026-05-03 23:51:47,435,grocery,1,ios,0
T010027,U00511,2026-09-19 10:04:14,483,grocery,1,ios,0
T001010,U01503,2026-09-30 00:51:54,1647,grocery,1,android,0
T012925,U01133,2026-05-27 13:28:52,689,fuel,1,android,0
T013449,U01602,2026-09-16 22:02:50,1294,shopping,3,android,0
T007935,U01337,2026-05-13 23:53:36,2793,fuel,1,ios,0
T008500,U00595,2026-07-18 09:53:14,9342,transfer,3,ios,0
T011908,U01848,2026-05-11 14:23:37,826,shopping,3,android,0
T014759,U00910,2026-04-16 18:33:08,602,grocery,1,ios,0
T004985,U00834,2026-04-02 21:14:10,6226,shopping,3,android,0
T001997,U00265,2026-05-18 10:15:58,10953,transfer,3,android,0
T009547,U00658,2026-03-04 05:23:05,3417,fuel,3,android,0
T012204,U01974,2026-02-22 10:44:46,2582,fuel,2,android,0
T006004,U01708,2026-07-13 02:26:44,818,shopping,3,android,0
T003204,U01171,2026-06-26 21:31:35,602,grocery,3,ios,0
T002922,U01323,2026-03-27 00:00:52,75,recharge,2,ios,0
T006112,U01418,2026-08-11 03:22:49,138,recharge,3,ios,0
T012582,U01064,2026-01-28 07:43:00,161,recharge,2,ios,0
T006098,U00860,2026-06-02 07:16:46,171,recharge,1,android,0
T011965,U00549,2026-08-21 23:51:00,2933,shopping,1,android,0
T000817,U00944,2026-04-26 06:35:45,846,recharge,1,ios,0
T000458,U00156,2026-09-26 19:58:18,3611,transfer,2,android,0
T012998,U01032,2026-02-06 01:26:24,505,fuel,2,android,0
T014138,U01280,2026-04-20 20:31:33,852,grocery,3,ios,0
T002173,U00289,2026-03-17 01:45:38,2470,transfer,1,ios,0
T004507,U00096,2026-02-08 16:21:49,236,recharge,1,android,0
T011088,U01884,2026-05-10 17:56:28,1030,grocery,3,ios,0
T015034,U00606,2026-01-11 23:49:00,1000,transfer,2,web,1
T001522,U00999,2026-08-06 13:19:39,26193,transfer,3,android,0
T011179,U01457,2026-03-26 05:25:27,259,recharge,3,ios,0
T004909,U00879,2026-03-27 10:12:18,1908,shopping,1,ios,0
T002369,U01975,2026-02-17 04:51:01,1258,fuel,1,web,0
T012460,U01692,2026-09-06 13:59:06,648,grocery,3,android,0
T010171,U00728,2026-04-23 04:05:01,231,fuel,2,android,0
T011493,U00316,2026-08-03 23:14:37,4968,grocery,2,ios,0
T006819,U01043,2026-02-26 23:24:26,2974,transfer,1,web,0
T010935,U01819,2026-02-09 18:16:46,298,recharge,1,ios,0
T012118,U01375,2026-03-29 05:26:59,1143,shopping,2,ios,0
T011605,U01992,2026-09-01 19:30:31,36,recharge,2,android,0
T006061,U00777,2026-09-15 09:18:55,195,recharge,1,android,0
T012639,U00293,2026-08-16 12:36:14,5258,fuel,1,ios,0
T003291,U01095,2026-04-14 14:30:21,9928,transfer,1,ios,0
T005305,U00110,2026-09-16 01:52:39,828,shopping,3,ios,0
T007444,U01430,2026-06-24 04:56:25,3909,grocery,3,android,0
T012384,U00658,2026-08-21 15:29:02,179,grocery,3,android,0
T002087,U00250,2026-09-14 07:33:54,567,shopping,2,ios,0
T012495,U01819,2026-02-08 06:30:18,2007,transfer,3,ios,0
T004391,U01922,2026-04-01 00:27:46,629,recharge,2,android,0
T001619,U00756,2026-03-15 01:02:15,456,fuel,1,ios,0
T008590,U00557,2026-06-29 00:31:45,1337,shopping,3,ios,0
T010933,U00265,2026-04-23 19:23:32,1652,grocery,2,android,0
T001996,U01824,2026-04-20 17:16:23,824,shopping,2,ios,0
T011608,U00317,2026-05-14 01:15:20,3046,shopping,3,ios,0
T009356,U01856,2026-09-13 23:42:02,2320,shopping,1,android,0
T009276,U00613,2026-05-26 02:31:25,2360,shopping,1,ios,0
T010826,U00110,2026-09-11 00:03:51,1911,shopping,2,ios,0
T005195,U00175,2026-02-28 21:59:08,1783,fuel,2,android,0
T005155,U01069,2026-09-16 06:22:51,577,grocery,2,ios,0
T013459,U00726,2026-06-04 06:31:38,12992,transfer,1,android,0
T006114,U01655,2026-01-01 22:45:03,106,recharge,2,ios,0
T000888,U00933,2026-04-11 12:30:48,1693,shopping,3,android,0
T002233,U01354,2026-07-07 10:26:46,361,fuel,2,ios,0
T003402,U00377,2026-01-25 21:01:15,2569,grocery,2,ios,0
T010321,U01029,2026-06-19 17:10:58,162,recharge,3,android,0
T014770,U01576,2026-03-01 13:10:17,2455,fuel,3,android,0
T002110,U00891,2026-04-12 15:27:21,993,fuel,2,ios,0
T001274,U01531,2026-03-30 10:09:09,1369,fuel,1,ios,0
T006075,U01190,2026-08-21 13:08:46,6243,transfer,1,ios,0
T003386,U00493,2026-08-31 13:51:29,9839,transfer,3,android,0
T004333,U00294,2026-07-15 13:02:23,413,recharge,1,android,0
T005594,U00213,2026-06-27 03:11:45,91,grocery,2,ios,0
T001772,U01424,2026-03-11 12:47:42,2040,transfer,1,ios,0
T004871,U00122,2026-06-17 20:35:46,655,recharge,3,android,0
T003362,U00931,2026-06-16 01:15:32,2139,fuel,3,ios,0
T001150,U01074,2026-03-11 14:30:19,14579,transfer,1,ios,0
T007891,U00012,2026-03-16 03:33:04,947,shopping,3,android,0
T004455,U00408,2026-04-09 22:12:14,598,grocery,2,android,0
T007137,U00862,2026-04-01 08:10:55,162,recharge,3,android,0
T004154,U01642,2026-07-23 23:19:06,2364,shopping,2,ios,0
T006352,U00334,2026-01-06 17:26:32,1066,shopping,3,android,0
T003596,U00638,2026-04-17 04:55:31,5535,transfer,2,ios,0
T008514,U01736,2026-04-20 12:29:45,6471,shopping,1,ios,0
T011865,U00055,2026-08-26 13:48:21,1229,shopping,2,android,0
T003610,U01399,2026-01-28 01:01:42,33,recharge,1,ios,0
T002763,U00796,2026-05-14 17:59:04,186,grocery,2,android,0
T000571,U01688,2026-06-18 03:01:05,431,recharge,3,android,0
T006361,U00562,2026-05-29 06:32:32,373,recharge,2,android,0
T003892,U00264,2026-01-01 14:34:33,226,fuel,1,android,0
T001963,U00944,2026-02-05 00:50:23,6791,transfer,2,ios,0
T002997,U01620,2026-02-06 20:43:34,356,recharge,2,ios,0
T004168,U01413,2026-07-09 21:28:01,1344,fuel,1,android,0
T006273,U00614,2026-03-04 13:37:25,781,fuel,2,ios,0
T011488,U00144,2026-07-05 19:36:39,3495,grocery,3,ios,0
T003234,U00897,2026-02-24 14:15:07,2956,shopping,2,ios,0
T009566,U00680,2026-07-26 16:37:04,650,grocery,1,android,0
T008667,U00926,2026-08-10 23:40:26,286,grocery,1,ios,0
T001800,U01259,2026-06-16 06:14:56,350,grocery,1,android,0
T010718,U00954,2026-03-05 01:53:22,647,recharge,3,ios,0
T001108,U01011,2026-07-23 23:09:34,659,recharge,1,android,0
T005227,U01259,2026-01-02 04:43:05,4038,shopping,2,android,0
T002515,U01238,2026-08-16 07:27:29,875,shopping,3,ios,0
T000527,U00615,2026-04-22 17:27:22,3887,transfer,1,ios,0
T004706,U00310,2026-08-26 02:58:12,2055,shopping,2,ios,0
T001200,U01340,2026-04-28 15:44:26,3191,transfer,2,ios,0
T008844,U00572,2026-05-11 06:58:52,866,grocery,3,android,0
T012438,U01193,2026-08-09 11:09:48,1569,shopping,1,android,0
T009787,U00660,2026-08-22 10:23:25,1421,fuel,3,android,0
T005613,U01092,2026-03-14 11:20:07,2717,fuel,2,android,0
T006815,U00439,2026-09-08 05:05:07,3536,shopping,3,android,0
T012106,U00851,2026-09-01 20:22:37,3214,grocery,2,android,0
T008256,U00074,2026-03-10 10:20:44,1068,grocery,3,ios,0
T013878,U00076,2026-09-23 21:21:00,2539,transfer,3,android,0
T002761,U00587,2026-02-16 04:53:04,223,fuel,1,ios,0
T002501,U00357,2026-05-07 16:51:39,811,recharge,2,android,0
T003942,U01165,2026-03-23 20:58:27,2673,transfer,3,android,0
T003958,U00308,2026-07-23 17:21:38,2037,grocery,1,android,0
T002224,U01029,2026-02-02 15:14:52,274,recharge,2,android,0
T012976,U01824,2026-06-11 15:03:14,3061,transfer,2,ios,0
T008555,U00381,2026-06-21 18:07:16,365,fuel,1,ios,0
T000006,U01530,2026-03-21 10:12:02,4053,transfer,1,android,0
T003872,U01402,2026-06-18 14:02:55,1157,fuel,2,ios,0
T002872,U00033,2026-03-01 03:54:13,540,grocery,3,ios,0
T008755,U00235,2026-04-22 13:17:37,5682,grocery,3,android,0
T004860,U01972,2026-01-18 22:27:33,79,recharge,1,ios,0
T007556,U00632,2026-05-17 01:59:29,2322,grocery,2,ios,0
T007618,U00630,2026-08-02 08:00:26,97,recharge,1,ios,0
T015002,U00671,2026-07-25 05:22:00,10000,transfer,3,web,1
T001564,U00978,2026-05-09 17:21:36,120,grocery,2,ios,0
T009346,U00615,2026-05-12 20:17:09,5133,shopping,2,ios,0
T000923,U01999,2026-09-26 21:53:01,2328,shopping,3,ios,0
T001777,U00817,2026-04-03 05:29:21,770,fuel,3,android,0
T006034,U01027,2026-03-19 22:05:58,202,fuel,1,ios,0
T013699,U00878,2026-06-19 02:47:49,771,grocery,1,android,0
T006914,U00069,2026-04-13 01:06:31,1788,shopping,3,android,0
T008048,U00786,2026-06-28 17:39:57,14738,transfer,2,ios,0
T006909,U01453,2026-08-19 10:36:58,792,fuel,1,android,0
T003125,U00503,2026-07-18 01:06:31,310,recharge,1,ios,0
T000430,U01932,2026-05-14 16:46:43,7106,transfer,3,ios,0
T011681,U00454,2026-06-18 13:12:30,20960,transfer,2,ios,0
T013367,U01605,2026-04-27 11:04:46,1583,shopping,2,ios,0
T012752,U01591,2026-06-17 01:04:35,511,shopping,2,ios,0
T013370,U01054,2026-08-27 07:12:12,90,recharge,3,android,0
T006783,U01955,2026-02-23 19:43:09,1004,shopping,2,android,0
T010443,U00428,2026-06-30 10:35:34,603,grocery,2,ios,0
T003686,U01670,2026-06-06 14:48:40,308,recharge,2,android,0
T010437,U01602,2026-07-13 08:26:22,3953,transfer,1,android,0
T003433,U00100,2026-07-08 15:31:05,15281,fuel,1,ios,0
T008206,U00020,2026-03-21 04:14:08,6500,transfer,3,ios,0
T006795,U01421,2026-04-13 00:04:18,7159,shopping,1,ios,0
T012880,U00597,2026-03-14 15:31:31,4965,grocery,3,android,0
T011315,U01222,2026-05-18 04:46:11,629,fuel,3,ios,0
T009059,U00886,2026-03-04 22:57:54,245,grocery,2,android,0
T000551,U00408,2026-06-07 00:14:48,484,recharge,1,android,0
T004586,U00610,2026-05-15 02:43:12,2022,shopping,1,ios,0
T014479,U01451,2026-09-07 12:55:20,3382,shopping,2,ios,0
T006035,U01446,2026-06-27 09:17:58,9819,transfer,1,android,0
T005486,U01724,2026-03-02 12:55:56,101,recharge,2,android,0
T012242,U01617,2026-08-14 08:53:16,505,recharge,1,android,0
T009035,U00505,2026-06-05 07:18:30,1039,grocery,1,android,0
T000763,U01301,2026-09-14 08:01:20,6835,shopping,3,android,0
T001601,U01757,2026-07-25 08:10:07,3397,shopping,2,android,0
T013348,U00287,2026-03-10 01:07:22,2125,shopping,1,android,0
T010689,U01691,2026-08-21 13:59:12,1713,grocery,1,ios,0
T008171,U00370,2026-08-28 16:41:40,941,shopping,3,ios,0
T011825,U00142,2026-01-15 03:46:04,579,shopping,1,android,0
T010502,U01201,2026-06-27 18:25:07,2596,shopping,1,ios,0
T002445,U00615,2026-03-15 06:50:20,6008,transfer,1,ios,0
T000556,U00955,2026-07-10 09:27:52,1524,fuel,2,android,0
T003834,U00067,2026-01-22 17:10:20,6579,shopping,1,android,0
T004667,U00433,2026-05-20 17:28:32,976,recharge,2,android,0
T005419,U00392,2026-01-30 17:33:45,2387,fuel,3,android,0
T014840,U00416,2026-07-04 13:51:24,3490,shopping,1,ios,0
T014108,U01372,2026-01-28 18:21:24,1374,shopping,2,android,0
T006668,U01957,2026-01-12 02:45:03,6954,shopping,1,android,0
T002174,U00583,2026-03-26 06:11:47,2510,fuel,3,ios,0
T012762,U00122,2026-07-07 11:00:17,6711,transfer,3,android,0
T004671,U00565,2026-01-18 11:47:31,2614,transfer,3,ios,0
T005770,U01129,2026-04-28 22:07:45,611,grocery,1,android,0
T011369,U00323,2026-03-22 08:11:24,838,shopping,1,android,0
T007282,U01755,2026-05-29 11:40:41,1976,grocery,2,ios,0
T000804,U00385,2026-05-06 02:58:06,249,grocery,3,ios,0
T005237,U00806,2026-04-15 04:56:26,1342,grocery,2,android,0
T003293,U00763,2026-07-18 07:59:31,765,grocery,1,ios,0
T011587,U00364,2026-05-31 04:32:35,2575,transfer,3,android,0
T014421,U00307,2026-07-26 04:23:08,462,grocery,1,android,0
T008708,U00525,2026-03-23 00:35:53,668,recharge,3,android,0
T000693,U01643,2026-09-04 16:12:44,67,recharge,3,ios,0
T009371,U00681,2026-04-08 02:01:09,556,grocery,1,android,0
T000622,U01290,2026-06-19 20:26:56,3754,shopping,1,ios,0
T006203,U00306,2026-02-03 12:39:09,306,recharge,1,ios,0
T011873,U00908,2026-05-23 04:45:54,371,recharge,2,android,0
T004466,U00589,2026-02-19 17:26:05,2896,shopping,2,ios,0
T011338,U01934,2026-03-05 17:49:53,3947,fuel,2,ios,0
T010487,U01841,2026-07-24 11:27:19,2863,transfer,3,ios,0
T009080,U00945,2026-08-02 09:21:49,506,recharge,3,android,0
T012279,U01468,2026-01-06 06:39:10,574,fuel,3,ios,0
T011808,U01903,2026-05-25 08:06:20,2841,shopping,1,android,0
T005241,U00627,2026-02-10 21:26:56,653,shopping,2,ios,0
T001745,U00801,2026-06-24 09:13:01,2990,fuel,1,ios,0
T005871,U01196,2026-07-02 06:32:10,432,grocery,2,ios,0
T003939,U01389,2026-03-25 22:45:31,327,recharge,3,android,0
T011201,U00736,2026-07-08 00:54:47,301,recharge,2,android,0
T004372,U00551,2026-02-20 21:23:00,3118,shopping,3,ios,0
T001144,U00945,2026-02-01 15:01:21,15516,transfer,3,android,0
T006475,U01661,2026-06-23 10:31:35,289,recharge,1,android,0
T011629,U01679,2026-05-06 00:06:26,5398,transfer,1,android,0
T012365,U01946,2026-06-08 17:40:34,8688,fuel,3,android,0
T010721,U01771,2026-08-22 16:00:17,125,recharge,2,ios,0
T008069,U00436,2026-09-19 03:39:33,1802,shopping,1,ios,0
T000300,U00358,2026-07-18 05:41:16,277,recharge,2,ios,0
T006241,U00688,2026-05-09 18:14:12,614,recharge,3,ios,0
T001331,U00712,2026-07-23 00:31:35,1523,transfer,2,ios,0
T009334,U01781,2026-04-04 15:47:36,4645,transfer,1,ios,0
T003605,U00693,2026-06-14 15:53:09,3261,shopping,2,android,0
T002625,U00873,2026-05-04 14:33:37,1531,grocery,3,ios,0
T007254,U01796,2026-07-26 19:30:52,15901,transfer,3,ios,0
T010202,U01042,2026-06-09 12:12:42,931,recharge,2,android,0
T006395,U01944,2026-06-10 09:34:36,8297,transfer,1,android,0
T005830,U01491,2026-03-15 07:33:21,50000,shopping,2,ios,1
T007853,U00556,2026-04-22 17:47:49,2980,shopping,3,ios,0
T003056,U01857,2026-05-27 01:01:11,2606,transfer,2,ios,0
T011921,U00497,2026-02-05 18:57:30,33,recharge,1,ios,0
T011039,U01169,2026-03-16 06:27:57,2812,fuel,2,ios,0
T007206,U00189,2026-06-20 14:19:31,620,transfer,2,android,0
T014262,U00920,2026-03-19 14:42:03,229,recharge,1,ios,0
T001671,U01148,2026-08-14 12:09:54,29933,transfer,2,ios,0
T011859,U01617,2026-05-18 12:02:45,2496,transfer,3,android,0
T013259,U01265,2026-03-14 06:43:15,19206,transfer,1,android,0
T005015,U00719,2026-09-10 16:33:20,1468,transfer,2,android,0
T003216,U01725,2026-07-03 11:15:55,843,fuel,1,android,0
T013536,U00157,2026-07-05 09:32:55,1625,recharge,2,android,0
T008698,U00933,2026-08-11 06:00:43,16722,transfer,3,ios,0
T010476,U01496,2026-02-13 15:50:45,23494,shopping,3,ios,0
T009223,U01554,2026-08-09 07:32:57,9418,transfer,2,ios,0
T004794,U01073,2026-07-04 06:46:14,781,recharge,3,ios,0
T003152,U01065,2026-05-11 14:57:15,2424,fuel,3,android,0
T012180,U00262,2026-07-18 23:45:24,4070,shopping,3,android,0
T012598,U01800,2026-01-16 14:35:32,6180,transfer,2,android,0
T003994,U01334,2026-01-16 10:19:31,1842,transfer,3,ios,0
T011273,U00011,2026-08-08 13:27:05,21,recharge,2,ios,0
T014361,U00411,2026-08-10 05:40:15,4830,transfer,2,android,0
T000660,U00698,2026-07-29 16:32:13,1810,fuel,1,android,0
T012966,U00335,2026-08-19 13:04:54,2051,shopping,2,android,0
T008533,U01727,2026-04-07 04:52:50,10125,fuel,3,android,0
T013233,U00333,2026-05-20 19:55:39,511,grocery,2,ios,0
T012726,U01001,2026-06-06 02:27:27,744,shopping,2,android,0
T010743,U00194,2026-02-10 18:44:35,4360,fuel,3,android,0
T010364,U01042,2026-04-15 00:42:22,3152,shopping,2,android,0
T008208,U01248,2026-02-22 23:18:12,1332,transfer,3,ios,0
T003032,U00413,2026-08-23 18:25:20,173,recharge,3,ios,0
T001722,U01259,2026-05-24 21:53:45,626,grocery,1,android,0
T007351,U00787,2026-01-27 18:35:55,420,grocery,3,ios,0
T009954,U01279,2026-03-29 17:19:18,306,grocery,2,android,0
T001998,U00058,2026-01-26 12:57:15,543,fuel,3,android,0
T007440,U00350,2026-04-12 01:13:08,949,fuel,1,ios,0
T008681,U01953,2026-06-17 10:50:10,869,grocery,3,ios,0
T011471,U00449,2026-04-01 15:07:35,1769,shopping,2,android,0
T005373,U01864,2026-01-01 18:33:49,383,recharge,1,android,0
T002154,U00594,2026-01-08 04:38:04,45,recharge,2,ios,0
T000013,U00121,2026-01-29 20:48:34,5007,shopping,1,android,0
T000558,U00907,2026-08-05 04:30:29,15257,transfer,1,android,0
T012886,U01083,2026-09-26 03:26:54,293,grocery,1,ios,0
T011658,U01540,2026-07-25 20:23:22,6229,transfer,2,android,0
T013419,U00968,2026-01-07 14:41:26,2971,fuel,3,android,0
T009167,U01906,2026-05-02 11:00:53,3325,fuel,3,ios,0
T002926,U00443,2026-07-21 00:14:37,3555,transfer,2,android,0
T014825,U01262,2026-07-03 23:43:41,9725,shopping,3,android,0
T003107,U00251,2026-04-25 15:51:03,113,fuel,3,android,0
T013928,U00837,2026-08-04 00:29:15,173,grocery,3,android,0
T000488,U00553,2026-09-26 19:52:11,1738,fuel,2,android,0
T000098,U01732,2026-05-25 15:52:36,1938,shopping,2,android,0
T006030,U01350,2026-06-04 22:44:03,238,grocery,2,android,0
T004863,U00045,2026-03-10 07:48:16,3828,transfer,1,android,0
T004925,U00395,2026-05-20 17:04:03,5129,transfer,1,ios,0
T000224,U00602,2026-08-07 00:01:06,623,fuel,3,ios,0
T009958,U01725,2026-09-16 02:19:00,1529,shopping,1,android,0
T002549,U01991,2026-07-29 21:41:03,232,grocery,3,ios,0
T005814,U01961,2026-02-28 23:26:07,8836,transfer,1,android,0
T011796,U00236,2026-07-23 19:22:05,513,fuel,1,android,0
T010948,U00476,2026-01-13 14:07:17,1246,fuel,3,ios,0
T004724,U01009,2026-09-11 16:58:51,253,recharge,3,android,0
T009232,U01834,2026-02-07 20:14:12,22997,shopping,3,android,0
T004986,U01365,2026-03-02 05:57:56,395,shopping,3,ios,0
T005239,U00820,2026-09-24 05:23:55,1643,transfer,3,ios,0
T007529,U01058,2026-09-26 11:29:46,411,grocery,3,android,0
T002342,U00553,2026-02-01 06:29:49,4529,shopping,2,android,0
T011737,U01829,2026-06-04 10:11:36,1367,shopping,2,ios,0
T001223,U01228,2026-09-02 18:35:41,163,recharge,2,ios,0
T002097,U01182,2026-09-09 22:46:22,2781,shopping,3,ios,0
T003356,U00906,2026-06-14 07:48:09,1948,grocery,3,ios,0
T002394,U01521,2026-06-24 12:27:03,690,grocery,2,android,0
T006196,U01821,2026-05-28 16:18:52,2886,grocery,2,ios,0
T008714,U01360,2026-03-29 10:20:02,366,recharge,1,ios,0
T001391,U00330,2026-01-23 00:36:16,1543,fuel,3,android,0
T003660,U01984,2026-05-21 20:13:54,3192,shopping,2,web,0
T008539,U00477,2026-04-04 10:20:40,1274,grocery,1,ios,0
T013007,U00091,2026-04-14 06:44:22,98,recharge,2,android,0
T003156,U01193,2026-01-21 21:09:20,204,recharge,3,android,0
T014301,U00206,2026-08-18 12:00:05,780,recharge,2,ios,0
T003505,U01420,2026-01-16 11:44:17,5019,shopping,1,ios,0
T003259,U01326,2026-07-16 07:47:45,2073,fuel,2,ios,0
T004330,U01346,2026-05-05 19:56:31,197,recharge,2,android,0
T009903,U00264,2026-06-23 20:06:37,306,grocery,3,android,0
T008228,U00339,2026-06-21 06:20:33,662,grocery,1,android,0
T011805,U00430,2026-09-15 00:56:32,452,fuel,2,android,0
T009779,U00306,2026-07-18 01:23:23,335,recharge,3,ios,0
T010722,U00262,2026-08-17 22:05:05,887,shopping,1,android,0
T003094,U01853,2026-02-03 20:21:11,885,fuel,2,ios,0
T002669,U00665,2026-01-15 13:17:15,6276,transfer,3,android,0
T011322,U01146,2026-09-27 22:26:04,35369,transfer,3,ios,0
T012710,U01380,2026-01-26 21:00:18,1581,shopping,3,ios,0
T001689,U00803,2026-08-04 20:22:13,75,recharge,3,web,0
T011472,U01826,2026-01-16 12:03:33,573,grocery,2,ios,0
T003643,U01546,2026-03-11 17:32:19,873,fuel,1,android,0
T001802,U01637,2026-01-03 03:54:48,177,recharge,2,ios,0
T011770,U00039,2026-07-30 08:41:53,316,recharge,2,ios,0
T015009,U00499,2026-07-27 13:12:00,2000,transfer,1,web,1
T007405,U00010,2026-02-28 06:28:05,1747,shopping,2,android,0
T004212,U00471,2026-08-07 01:03:29,1870,recharge,2,ios,0
T003184,U01347,2026-05-27 15:35:15,1431,fuel,2,ios,0
T008998,U00002,2026-01-06 09:37:17,368,recharge,1,android,0
T006358,U01328,2026-04-01 07:56:07,331,recharge,2,ios,0
T000925,U00160,2026-05-11 06:49:21,108,recharge,3,android,0
T005932,U01527,2026-09-29 01:26:34,1455,fuel,1,ios,0
T014702,U01739,2026-01-01 12:48:39,1309,shopping,2,ios,0
T008546,U00280,2026-08-31 05:22:54,1333,transfer,1,ios,0
T002708,U00406,2026-04-13 05:55:42,218,fuel,3,ios,0
T014637,U00099,2026-04-19 03:09:13,257,fuel,3,android,0
T008499,U01830,2026-05-19 23:21:32,247,grocery,2,android,0
T014618,U00449,2026-05-29 23:03:05,1018,fuel,1,android,0
T013206,U00144,2026-09-18 11:04:09,11744,transfer,1,ios,0
T010055,U00760,2026-04-10 22:38:27,8174,transfer,2,android,0
T001900,U01940,2026-09-15 13:10:23,405,recharge,3,android,0
T014518,U01500,2026-04-27 07:38:04,2062,transfer,2,ios,0
T013793,U01443,2026-07-26 03:15:52,774,fuel,2,android,0
T013902,U01870,2026-05-21 17:55:23,100,recharge,3,ios,0
T002005,U01823,2026-04-23 05:27:06,556,fuel,3,android,0
T005557,U01036,2026-03-04 03:54:54,3600,shopping,2,ios,0
T009404,U00069,2026-06-27 17:54:47,411,recharge,3,android,0
T006386,U01954,2026-08-19 04:03:38,2411,fuel,1,ios,0
T013087,U01091,2026-04-30 05:52:38,2271,fuel,3,android,0
T010481,U00607,2026-02-25 21:47:13,359,grocery,1,ios,0
T009076,U00872,2026-03-30 08:24:12,1678,shopping,1,android,0
T002115,U01179,2026-07-22 20:58:50,17156,shopping,3,android,0
T000326,U00510,2026-08-29 06:11:16,2297,fuel,2,ios,0
T002613,U00990,2026-04-23 16:08:35,197,grocery,2,android,0
T013665,U00577,2026-01-19 13:40:10,4092,fuel,3,ios,0
T001042,U00411,2026-09-17 05:52:55,1113,transfer,2,android,0
T000735,U00085,2026-06-15 11:33:42,4377,transfer,3,android,0
T009018,U01894,2026-05-15 03:07:54,673,grocery,2,android,0
T012960,U01087,2026-01-14 00:08:40,7798,transfer,3,android,0
T009429,U01008,2026-06-11 00:10:48,1414,fuel,3,android,0
T008156,U01928,2026-05-12 02:37:02,1156,recharge,2,ios,0
T014908,U00160,2026-06-23 05:35:17,3397,shopping,3,android,0
T010587,U01038,2026-01-23 05:59:55,2544,grocery,1,ios,0
T001383,U00235,2026-07-09 17:29:35,188,grocery,1,android,0
T012542,U00556,2026-06-26 16:10:01,2463,fuel,3,ios,0
T001879,U01914,2026-09-19 21:18:31,2934,fuel,3,ios,0
T000688,U00914,2026-02-25 06:57:24,2051,grocery,3,android,0
T013701,U00559,2026-06-28 03:02:32,896,fuel,2,ios,0
T013032,U00440,2026-03-12 01:47:09,365,recharge,1,ios,0
T014903,U01018,2026-06-04 22:14:11,3210,fuel,2,android,0
T013496,U01635,2026-02-25 18:37:33,371,recharge,3,android,0
T011251,U00584,2026-04-17 09:05:52,593,shopping,2,android,0
T009568,U01731,2026-04-10 01:13:33,201,grocery,3,android,0
T002410,U00223,2026-03-29 07:54:22,365,shopping,1,ios,0
T015069,U00798,2026-07-07 05:45:00,1000,transfer,2,web,1
T002812,U00904,2026-02-15 22:21:13,147,recharge,1,android,0
T007366,U00766,2026-05-18 08:35:29,28260,transfer,3,android,0
T006306,U01313,2026-04-20 02:04:56,287,grocery,2,web,0
T001909,U00332,2026-05-22 10:28:25,778,grocery,2,android,0
T014471,U01675,2026-08-16 13:02:13,5427,transfer,1,ios,0
T014839,U00225,2026-01-21 02:55:50,1176,shopping,3,android,0
T000421,U00714,2026-02-09 23:23:51,1501,shopping,3,ios,0
T014170,U00495,2026-03-02 14:01:19,2169,shopping,3,android,0
T006545,U00136,2026-05-05 00:31:17,978,transfer,2,android,0
T000985,U00674,2026-05-05 21:10:04,6109,fuel,2,android,0
T014390,U00448,2026-07-16 00:34:07,621,recharge,1,ios,0
T005888,U01263,2026-04-22 18:02:56,4255,transfer,3,ios,0
T003860,U00105,2026-02-04 11:37:26,221,recharge,1,android,0
T010649,U01462,2026-08-04 21:56:31,617,grocery,1,ios,0
T005984,U00657,2026-04-23 10:37:36,1819,recharge,3,ios,0
T013114,U00369,2026-07-05 10:13:04,911,fuel,2,android,0
T007333,U00872,2026-02-25 14:43:50,2831,transfer,1,android,0
T007670,U00413,2026-01-31 09:31:20,2672,transfer,1,ios,0
T000078,U00584,2026-03-21 18:53:34,845,grocery,3,android,0
T007876,U01892,2026-09-25 05:01:08,2682,fuel,1,android,0
T007212,U01138,2026-07-04 00:57:49,2501,shopping,1,ios,0
T013125,U01558,2026-08-22 21:17:22,2197,fuel,2,ios,0
T008078,U00850,2026-03-02 16:16:33,322,fuel,3,ios,0
T007580,U01648,2026-09-15 12:35:54,1619,grocery,3,ios,0
T000711,U00107,2026-08-28 17:40:17,496,recharge,2,ios,0
T005625,U00402,2026-02-11 20:03:11,873,fuel,1,ios,0
T002659,U00301,2026-08-03 20:56:11,3097,shopping,3,android,0
T007004,U00926,2026-02-24 09:44:16,146,recharge,3,ios,0
T007295,U01857,2026-01-24 12:55:36,2893,transfer,2,ios,0
T013752,U00332,2026-08-29 03:38:26,2521,fuel,2,android,0
T013207,U00888,2026-07-27 13:18:23,750,recharge,2,ios,0
T004807,U01827,2026-09-15 06:57:28,7375,transfer,1,ios,0
T011592,U00168,2026-07-19 14:01:18,283,recharge,3,android,0
T013785,U00024,2026-07-10 07:41:15,63,recharge,3,ios,0
T002265,U00523,2026-09-23 05:37:36,259,recharge,1,android,0
T004315,U00847,2026-06-26 16:09:22,2515,transfer,2,android,0
T013949,U01673,2026-01-13 05:12:54,283,recharge,1,ios,0
T005169,U01706,2026-02-17 10:50:43,8948,shopping,1,ios,0
T004844,U00260,2026-06-21 11:27:00,2078,shopping,3,android,0
T003932,U00822,2026-07-10 15:07:11,241,recharge,2,ios,0
T009907,U01118,2026-09-08 11:42:28,1107,transfer,1,ios,0
T010036,U01602,2026-05-12 15:08:42,2572,fuel,3,android,0
T011900,U01664,2026-02-09 20:24:27,10244,transfer,1,android,0
T001227,U00284,2026-02-01 06:22:06,4438,shopping,3,ios,0
T014425,U01192,2026-02-21 02:09:29,465,recharge,1,ios,0
T011761,U01436,2026-03-11 04:44:30,6240,transfer,2,ios,0
T012790,U01260,2026-02-24 11:32:57,1611,shopping,2,android,0
T003085,U00169,2026-06-07 18:52:18,415,shopping,3,android,0
T012191,U01859,2026-04-28 03:56:04,14113,transfer,1,android,0
T010917,U01459,2026-03-12 16:14:57,473,recharge,1,android,0
T013802,U01456,2026-06-22 01:22:34,17824,transfer,3,android,0
T010423,U00416,2026-03-07 08:01:09,467,recharge,2,ios,0
T013198,U00526,2026-06-06 19:19:41,2863,shopping,3,android,0
T014289,U01544,2026-03-22 04:02:53,646,shopping,3,ios,0
T009641,U01858,2026-07-02 18:29:59,1287,shopping,2,ios,0
T001818,U01925,2026-07-09 22:46:20,570,recharge,2,ios,0
T004009,U01382,2026-05-05 08:04:56,4377,transfer,3,ios,0
T002391,U00974,2026-09-18 21:50:03,10966,shopping,1,android,0
T001055,U00177,2026-09-17 16:20:47,6669,shopping,1,ios,0
T004506,U00822,2026-04-23 10:06:34,342,grocery,3,ios,0
T001895,U01263,2026-01-13 06:12:52,5353,grocery,2,ios,0
T004470,U01417,2026-04-08 15:26:42,429,grocery,2,ios,0
T004462,U00345,2026-03-01 00:21:59,8979,transfer,2,ios,0
T012020,U00450,2026-06-24 15:21:43,652,fuel,1,ios,0
T002383,U00290,2026-02-09 12:20:16,2050,grocery,2,ios,0
T000387,U00860,2026-06-23 07:25:41,200,recharge,2,android,0
T013186,U01570,2026-01-05 09:11:08,7254,fuel,1,android,0
T013205,U00896,2026-09-09 17:49:53,13268,transfer,3,ios,0
T008234,U01816,2026-07-25 10:33:28,989,grocery,1,android,0
T004891,U01637,2026-03-03 20:42:15,2121,shopping,3,ios,0
T008576,U01854,2026-05-21 20:46:59,747,fuel,1,ios,0
T002781,U00840,2026-09-02 04:54:57,1352,transfer,2,ios,0
T008250,U01022,2026-03-25 03:41:28,197,recharge,3,android,0
T000106,U00194,2026-02-24 06:57:56,8733,transfer,1,android,0
T001947,U00592,2026-08-03 18:38:12,496,grocery,3,android,0
T012514,U00293,2026-01-01 00:03:34,3189,transfer,3,ios,0
T011435,U00890,2026-02-14 15:31:48,2050,transfer,3,ios,0
T006398,U00558,2026-08-27 11:56:50,2201,shopping,3,android,0
T014404,U01904,2026-06-14 03:40:11,898,fuel,2,ios,0
T013608,U00132,2026-03-21 19:10:08,432,recharge,3,android,0
T001441,U01267,2026-02-20 06:21:25,5359,transfer,3,android,0
T006943,U00020,2026-03-20 12:42:24,2987,transfer,3,ios,0
T007250,U01274,2026-01-16 04:21:44,432,recharge,2,ios,0
T005209,U01703,2026-09-27 22:03:16,1022,fuel,1,ios,0
T014886,U01082,2026-03-08 08:28:59,278,grocery,2,android,0
T001543,U00473,2026-01-10 10:16:06,9667,transfer,3,ios,0
T003466,U00374,2026-09-24 08:44:40,220,grocery,3,ios,0
T013441,U01223,2026-01-01 01:24:36,3806,transfer,2,android,0
T008601,U00707,2026-06-16 15:57:19,2323,shopping,3,ios,0
T012416,U00703,2026-09-23 21:33:18,1770,transfer,1,ios,0
T009946,U00054,2026-01-09 13:02:44,100,recharge,1,ios,0
T002822,U00532,2026-09-01 06:10:59,5027,transfer,2,ios,0
T013021,U01950,2026-03-16 23:46:30,232,grocery,3,ios,0
T011550,U01630,2026-09-25 13:45:20,1183,grocery,1,ios,0
T013458,U00862,2026-02-27 02:10:04,208,recharge,2,android,0
T011355,U01202,2026-07-29 06:15:08,399,recharge,2,android,0
T006976,U01833,2026-01-16 22:23:02,7189,fuel,2,android,0
T007395,U00734,2026-02-09 12:33:27,6063,shopping,3,ios,0
T013804,U00102,2026-07-12 05:24:42,209,recharge,2,ios,0
T013758,U01687,2026-08-06 15:56:28,553,recharge,3,android,0
T011635,U01420,2026-06-22 13:55:00,117,grocery,1,ios,0
T002838,U01890,2026-06-22 22:11:22,9207,transfer,2,ios,0
T007584,U00683,2026-09-27 13:20:30,7530,transfer,2,android,0
T006175,U01887,2026-04-30 21:11:13,331,grocery,1,android,0
T007684,U01636,2026-03-30 06:57:39,1706,fuel,3,ios,0
T009237,U00274,2026-02-09 01:28:18,780,grocery,2,android,0
T007843,U01545,2026-08-30 21:12:14,393,grocery,2,ios,0
T009747,U01786,2026-09-17 22:08:47,4028,shopping,2,ios,0
T011030,U00430,2026-02-04 18:30:39,6553,transfer,3,android,0
T009944,U01315,2026-06-07 11:35:12,5814,fuel,1,android,0
T004619,U00021,2026-09-23 18:05:07,172,grocery,3,ios,0
T003733,U00260,2026-02-27 01:03:28,3746,grocery,1,android,0
T000465,U01964,2026-05-13 01:36:53,241,grocery,2,android,0
T002630,U01682,2026-04-16 22:05:00,1856,shopping,2,ios,0
T000352,U01157,2026-03-27 17:58:43,290,fuel,2,ios,0
T000494,U00927,2026-01-05 19:47:26,8265,transfer,1,ios,0
T014263,U01652,2026-01-08 17:56:25,368,shopping,3,ios,0
T000467,U00219,2026-09-03 18:02:31,265,recharge,2,ios,0
T004211,U01332,2026-06-15 22:12:12,3300,shopping,2,android,0
T006234,U00319,2026-09-06 22:15:21,244,recharge,1,android,0
T013861,U00834,2026-05-25 22:38:02,1509,recharge,1,android,0
T003407,U01528,2026-03-15 22:39:46,12587,shopping,1,web,1
T006400,U00911,2026-05-21 10:30:11,1085,transfer,1,ios,0
T008934,U00766,2026-06-20 20:58:29,286,recharge,1,android,0
T002242,U01688,2026-08-10 18:14:32,3071,transfer,2,web,0
T011852,U01376,2026-06-11 08:27:26,7119,transfer,1,android,0
T004587,U01337,2026-04-02 06:30:12,1259,fuel,2,ios,0
T007070,U00550,2026-08-13 12:42:05,748,fuel,3,ios,0
T008401,U01245,2026-05-27 06:18:02,86,recharge,3,ios,0
T012362,U01916,2026-08-03 13:41:41,2831,shopping,2,android,0
T011176,U01117,2026-06-28 09:21:21,3499,fuel,3,android,0
T014529,U00726,2026-01-29 14:51:00,3575,grocery,1,android,0
T010407,U00770,2026-05-30 08:37:14,5387,transfer,1,ios,0
T006060,U01596,2026-01-26 07:00:12,219,recharge,1,android,0
T001457,U01018,2026-02-09 17:04:08,1439,grocery,1,android,0
T006539,U00755,2026-04-06 09:16:40,2928,transfer,3,android,0
T008596,U01703,2026-02-20 07:46:28,683,recharge,2,ios,0
T000716,U01966,2026-07-30 03:49:29,492,recharge,2,android,0
T004192,U00315,2026-04-16 15:39:54,1604,fuel,3,android,0
T000874,U00187,2026-04-30 00:16:59,378,grocery,2,android,0
T011324,U01330,2026-01-16 19:31:26,297,fuel,3,ios,0
T011500,U01504,2026-09-22 21:10:45,3839,shopping,1,android,0
T001703,U01115,2026-04-04 15:10:50,1181,grocery,3,ios,0
T005269,U00953,2026-07-30 01:19:13,23414,transfer,1,ios,0
T000765,U00864,2026-03-16 14:59:05,1076,grocery,1,android,0
T012920,U00817,2026-03-03 00:45:58,2241,grocery,2,android,0
T005251,U01444,2026-04-26 18:51:19,2681,shopping,3,android,0
T007615,U01018,2026-07-19 23:26:57,192,grocery,3,android,0
T001350,U00552,2026-06-20 01:15:11,2480,shopping,1,android,0
T013454,U01436,2026-06-26 10:58:12,4013,shopping,2,ios,0
T006561,U01623,2026-01-16 05:42:59,6218,shopping,1,ios,0
T005821,U01159,2026-01-07 11:17:18,6945,transfer,1,ios,0
T006556,U01096,2026-07-31 01:20:23,1558,shopping,2,ios,0
T009068,U01201,2026-07-28 00:57:46,348,recharge,1,ios,0
T014424,U00238,2026-08-05 08:37:14,2619,fuel,2,ios,0
T014563,U00398,2026-02-01 00:16:45,1168,fuel,3,android,0
T000491,U00970,2026-06-16 06:16:40,5000,transfer,2,android,1
T009263,U00720,2026-02-28 17:57:44,1931,shopping,2,ios,0
T000605,U00184,2026-02-25 01:37:55,174,recharge,3,ios,0
T000181,U01356,2026-08-30 20:53:45,966,grocery,3,android,0
T006348,U01270,2026-01-23 20:29:41,1011,grocery,1,android,0
T008290,U01992,2026-08-21 19:49:19,775,grocery,3,android,0
T008237,U00763,2026-02-19 14:23:39,499,grocery,3,ios,0
T002307,U00268,2026-01-20 13:18:49,454,grocery,2,android,0
T008286,U01084,2026-02-09 03:55:05,7329,shopping,1,android,0
T011010,U00602,2026-04-09 05:50:41,336,recharge,1,ios,0
T008559,U01312,2026-01-25 12:23:39,3321,transfer,2,android,0
T003795,U00543,2026-05-18 07:38:04,11193,transfer,3,android,0
T002840,U01723,2026-04-24 11:17:44,805,grocery,3,ios,0
T006131,U00561,2026-06-08 18:49:19,3832,shopping,1,ios,0
T009571,U01358,2026-09-07 04:48:16,257,recharge,1,android,0
T012648,U01188,2026-06-29 19:47:07,1771,fuel,2,ios,0
T014841,U00256,2026-07-19 23:57:06,1813,grocery,1,android,0
T005558,U00864,2026-08-12 22:37:23,102,recharge,3,ios,0
T001735,U00192,2026-05-14 20:59:57,2141,shopping,2,android,0
T001647,U01529,2026-02-11 14:25:22,2864,transfer,1,ios,0
T009464,U00768,2026-03-09 09:24:55,5408,shopping,1,android,0
T007587,U01499,2026-03-11 02:07:51,1616,transfer,3,android,0
T003131,U01079,2026-03-02 18:35:42,4247,transfer,3,ios,0
T005882,U00035,2026-09-03 10:38:30,402,grocery,3,ios,0
T000194,U01267,2026-04-07 12:54:19,736,grocery,2,android,0
T011032,U01335,2026-07-21 23:59:34,4606,fuel,3,android,0
T001442,U01411,2026-07-03 21:33:16,442,fuel,2,ios,0
T014297,U00674,2026-07-02 10:05:14,658,grocery,2,android,0
T013842,U00386,2026-06-12 04:56:38,9924,transfer,2,android,0
T000970,U00212,2026-02-17 15:30:02,343,grocery,2,android,0
T000744,U01102,2026-08-09 10:12:18,147,recharge,2,android,0
T005712,U00368,2026-04-22 09:10:58,99,grocery,2,android,0
T006618,U00515,2026-05-13 22:59:08,904,grocery,2,android,0
T004368,U00729,2026-07-16 06:01:59,664,fuel,3,android,0
T008325,U01753,2026-05-12 14:10:29,2377,shopping,3,ios,0
T006911,U01896,2026-01-18 22:29:57,1833,shopping,3,ios,0
T014477,U01384,2026-01-12 13:01:11,921,recharge,3,android,0
T000493,U01575,2026-06-03 03:19:48,2133,shopping,1,android,0
T009596,U01929,2026-03-26 06:33:20,817,grocery,2,android,0
T012086,U00562,2026-05-09 20:05:14,420,grocery,1,android,0
T013386,U00705,2026-08-27 03:29:10,434,grocery,3,android,0
T006855,U01033,2026-07-11 23:28:43,257,grocery,3,ios,0
T010170,U00063,2026-08-01 13:15:04,119,recharge,2,android,0
T000318,U00210,2026-06-20 06:20:21,472,recharge,2,ios,0
T005941,U00919,2026-08-08 11:37:17,1280,recharge,3,ios,0
T006104,U01433,2026-07-13 00:10:36,803,grocery,1,ios,0
T002880,U00221,2026-08-10 10:02:15,128,recharge,3,android,0
T010874,U01421,2026-08-22 18:48:05,2736,recharge,3,android,0
T012243,U01972,2026-06-11 05:33:18,1716,fuel,2,ios,0
T007309,U01719,2026-02-03 03:54:44,617,recharge,1,ios,0
T012736,U01508,2026-09-27 23:05:16,4094,grocery,3,android,0
T013680,U01571,2026-01-04 07:20:35,1322,fuel,1,ios,0
T011701,U01456,2026-05-20 03:00:58,7625,transfer,3,android,0
T013542,U00409,2026-09-09 15:08:25,7040,transfer,2,android,0
T007973,U00805,2026-05-02 01:40:23,531,grocery,3,ios,0
T009948,U00152,2026-01-22 20:22:53,3059,fuel,2,android,0
T004551,U01033,2026-01-15 00:49:08,1567,fuel,3,ios,0
T009002,U01479,2026-01-25 23:57:25,7410,shopping,3,android,0
T014996,U00413,2026-08-21 09:53:33,375,recharge,2,ios,0
T000231,U00467,2026-09-02 18:03:02,240,recharge,2,ios,0
T008419,U00083,2026-07-07 12:28:48,1578,grocery,2,ios,0
T000147,U01172,2026-04-17 23:02:45,1688,shopping,2,android,0
T009664,U00964,2026-09-13 18:15:05,1576,grocery,1,ios,0
T001728,U00301,2026-01-09 06:16:55,501,recharge,3,android,0
T009753,U00707,2026-05-14 21:46:15,1729,grocery,3,android,0
T009111,U00581,2026-04-06 21:24:49,289,fuel,3,ios,0
T014579,U01187,2026-01-30 05:54:43,4874,transfer,1,android,0
T002537,U00389,2026-04-25 03:33:46,657,recharge,3,android,0
T014753,U00394,2026-03-20 12:49:10,647,recharge,2,ios,0
T006717,U01626,2026-08-13 15:10:45,5809,shopping,3,ios,0
T004515,U01421,2026-09-30 23:50:40,403,grocery,2,ios,0
T004328,U01824,2026-05-20 03:00:22,7757,shopping,2,ios,0
T007381,U00865,2026-05-24 20:57:27,10854,transfer,1,ios,0
T004262,U01780,2026-03-26 07:58:41,1046,shopping,3,ios,0
T000819,U00561,2026-03-25 18:31:00,2435,shopping,2,ios,0
T002458,U00796,2026-06-13 04:45:52,1689,shopping,2,android,0
T010380,U00413,2026-04-14 13:36:55,2171,transfer,3,android,0
T006711,U00212,2026-02-17 16:57:40,497,grocery,2,web,0
T003172,U00201,2026-05-22 19:35:12,8674,transfer,3,android,0
T005308,U01627,2026-07-05 01:36:38,20000,recharge,2,ios,1
T004857,U01377,2026-08-04 15:58:52,2969,shopping,3,android,0
T001481,U01332,2026-06-19 01:42:17,1086,grocery,3,android,0
T014567,U00669,2026-09-30 21:42:04,336,fuel,1,android,0
T005299,U01561,2026-03-14 13:09:55,12744,transfer,3,android,0
T002178,U01527,2026-01-03 02:47:11,5000,fuel,3,web,1
T013642,U00277,2026-07-13 00:00:17,1550,fuel,1,android,0
T008945,U01048,2026-02-25 18:08:53,1121,shopping,1,ios,0
T009143,U00239,2026-07-24 03:12:40,357,recharge,3,android,0
T011893,U01611,2026-04-05 20:39:17,13181,transfer,1,android,0
T011918,U01540,2026-06-10 12:53:31,1546,recharge,3,android,0
T008884,U00640,2026-01-15 19:00:22,2018,fuel,3,ios,0
T009010,U01652,2026-01-20 05:29:29,191,grocery,2,ios,0
T010952,U01610,2026-04-25 11:49:57,1286,recharge,1,ios,0
T015091,U00517,2026-03-01 08:21:00,10000,transfer,2,web,1
T011037,U01236,2026-02-21 11:22:53,2167,fuel,3,ios,0
T000681,U01766,2026-06-11 03:29:16,168,grocery,2,ios,0
T009732,U01987,2026-02-06 20:11:12,116,recharge,2,ios,0
T006149,U01585,2026-05-26 02:23:26,36228,shopping,3,android,0
T004028,U00458,2026-09-24 06:10:16,366,recharge,1,android,0
T013161,U01218,2026-01-11 14:30:38,1940,shopping,3,android,0
T006486,U01937,2026-07-25 04:18:39,151,recharge,2,android,0
T003338,U01702,2026-08-28 02:10:03,343,grocery,3,web,0
T013991,U00679,2026-04-12 22:46:01,241,grocery,3,android,0
T004423,U00964,2026-03-16 17:05:50,2641,shopping,3,ios,0
T012166,U00151,2026-05-10 13:53:01,5915,shopping,2,android,0
T005413,U00360,2026-09-06 23:14:47,27,recharge,2,ios,0
T008995,U00707,2026-06-17 10:06:22,564,grocery,3,android,0
T003898,U01822,2026-08-17 05:31:06,1352,fuel,1,ios,0
T013467,U00139,2026-06-18 21:42:57,607,recharge,2,android,0
T007227,U01878,2026-05-26 02:54:43,2168,shopping,1,android,0
T009728,U00967,2026-05-23 08:04:36,616,recharge,1,android,0
T011927,U01636,2026-06-08 01:23:45,324,recharge,2,ios,0
T005948,U01463,2026-06-30 06:17:27,1810,shopping,3,ios,0
T003323,U00630,2026-07-10 23:08:58,7031,shopping,1,ios,0
T009781,U00738,2026-05-05 10:13:49,3483,shopping,2,ios,0
T013713,U01092,2026-05-22 17:04:35,1458,grocery,3,android,0
T010840,U00873,2026-09-13 22:15:22,11404,fuel,2,android,0
T003076,U00191,2026-06-08 14:12:57,2633,shopping,3,ios,0
T003885,U01233,2026-03-29 01:36:54,248,recharge,1,android,0
T003561,U01497,2026-01-23 00:19:42,424,shopping,1,android,0
T000190,U01426,2026-08-18 10:11:30,751,grocery,1,ios,0
T001814,U00441,2026-03-26 09:06:08,3979,fuel,2,ios,0
T004289,U01202,2026-09-19 05:34:41,1625,fuel,3,android,0
T001485,U01822,2026-05-20 22:30:29,3214,transfer,3,web,0
T000586,U01927,2026-09-18 19:45:09,325,grocery,3,ios,0
T013997,U01073,2026-06-28 13:00:04,439,grocery,1,ios,0
T010149,U01388,2026-06-04 00:39:44,210,recharge,3,android,0
T013754,U00597,2026-09-05 02:59:51,226,recharge,1,ios,0
T004319,U01685,2026-02-22 13:01:57,424,grocery,3,ios,0
T010173,U00992,2026-04-05 02:33:41,623,fuel,2,android,0
T014375,U00202,2026-05-16 16:50:05,4970,transfer,3,android,0
T002786,U01116,2026-01-01 06:10:36,1095,recharge,1,android,0
T009253,U00922,2026-07-06 21:44:54,744,recharge,1,web,0
T013915,U00094,2026-07-27 03:38:18,2373,grocery,2,android,0
T010964,U01859,2026-01-09 11:31:07,379,fuel,2,android,0
T004156,U01555,2026-08-29 20:13:25,284,grocery,3,android,0
T014380,U00657,2026-01-07 23:48:33,266,recharge,2,ios,0
T012169,U00872,2026-06-09 20:06:34,301,recharge,1,android,0
T011856,U01619,2026-05-31 01:26:30,11226,fuel,1,ios,0
T006887,U01051,2026-03-16 20:32:11,6255,fuel,1,ios,0
T008030,U00546,2026-01-18 09:32:39,1082,fuel,3,android,0
T002910,U01777,2026-07-27 12:48:44,5283,transfer,2,ios,0
T010339,U00682,2026-03-08 10:05:30,6027,shopping,3,ios,0
T003221,U01823,2026-02-15 13:56:23,1559,recharge,2,android,0
T000968,U00455,2026-04-06 05:56:12,1829,recharge,1,android,0
T002161,U01771,2026-08-18 16:21:46,1567,transfer,1,ios,0
T002985,U00361,2026-03-26 19:45:02,4331,transfer,2,ios,0
T011679,U00243,2026-03-23 13:45:14,227,recharge,3,ios,0
T006093,U01785,2026-07-06 12:57:14,11408,transfer,1,ios,0
T014651,U01584,2026-05-24 16:07:11,411,recharge,3,ios,0
T002130,U00540,2026-05-04 16:58:46,619,fuel,1,ios,0
T004294,U00778,2026-02-10 07:19:42,415,recharge,3,ios,0
T013787,U01534,2026-01-07 16:38:42,3924,transfer,1,android,0
T013556,U00159,2026-09-19 13:21:37,5676,fuel,1,android,0
T005796,U00450,2026-02-16 02:29:10,579,grocery,2,ios,0
T010543,U00194,2026-03-05 10:45:20,4766,shopping,3,android,0
T005166,U00032,2026-07-19 20:48:22,2248,shopping,3,android,0
T003192,U00228,2026-03-22 09:55:41,1366,fuel,2,android,0
T001061,U00640,2026-09-28 21:20:17,21313,transfer,3,ios,0
T009055,U00126,2026-03-06 07:43:43,1079,grocery,2,android,0
T011300,U00434,2026-05-03 08:02:56,1189,recharge,1,ios,0
T009333,U01832,2026-09-26 10:35:10,159,fuel,3,ios,0
T001252,U00978,2026-01-20 20:07:34,2329,transfer,1,ios,0
T014485,U01406,2026-05-29 04:45:43,1007,grocery,2,ios,0
T001322,U01067,2026-09-02 02:28:15,364,recharge,3,android,0
T008527,U00121,2026-06-06 05:08:21,1513,transfer,1,android,0
T013172,U00861,2026-03-07 21:28:34,773,grocery,1,ios,0
T001685,U01634,2026-05-05 21:54:21,241,recharge,3,ios,0
T008132,U01500,2026-03-04 12:33:49,1041,shopping,1,ios,0
T002484,U01149,2026-07-31 16:22:27,29451,transfer,3,ios,0
T001074,U01947,2026-03-21 01:16:10,2619,shopping,2,ios,0
T000561,U00802,2026-05-27 17:19:47,395,recharge,2,ios,0
T011513,U01165,2026-03-18 05:11:37,15023,transfer,1,android,0
T000528,U00502,2026-07-11 11:33:40,1977,grocery,1,ios,0
T010030,U00343,2026-06-20 05:51:34,693,recharge,3,ios,0
T005518,U00171,2026-02-07 16:55:12,6059,fuel,1,android,0
T010240,U01958,2026-05-03 03:32:36,2097,fuel,3,android,0
T014605,U00450,2026-09-17 17:48:17,183,grocery,2,ios,0
T000249,U01370,2026-05-21 07:06:24,182,fuel,3,ios,0
T002944,U01114,2026-04-07 02:24:28,692,grocery,2,android,0
T002461,U00387,2026-01-16 23:47:29,3432,fuel,2,ios,0
T013212,U01476,2026-03-22 12:48:05,584,grocery,3,android,0
T009513,U00821,2026-06-18 11:44:53,908,shopping,2,ios,0
T002405,U01888,2026-03-17 08:22:48,1026,fuel,1,android,0
T001523,U01176,2026-09-26 12:32:22,1464,fuel,2,android,0
T008381,U01272,2026-06-12 19:15:39,2101,grocery,2,ios,0
T011470,U00015,2026-02-10 13:54:46,7744,transfer,1,android,0
T012300,U01342,2026-02-08 14:29:15,1754,shopping,2,android,0
T009222,U00280,2026-03-01 12:03:10,5637,transfer,2,ios,0
T005764,U01507,2026-02-09 06:31:16,514,fuel,1,ios,0
T006314,U01644,2026-02-06 18:03:19,3631,shopping,1,ios,0
T004443,U01393,2026-01-24 17:08:57,2312,grocery,1,android,0
T006964,U01465,2026-07-23 16:19:22,2450,fuel,2,ios,0
T010925,U00959,2026-08-13 00:10:55,252,grocery,3,ios,0
T013707,U00375,2026-04-12 09:04:52,138,recharge,2,android,0
T014147,U01867,2026-08-08 07:54:11,519,grocery,3,android,0
T009369,U01572,2026-04-19 06:25:02,2072,fuel,3,ios,0
T003236,U00689,2026-05-13 07:01:12,191,recharge,3,ios,0
T008269,U00904,2026-02-23 22:22:11,1976,fuel,3,android,0
T007788,U00667,2026-09-26 09:42:25,1617,fuel,2,android,0
T011913,U01001,2026-06-09 15:36:48,567,grocery,1,android,0
T001652,U01280,2026-05-11 13:07:34,599,fuel,1,ios,0
T000730,U00964,2026-05-31 17:30:06,7459,shopping,1,ios,0
T000673,U00100,2026-07-09 19:53:13,286,recharge,2,ios,0
T014057,U00530,2026-04-02 13:14:31,305,grocery,3,android,0
T007361,U01936,2026-01-05 20:46:37,1169,transfer,1,ios,0
T009312,U00331,2026-04-24 13:35:43,4624,grocery,2,ios,0
T004402,U01046,2026-09-26 04:40:53,4877,fuel,2,android,0
T011720,U00082,2026-02-21 08:34:53,686,fuel,2,android,0
T003498,U00801,2026-04-16 23:20:03,2878,shopping,3,ios,0
T008177,U00679,2026-04-16 14:09:19,635,grocery,3,android,0
T000596,U00537,2026-06-16 13:40:08,1799,fuel,1,android,0
T013549,U00474,2026-08-12 03:47:50,569,fuel,3,ios,0
T010555,U01656,2026-03-29 17:34:21,1472,transfer,2,android,0
T010403,U01884,2026-07-01 00:55:18,17427,transfer,3,ios,0
T008813,U01912,2026-01-22 20:48:25,1186,transfer,2,ios,0
T001248,U01950,2026-08-03 20:59:06,318,recharge,3,ios,0
T014798,U01629,2026-05-09 09:04:51,419,fuel,3,android,0
T004350,U00989,2026-01-04 21:02:02,111,recharge,2,web,0
T014506,U01920,2026-04-13 13:54:06,1824,fuel,3,ios,0
T010733,U01403,2026-07-16 13:32:46,2162,shopping,1,android,0
T003532,U01777,2026-04-24 18:46:14,1778,transfer,2,ios,0
T015035,U00606,2026-01-11 23:34:00,10000,transfer,3,web,1
T009803,U01670,2026-09-07 04:25:28,101,recharge,2,android,0
T007749,U01947,2026-07-14 09:56:48,2819,shopping,2,ios,0
T003441,U01056,2026-09-01 09:01:52,6950,fuel,3,android,0
T005519,U01151,2026-06-17 21:04:19,533,fuel,3,ios,0
T002705,U00350,2026-08-02 00:25:18,241,grocery,1,ios,0
T001418,U00939,2026-02-20 17:44:41,546,grocery,2,ios,0
T009791,U00088,2026-02-15 05:26:55,4155,fuel,2,ios,0
T008865,U01587,2026-03-19 01:43:49,337,recharge,3,ios,0
T001566,U00943,2026-05-23 21:42:21,71,recharge,3,ios,0
T008093,U01852,2026-02-20 00:37:27,1042,fuel,3,android,0
T009901,U00266,2026-07-16 15:16:18,486,grocery,2,ios,0
T006886,U01873,2026-09-13 17:50:13,605,shopping,2,ios,0
T006282,U00698,2026-06-04 12:06:26,659,fuel,3,android,0
T005400,U01229,2026-09-27 17:47:05,1044,grocery,1,ios,0
T000244,U01192,2026-03-24 15:04:23,10127,shopping,2,ios,0
T012125,U01151,2026-03-21 03:32:57,963,fuel,2,web,0
T003752,U00783,2026-05-02 03:00:41,191,recharge,2,android,0
T002794,U00436,2026-01-13 04:45:13,1000,recharge,3,ios,1
T010989,U00361,2026-02-04 01:08:31,8604,transfer,2,ios,0
T002448,U00840,2026-05-14 02:06:46,6222,transfer,1,ios,0
T007744,U00084,2026-01-08 21:01:27,10291,transfer,3,android,0
T005111,U00503,2026-01-05 20:11:58,2921,transfer,3,ios,0
T011854,U00657,2026-08-12 04:03:10,96,recharge,1,ios,0
T003470,U01506,2026-03-06 16:01:54,530,shopping,3,ios,0
T007009,U00717,2026-05-05 01:35:43,517,grocery,3,ios,0
T008647,U00744,2026-08-12 18:36:01,1658,transfer,2,ios,0
T012375,U00667,2026-04-18 14:16:02,13522,transfer,3,android,0
T000512,U01097,2026-09-27 01:54:59,165,recharge,1,web,0
T004066,U01595,2026-08-17 02:02:14,169,recharge,3,android,0
T003641,U00810,2026-08-21 06:32:06,308,recharge,3,ios,0
T007934,U01065,2026-09-24 10:01:51,110,recharge,2,android,0
T000964,U00652,2026-02-08 16:08:00,3623,shopping,1,ios,0
T002491,U01811,2026-05-07 22:19:20,938,grocery,3,android,0
T013819,U00097,2026-08-07 04:55:30,14111,shopping,3,android,0
T002502,U01352,2026-03-13 09:36:46,3767,shopping,2,android,0
T010691,U01380,2026-04-17 21:08:39,2631,grocery,2,ios,0
T006568,U01463,2026-09-12 23:31:42,3125,fuel,3,ios,0
T001533,U01522,2026-09-14 10:24:49,5546,transfer,1,android,0
T007902,U01916,2026-07-08 06:26:47,779,fuel,1,android,0
T011476,U00761,2026-08-25 21:42:56,386,recharge,3,android,0
T005982,U00228,2026-06-30 19:36:47,301,recharge,1,android,0
T010906,U01036,2026-09-23 22:48:38,2729,grocery,3,ios,0
T009392,U01584,2026-01-08 08:10:26,5280,shopping,2,ios,0
T001405,U00997,2026-08-26 19:16:54,339,recharge,3,ios,0
T014113,U01469,2026-09-21 09:03:49,2856,fuel,2,ios,0
T011431,U00112,2026-03-27 16:18:38,2878,fuel,3,ios,0
T010077,U00633,2026-04-30 13:26:16,3069,grocery,1,android,0
T004755,U00946,2026-09-10 12:46:52,1299,grocery,2,ios,0
T003669,U01174,2026-04-10 21:00:28,42482,transfer,1,ios,0
T006736,U01929,2026-08-22 10:28:08,1098,fuel,1,android,0
T002647,U01030,2026-03-08 12:17:06,674,shopping,1,ios,0
T013248,U01915,2026-05-21 16:13:53,4231,shopping,2,ios,0
T003790,U01409,2026-06-13 03:37:30,4564,shopping,3,ios,0
T004030,U00679,2026-02-11 04:23:34,6122,shopping,1,android,0
T006740,U00820,2026-03-04 11:41:47,660,shopping,2,android,0
T003582,U01492,2026-09-18 21:58:58,4101,grocery,1,ios,0
T013273,U01343,2026-09-05 00:32:02,2298,grocery,2,android,0
T012286,U01522,2026-08-20 17:54:47,1161,recharge,2,android,0
T000280,U01052,2026-08-12 06:23:57,149,recharge,3,ios,0
T006416,U01177,2026-02-05 23:46:28,491,recharge,1,android,0
T009021,U00061,2026-09-23 14:46:15,403,recharge,2,android,0
T001734,U01648,2026-05-20 07:31:59,1625,fuel,2,ios,0
T007324,U01800,2026-03-04 05:11:46,1377,grocery,2,android,0
T005618,U00288,2026-03-09 22:22:15,490,grocery,1,android,0
T000252,U00160,2026-03-28 13:34:17,2599,shopping,2,android,0
T003103,U00350,2026-05-29 03:27:04,2612,transfer,3,ios,0
T001285,U00261,2026-05-08 04:09:29,3394,shopping,2,ios,0
T001720,U01536,2026-08-04 08:36:03,723,grocery,1,android,0
T011238,U01414,2026-05-18 09:26:32,63,recharge,3,ios,0
T006931,U01333,2026-04-21 22:13:42,1928,fuel,2,ios,0
T006934,U00081,2026-03-07 04:03:03,1511,grocery,1,ios,0
T007156,U00172,2026-05-14 11:07:22,884,shopping,1,ios,0
T003588,U00512,2026-01-12 21:24:23,3264,fuel,1,ios,0
T014341,U01052,2026-08-24 21:52:45,258,grocery,1,ios,0
T007377,U01775,2026-08-27 19:29:17,11183,fuel,2,ios,0
T003880,U01143,2026-09-20 08:01:20,451,recharge,1,android,0
T005531,U01069,2026-02-22 00:20:18,10000,recharge,3,android,1
T001046,U00568,2026-07-15 10:12:58,866,grocery,1,ios,0
T004731,U01227,2026-05-17 01:50:14,1371,shopping,1,android,0
T014462,U01768,2026-07-25 14:26:26,4969,shopping,3,ios,0
T010558,U01170,2026-04-11 22:11:56,30471,transfer,2,ios,0
T007192,U01552,2026-04-19 00:07:04,895,fuel,2,android,0
T006195,U00935,2026-06-23 01:25:45,1349,shopping,1,ios,0
T009884,U00573,2026-04-04 14:17:52,11705,transfer,3,ios,0
T011174,U01898,2026-07-02 10:17:48,3238,shopping,2,ios,0
T010267,U01357,2026-05-19 16:17:38,1559,grocery,1,android,0
T007669,U01365,2026-09-28 17:48:11,1831,transfer,2,ios,0
T010074,U01587,2026-02-06 11:12:04,1266,grocery,2,ios,0
T009534,U01508,2026-04-27 01:36:58,11569,shopping,2,android,0
T013181,U00805,2026-04-28 23:55:37,826,fuel,1,ios,0
T001075,U00252,2026-02-25 03:10:28,202,recharge,3,android,0
T000351,U01234,2026-05-29 13:02:12,188,grocery,3,ios,0
T014897,U01207,2026-04-29 08:54:42,1130,fuel,2,ios,0
T002352,U00090,2026-05-25 02:37:21,641,fuel,1,android,0
T004964,U00639,2026-09-18 23:21:01,880,fuel,2,ios,0
T015097,U01130,2026-09-21 23:43:00,10000,transfer,1,web,1
T008595,U01226,2026-04-24 13:09:58,21939,transfer,2,android,0
T007131,U00152,2026-07-06 12:53:35,576,grocery,1,android,0
T008504,U00867,2026-03-10 01:12:47,3256,shopping,1,ios,0
T011209,U01354,2026-03-07 18:18:24,9440,fuel,3,ios,0
T012030,U01892,2026-07-15 11:24:04,967,grocery,3,android,0
T013356,U01886,2026-06-21 05:07:49,572,grocery,3,ios,0
T006586,U00850,2026-08-29 16:00:50,46,recharge,3,ios,0
T001851,U00817,2026-06-14 14:09:05,315,recharge,1,android,0
T002751,U01976,2026-04-06 17:03:36,554,grocery,3,android,0
T005277,U00549,2026-05-27 21:08:00,92,recharge,2,android,0
T009234,U00241,2026-05-04 22:23:36,1120,recharge,1,android,0
T006040,U00532,2026-01-06 10:29:26,4208,grocery,1,ios,0
T014717,U00842,2026-07-25 13:08:28,2841,shopping,3,android,0
T011683,U00199,2026-04-30 15:28:24,505,grocery,2,ios,0
T001327,U01366,2026-02-09 06:36:32,566,recharge,2,ios,0
T005520,U00336,2026-02-28 15:41:49,2461,grocery,1,ios,0
T010596,U00070,2026-03-31 08:30:44,4512,shopping,2,android,0
T014386,U01730,2026-05-13 11:52:36,1569,recharge,2,android,0
T001884,U00726,2026-09-13 18:53:14,1237,grocery,2,android,0
T009114,U01256,2026-09-07 18:10:17,402,grocery,2,android,0
T007551,U01993,2026-04-09 10:48:17,1830,fuel,2,ios,0
T005576,U01525,2026-05-31 05:27:19,4164,transfer,2,ios,0
T013844,U01725,2026-09-16 13:59:20,809,shopping,3,android,0
T001584,U01914,2026-03-10 03:53:03,50000,fuel,1,ios,1
T011882,U00053,2026-01-13 15:07:08,1137,fuel,2,ios,0
T011390,U00527,2026-02-12 09:54:09,1183,grocery,3,android,0
T005728,U00382,2026-02-14 19:13:08,1384,transfer,2,android,0
T005706,U01617,2026-01-01 09:58:16,1248,fuel,1,android,0
T007826,U00023,2026-02-08 15:46:34,1072,recharge,2,ios,0
T009028,U00553,2026-02-09 12:23:37,3352,transfer,1,android,0
T014643,U01110,2026-01-08 05:56:29,773,fuel,2,android,0
T008013,U00823,2026-05-08 03:01:28,643,recharge,3,ios,0
T010092,U00815,2026-05-08 00:43:53,2408,shopping,3,android,0
T000389,U01011,2026-07-04 17:57:25,1319,fuel,1,android,0
T002294,U00052,2026-04-19 11:31:23,1827,recharge,2,android,0
T001146,U01814,2026-07-23 17:31:29,4621,transfer,2,android,0
T006382,U00381,2026-05-21 09:48:10,8387,transfer,1,ios,0
T014284,U00157,2026-03-15 02:17:11,5384,fuel,1,android,0
T009418,U01484,2026-03-01 18:32:01,180,grocery,3,ios,0
T002947,U01077,2026-09-12 09:04:04,719,grocery,3,ios,0
T005727,U01199,2026-05-05 08:43:18,10724,shopping,1,ios,0
T006830,U00506,2026-08-18 22:56:33,6165,shopping,3,ios,0
T001334,U01978,2026-01-19 13:31:12,609,fuel,2,android,0
T001639,U01609,2026-06-09 15:58:47,542,grocery,2,ios,0
T012490,U00151,2026-01-17 15:44:59,713,fuel,3,android,0
T000882,U01486,2026-03-01 16:19:48,5549,transfer,1,ios,0
T010552,U00578,2026-06-29 11:17:32,3685,fuel,1,ios,0
T013822,U00773,2026-04-09 23:13:11,757,grocery,3,android,0
T001985,U00614,2026-04-28 22:07:38,7206,shopping,3,ios,0
T001329,U01243,2026-08-22 15:53:57,3192,shopping,3,ios,0
T005501,U00467,2026-01-09 03:54:59,336,recharge,1,ios,0
T007849,U01064,2026-01-23 18:40:00,329,recharge,3,ios,0
T015040,U00417,2026-08-28 06:31:00,5000,transfer,3,web,1
T008324,U00267,2026-03-17 18:24:45,296,grocery,2,ios,0
T011373,U01165,2026-06-04 06:21:39,1601,shopping,2,android,0
T006838,U01241,2026-01-17 11:43:20,5942,shopping,3,ios,0
T011775,U01311,2026-09-01 17:54:53,190,recharge,3,android,0
T013590,U01828,2026-07-02 19:43:10,292,recharge,1,ios,0
T013906,U01523,2026-03-09 23:37:29,303,fuel,3,android,0
T000317,U01266,2026-07-11 01:44:06,1120,transfer,2,android,0
T014847,U00199,2026-01-23 16:11:38,1524,shopping,3,ios,0
T001344,U01707,2026-06-21 00:24:52,2007,fuel,1,ios,0
T008446,U01659,2026-01-29 10:10:11,556,fuel,2,ios,0
T010793,U01922,2026-08-13 04:08:55,1597,fuel,2,android,0
T014644,U01443,2026-03-28 10:50:17,848,grocery,3,android,0
T008491,U00651,2026-07-07 01:00:37,140,recharge,3,android,0
T009879,U00459,2026-01-27 05:58:30,717,grocery,1,ios,0
T011459,U00921,2026-03-09 03:00:55,5751,shopping,2,android,0
T009125,U01294,2026-08-23 20:25:00,1265,transfer,2,ios,0
T001563,U00953,2026-01-31 08:09:48,6325,transfer,3,ios,0
T008065,U01323,2026-07-17 16:53:43,2250,recharge,1,ios,0
T000930,U00331,2026-09-01 02:18:08,4201,fuel,3,ios,0
T001614,U01652,2026-01-08 01:53:34,7977,fuel,3,android,0
T012981,U01982,2026-06-16 12:36:58,876,fuel,3,web,0
T013797,U00133,2026-03-02 06:03:27,521,shopping,1,android,0
T012370,U00118,2026-03-31 13:01:10,2938,transfer,1,android,0
T011433,U00231,2026-08-11 15:17:16,2819,shopping,2,android,0
T004384,U00588,2026-07-05 18:13:48,566,fuel,3,ios,0
T005607,U01983,2026-06-18 20:29:17,658,grocery,2,web,0
T006816,U01328,2026-07-30 11:16:50,3495,shopping,2,android,0
T013539,U00079,2026-02-24 01:52:16,5714,shopping,3,ios,0
T000989,U00928,2026-05-29 16:29:26,1687,fuel,3,android,0
T011374,U01812,2026-07-08 04:38:49,12764,transfer,3,android,0
T003794,U01507,2026-05-31 09:23:39,235,recharge,3,ios,0
T013285,U00184,2026-01-19 04:35:34,799,recharge,2,android,0
T011753,U01444,2026-05-07 05:04:16,75,grocery,1,android,0
T006197,U00710,2026-05-13 11:30:59,4280,shopping,3,ios,0
T000382,U01026,2026-09-28 08:15:14,900,grocery,1,android,0
T012657,U01590,2026-07-18 03:15:49,899,shopping,2,android,0
T010539,U00536,2026-05-04 17:13:54,286,grocery,1,android,0
T002641,U00567,2026-04-06 00:42:00,1069,grocery,3,ios,0
T011792,U00119,2026-05-30 12:21:39,580,recharge,1,android,0
T012654,U00247,2026-02-04 12:30:20,13104,transfer,1,ios,0
T011332,U01827,2026-04-25 07:19:45,2676,shopping,2,ios,0
T003792,U01428,2026-07-12 16:46:19,488,fuel,2,android,0
T011168,U01338,2026-02-04 20:07:17,1602,grocery,1,ios,0
T012994,U00075,2026-08-07 18:12:51,3471,fuel,3,android,0
T004137,U00922,2026-06-18 04:04:21,1387,transfer,2,ios,0
T003003,U01087,2026-03-22 11:04:17,476,fuel,3,android,0
T004151,U00513,2026-02-24 16:58:14,344,grocery,2,android,0
T001370,U00657,2026-07-26 13:54:24,2868,shopping,3,ios,0
T014254,U00766,2026-01-12 04:51:25,2534,transfer,3,android,0
T004398,U01280,2026-03-30 15:37:26,3988,shopping,1,ios,0
T008264,U00721,2026-05-18 14:40:37,4124,transfer,1,ios,0
T006428,U00770,2026-05-07 06:57:25,2854,transfer,3,ios,0
T007155,U00276,2026-03-18 15:10:49,289,recharge,3,android,0
T010520,U01847,2026-01-27 21:38:21,2654,transfer,3,ios,0
T014954,U00596,2026-04-19 07:15:29,2418,shopping,3,android,0
T002416,U00846,2026-01-04 23:20:47,1513,grocery,1,ios,0
T009849,U00890,2026-09-05 01:08:08,4918,shopping,1,ios,0
T003771,U00536,2026-05-31 23:51:57,3091,fuel,1,android,0
T014804,U01560,2026-08-31 21:39:49,407,grocery,3,android,0
T007101,U00040,2026-08-07 06:59:31,814,fuel,1,android,0
T001889,U00455,2026-09-28 13:36:04,301,recharge,3,android,0
T008125,U00661,2026-04-27 02:33:12,446,grocery,2,android,0
T010631,U00619,2026-05-23 15:47:03,2313,fuel,1,android,0
T011481,U00565,2026-05-24 16:54:50,4019,shopping,2,ios,0
T012122,U00257,2026-01-27 13:14:45,443,recharge,2,ios,0
T009148,U00375,2026-03-24 07:01:43,1363,fuel,2,android,0
T012731,U01335,2026-03-13 20:04:41,676,recharge,3,android,0
T014446,U01956,2026-06-02 06:29:58,5884,transfer,2,ios,0
T003452,U01815,2026-05-19 14:52:27,516,grocery,3,ios,0
T004746,U00691,2026-07-12 14:57:45,6681,fuel,1,android,0
T013025,U01666,2026-08-10 01:06:49,430,shopping,1,ios,0
T008245,U00997,2026-09-03 03:30:47,11073,transfer,1,ios,0
T009525,U00900,2026-09-23 12:03:36,563,recharge,2,ios,0
T014300,U00930,2026-02-25 17:02:42,1195,recharge,2,android,0
T004598,U01925,2026-02-04 05:46:50,235,grocery,1,ios,0
T007967,U00423,2026-04-21 11:06:03,3955,transfer,3,android,0
T011160,U01718,2026-05-24 21:40:02,32270,transfer,1,android,0
T008014,U01726,2026-06-04 16:25:22,1644,grocery,2,ios,0
T009611,U01776,2026-08-02 00:17:39,1312,grocery,1,android,0
T007023,U01489,2026-03-13 23:06:24,728,recharge,2,android,0
T005096,U00753,2026-09-20 16:51:40,155,recharge,3,ios,0
T014744,U01694,2026-05-06 07:12:08,1785,transfer,3,android,0
T000911,U01304,2026-09-11 23:17:42,859,recharge,1,android,0
T013342,U01152,2026-01-19 20:35:53,644,transfer,1,android,0
T006647,U01592,2026-02-26 16:44:04,409,grocery,1,android,0
T000263,U01695,2026-07-22 17:48:17,300,grocery,3,android,0
T004559,U00548,2026-09-17 00:23:14,3066,transfer,1,android,0
T005351,U01979,2026-04-25 11:40:25,3473,fuel,2,ios,0
T002219,U01002,2026-05-16 00:46:54,474,grocery,1,android,0
T004493,U01553,2026-07-27 09:30:06,2921,shopping,3,android,0
T006858,U01595,2026-01-27 19:30:25,9895,fuel,1,android,0
T002297,U01611,2026-02-06 01:21:33,1100,fuel,1,android,0
T011532,U01535,2026-06-18 11:38:42,643,shopping,3,android,0
T001980,U01055,2026-05-01 17:22:30,2531,fuel,2,ios,0
T014633,U00354,2026-03-19 18:31:41,3631,transfer,1,android,0
T000630,U01264,2026-09-26 02:00:01,1193,recharge,3,android,0
T011733,U01450,2026-01-23 05:26:58,14252,shopping,2,ios,0
T004454,U01905,2026-02-06 14:48:30,448,grocery,2,web,0
T002061,U00652,2026-09-13 12:27:33,499,fuel,1,ios,0
T001576,U01022,2026-04-27 15:23:41,9363,transfer,1,android,0
T014445,U00676,2026-06-06 03:34:05,3520,transfer,1,android,0
T005346,U01289,2026-07-16 04:06:11,2387,fuel,1,ios,0
T013559,U01826,2026-08-15 18:04:31,1397,fuel,2,ios,0
T010647,U00390,2026-02-01 19:15:25,2167,fuel,3,web,0
T008893,U01885,2026-04-29 06:25:02,8434,shopping,2,ios,0
T015042,U00417,2026-08-28 06:13:00,10000,transfer,3,web,1
T000573,U00437,2026-07-26 21:18:14,7254,transfer,2,ios,0
T004234,U00405,2026-01-29 20:09:08,285,grocery,3,android,0
T006691,U01887,2026-01-26 12:22:36,241,recharge,3,android,0
T003747,U01696,2026-09-16 07:25:41,541,shopping,2,ios,0
T005200,U00748,2026-03-09 22:14:42,870,shopping,3,ios,0
T007076,U00419,2026-06-02 04:32:55,2642,transfer,1,ios,0
T001034,U01563,2026-02-02 21:04:47,3537,shopping,2,ios,0
T007708,U01605,2026-04-28 16:44:42,4016,transfer,1,ios,0
T014240,U01772,2026-06-08 21:30:11,193,grocery,2,ios,0
T013069,U00162,2026-05-02 01:44:19,139,recharge,1,android,0
T000380,U01058,2026-06-04 14:00:02,538,grocery,1,android,0
T014670,U01426,2026-03-26 22:14:33,816,fuel,3,ios,0
T011591,U01217,2026-01-04 09:45:56,1529,transfer,3,ios,0
T007557,U00954,2026-03-18 00:08:19,6901,fuel,1,ios,0
T003933,U00800,2026-08-19 05:41:24,4447,shopping,3,ios,0
T001821,U01763,2026-08-10 01:10:30,2000,shopping,2,android,1
T009593,U00956,2026-09-06 20:52:10,2958,shopping,3,android,0
T003681,U00030,2026-04-06 21:30:21,530,recharge,2,ios,0
T006910,U01359,2026-07-18 11:25:36,6462,transfer,2,android,0
T005422,U01065,2026-02-08 14:07:01,169,recharge,3,android,0
T002814,U00120,2026-09-09 16:45:15,855,recharge,1,ios,0
T014084,U01595,2026-08-31 16:33:53,9491,transfer,3,android,0
T007657,U00392,2026-09-29 03:00:23,1800,grocery,1,android,0
T002778,U00084,2026-01-12 08:15:46,715,shopping,2,android,0
T002919,U01649,2026-07-02 08:44:33,6427,shopping,2,android,0
T010929,U00944,2026-03-09 03:59:09,478,recharge,2,ios,0
T009774,U00707,2026-05-07 00:51:44,167,recharge,1,android,0
T013996,U01396,2026-02-24 14:32:08,1319,grocery,2,android,0
T015049,U01965,2026-03-24 09:50:00,10000,transfer,3,web,1
T000365,U00082,2026-07-10 06:30:18,1233,fuel,3,android,0
T011829,U01430,2026-07-05 18:46:50,5729,shopping,3,ios,0
T001716,U01812,2026-01-11 14:10:13,1432,shopping,1,android,0
T000208,U00509,2026-04-25 05:53:46,274,recharge,2,ios,0
T003803,U01512,2026-03-31 12:03:07,4246,fuel,2,ios,0
T005904,U00444,2026-01-21 04:16:54,10266,transfer,1,ios,0
T010514,U00172,2026-04-18 20:24:33,2507,fuel,1,ios,0
T012076,U00133,2026-05-25 22:06:23,454,recharge,1,android,0
T015058,U00612,2026-07-10 23:00:00,1000,transfer,2,web,1
T001466,U01710,2026-03-18 00:43:52,1045,fuel,3,ios,0
T005129,U01306,2026-09-11 08:16:32,1382,fuel,1,ios,0
T004802,U00730,2026-07-21 11:25:16,145,recharge,3,ios,0
T003640,U01636,2026-05-13 03:57:16,223,recharge,3,ios,0
T001232,U00144,2026-09-20 20:54:28,592,grocery,3,ios,0
T008812,U00336,2026-03-01 23:52:37,195,recharge,1,ios,0
T005405,U00112,2026-02-21 06:37:10,4832,shopping,1,android,0
T013951,U00526,2026-06-04 08:56:41,5261,fuel,2,android,0
T010335,U00960,2026-07-03 01:28:54,2506,transfer,3,android,0
T003920,U00118,2026-08-18 00:02:51,106,recharge,3,android,0
T013189,U01214,2026-03-15 17:53:56,5969,transfer,3,ios,0
T012035,U00163,2026-05-04 18:15:25,1677,shopping,1,ios,0
T009982,U01922,2026-02-04 11:02:07,2574,transfer,2,android,0
T006232,U00532,2026-06-29 14:48:16,2327,fuel,2,ios,0
T002387,U00332,2026-06-03 04:19:41,4035,shopping,1,android,0
T003890,U00385,2026-07-14 10:54:07,4434,fuel,1,ios,0
T002443,U00765,2026-08-04 17:09:40,419,grocery,3,android,0
T003891,U01455,2026-09-18 19:56:07,2463,fuel,1,ios,0
T009828,U01246,2026-08-30 14:35:25,13333,fuel,3,android,0
T004904,U00282,2026-06-07 01:19:25,2435,shopping,2,ios,0
T006983,U00185,2026-01-23 12:45:56,24929,transfer,2,ios,0
T005050,U01643,2026-08-26 15:51:32,1022,fuel,1,ios,0
T012441,U00494,2026-06-02 12:44:37,1316,transfer,2,ios,0
T002112,U01245,2026-04-11 09:11:45,798,fuel,3,ios,0
T003088,U01128,2026-08-30 19:13:06,2967,shopping,2,android,0
T003549,U00495,2026-05-26 23:50:22,1230,shopping,2,android,0
T012946,U01986,2026-06-13 18:37:40,850,fuel,2,ios,0
T007442,U00909,2026-07-23 05:17:08,1134,grocery,1,ios,0
T002036,U01682,2026-06-02 04:36:19,89,recharge,1,ios,0
T005961,U01412,2026-01-28 17:00:10,5579,transfer,2,android,0
T005146,U00970,2026-02-06 13:29:00,1617,recharge,1,ios,0
T014070,U00633,2026-08-30 12:37:22,4367,fuel,2,android,0
T010977,U01088,2026-02-28 21:49:35,8213,fuel,1,ios,0
T001949,U01570,2026-05-03 06:43:30,276,shopping,3,android,0
T010096,U01353,2026-04-27 19:24:14,8843,grocery,2,android,0
T001397,U00295,2026-07-30 07:07:55,169,grocery,2,ios,0
T008211,U00745,2026-02-17 21:09:51,2822,fuel,1,ios,0
T014551,U00584,2026-01-19 15:37:47,2566,grocery,1,android,0
T007978,U01244,2026-09-22 04:28:38,783,grocery,2,ios,0
T003897,U00982,2026-06-16 06:14:37,59,recharge,1,ios,0
T011164,U01884,2026-09-05 06:43:38,5883,shopping,1,ios,0
T006760,U01493,2026-06-16 19:33:09,378,recharge,2,android,0
T001102,U00369,2026-06-12 13:52:24,2201,transfer,1,web,0
T012028,U00992,2026-06-16 05:12:33,2216,shopping,1,android,0
T011065,U00216,2026-08-20 21:02:34,213,recharge,2,ios,0
T010680,U00847,2026-05-26 05:44:14,3920,transfer,3,android,0
T012003,U00521,2026-02-15 02:24:31,11717,shopping,2,android,0
T003723,U00253,2026-05-26 18:16:52,12127,transfer,2,ios,0
T012838,U01943,2026-04-03 10:30:18,4856,shopping,1,android,0
T009634,U01072,2026-03-11 19:28:25,3415,transfer,1,ios,0
T009589,U01102,2026-03-07 09:15:11,2998,shopping,3,android,0
T013292,U01015,2026-09-16 18:42:44,700,fuel,1,android,0
T010474,U01373,2026-04-05 03:30:57,121,recharge,1,ios,0
T011229,U01672,2026-06-25 22:30:07,544,recharge,3,android,0
T010812,U00352,2026-01-30 02:13:19,1019,grocery,1,android,0
T008915,U00303,2026-08-18 04:09:09,1558,shopping,2,android,0
T003409,U01771,2026-06-03 22:40:18,1186,shopping,1,ios,0
T013990,U00512,2026-02-19 03:11:07,429,recharge,2,ios,0
T003137,U00626,2026-06-09 07:25:57,3024,shopping,1,ios,0
T011684,U00681,2026-01-09 21:47:58,653,grocery,1,android,0
T002372,U01741,2026-02-25 03:53:09,109,recharge,3,ios,0
T014818,U00986,2026-08-16 09:47:30,3178,fuel,2,ios,0
T011483,U00737,2026-09-02 22:02:30,2745,shopping,3,ios,0
T000541,U00519,2026-01-04 23:44:44,4868,grocery,1,android,0
T008439,U00384,2026-01-23 00:10:26,1533,grocery,2,ios,0
T003024,U01105,2026-03-16 18:25:12,2321,shopping,3,ios,0
T009052,U01821,2026-03-04 12:03:33,1625,grocery,1,ios,0
T004344,U01857,2026-05-25 22:24:31,227,recharge,1,ios,0
T005186,U00588,2026-03-08 05:52:39,4455,transfer,2,ios,0
T002858,U01446,2026-05-22 15:40:45,2020,fuel,3,android,0
T012310,U01007,2026-04-07 07:35:46,11449,transfer,3,android,0
T006552,U01302,2026-03-18 03:26:50,1178,shopping,3,ios,0
T006138,U00458,2026-05-26 12:31:32,35,recharge,3,ios,0
T008831,U00285,2026-02-18 00:39:54,7773,transfer,2,ios,0
T002129,U01763,2026-01-20 11:10:50,250,recharge,2,android,0
T013678,U00320,2026-09-29 08:16:05,1115,grocery,2,android,0
T009137,U01589,2026-02-26 04:02:09,219,recharge,2,ios,0
T009672,U00575,2026-04-30 21:09:18,151,recharge,2,android,0
T003014,U00278,2026-08-26 09:31:58,364,recharge,3,android,0
T000875,U00875,2026-05-22 04:46:31,474,grocery,2,android,0
T012704,U01605,2026-06-25 02:03:00,2202,transfer,3,ios,0
T008503,U01146,2026-02-19 13:31:18,364,grocery,1,ios,0
T002452,U01084,2026-01-15 11:23:56,1019,fuel,2,android,0
T003329,U01058,2026-01-05 15:35:26,976,fuel,3,android,0
T005165,U00160,2026-08-11 18:16:12,346,recharge,1,android,0
T009023,U00438,2026-01-10 11:04:17,7405,shopping,1,ios,0
T004624,U00497,2026-06-22 12:22:23,1061,fuel,1,ios,0
T002788,U00773,2026-05-09 18:21:29,680,grocery,3,android,0
T004613,U00321,2026-05-21 09:42:50,10150,fuel,1,android,0
T011441,U01294,2026-06-22 13:59:39,6030,shopping,1,ios,0
T009421,U01560,2026-06-23 11:51:58,1214,recharge,3,android,0
T012708,U01488,2026-01-28 11:05:30,1332,transfer,3,ios,0
T010404,U01533,2026-09-30 23:57:02,181,recharge,1,android,0
T006108,U01760,2026-09-09 17:24:14,8575,transfer,3,android,0
T010909,U00531,2026-07-24 04:08:21,372,fuel,1,ios,0
T014020,U01222,2026-06-20 08:44:31,7838,fuel,1,ios,0
T011112,U01733,2026-07-02 04:36:44,2449,grocery,3,android,0
T012957,U01972,2026-09-14 11:24:35,1290,fuel,1,android,0
T011444,U01835,2026-07-26 13:59:32,688,fuel,3,ios,0
T000943,U00650,2026-09-30 17:49:30,455,recharge,3,android,0
T003038,U00673,2026-08-02 09:13:32,829,grocery,2,ios,0
T006342,U01518,2026-02-14 12:42:15,2198,shopping,2,ios,0
T006080,U01799,2026-02-07 12:45:05,196,recharge,1,android,0
T004352,U01074,2026-05-31 19:16:45,131,recharge,3,ios,0
T012773,U01138,2026-02-13 18:02:31,5197,transfer,2,ios,0
T013081,U00577,2026-03-30 04:31:42,651,recharge,1,ios,0
T005254,U01064,2026-08-08 08:44:16,2532,transfer,3,ios,0
T006644,U01974,2026-08-31 00:33:41,1592,shopping,3,android,0
T002259,U00429,2026-01-24 10:32:12,695,recharge,1,android,0
T010393,U00203,2026-02-22 11:54:43,356,grocery,3,android,0
T006002,U00161,2026-03-14 05:10:25,109,recharge,1,android,0
T013603,U00594,2026-07-11 03:26:43,1458,grocery,1,ios,0
T010789,U00335,2026-05-18 22:01:24,335,grocery,1,android,0
T000118,U00721,2026-03-15 02:27:53,12212,shopping,3,ios,0
T011106,U01956,2026-05-14 05:32:45,333,recharge,3,ios,0
T000203,U00839,2026-03-14 20:01:52,388,grocery,2,ios,0
T001135,U00042,2026-08-23 21:48:51,1000,grocery,3,ios,0
T005433,U00592,2026-01-31 02:55:06,236,recharge,2,android,0
T002999,U00642,2026-06-08 10:13:34,2999,transfer,1,ios,0
T004632,U01074,2026-08-20 07:21:51,7704,transfer,2,ios,0
T002643,U00985,2026-06-22 05:16:39,114,recharge,3,android,0
T013487,U01365,2026-06-27 07:05:34,1341,fuel,2,ios,0
T002245,U01841,2026-05-08 10:43:50,5000,grocery,2,ios,1
T012536,U01089,2026-05-28 17:16:40,1089,grocery,3,android,0
T014079,U00909,2026-02-20 20:59:40,1342,shopping,2,ios,0
T003608,U01087,2026-01-22 11:56:38,4124,fuel,3,android,0
T012043,U00539,2026-04-24 00:43:12,5204,transfer,1,android,0
T011051,U01879,2026-04-24 10:58:46,2797,shopping,1,android,0
T010311,U00568,2026-02-16 07:52:27,450,fuel,1,ios,0
T000124,U00360,2026-04-25 09:05:59,37021,transfer,2,android,0
T008963,U00208,2026-08-10 02:57:38,1177,shopping,1,ios,0
T010235,U00347,2026-02-06 06:38:56,3165,transfer,2,ios,0
T001107,U00777,2026-08-17 09:18:39,66,recharge,2,android,0
T003374,U00145,2026-04-11 04:01:00,6945,shopping,2,ios,0
T012607,U01803,2026-06-17 19:33:42,1491,shopping,3,ios,0
T013938,U01202,2026-01-02 01:33:28,3586,shopping,2,android,0
T007044,U00869,2026-09-06 18:00:34,26384,transfer,3,android,0
T013337,U00306,2026-01-19 23:36:12,4357,shopping,3,ios,0
T005731,U00145,2026-07-05 19:04:29,8149,shopping,2,ios,0
T012276,U01377,2026-09-18 13:11:03,682,fuel,1,android,0
T000724,U00061,2026-03-27 00:42:56,860,fuel,1,android,0
T006597,U00613,2026-08-15 08:32:33,1192,shopping,3,ios,0
T007746,U00165,2026-04-12 04:07:36,1397,grocery,1,android,0
T004942,U01534,2026-01-09 13:40:03,1427,grocery,2,android,0
T000900,U00090,2026-04-14 22:44:21,341,fuel,1,android,0
T007943,U00744,2026-05-12 06:35:31,2624,transfer,2,ios,0
T014208,U00158,2026-05-20 21:45:04,1281,transfer,2,android,0
T005866,U01231,2026-05-22 13:17:56,320,recharge,2,ios,0
T014336,U00598,2026-03-27 03:20:36,857,grocery,3,ios,0
T003743,U01284,2026-03-14 02:39:27,643,fuel,2,ios,0
T007869,U01468,2026-04-10 11:17:15,24641,transfer,3,ios,0
T009022,U01974,2026-01-16 14:13:58,5415,transfer,1,android,0
T008920,U01953,2026-09-24 16:09:24,2071,shopping,3,ios,0
T013980,U01288,2026-03-10 12:21:45,1146,fuel,1,android,0
T003550,U01126,2026-08-01 20:47:48,3958,shopping,1,android,0
T013696,U00890,2026-08-08 17:31:15,525,recharge,3,ios,0
T008986,U00892,2026-03-04 23:17:32,265,recharge,2,ios,0
T000890,U01316,2026-01-01 13:02:54,2801,fuel,1,ios,0
T000977,U00189,2026-04-25 07:16:09,229,recharge,3,android,0
T006576,U01613,2026-04-08 07:52:07,2002,grocery,3,ios,0
T007792,U01713,2026-02-18 13:16:38,10167,transfer,2,android,0
T004308,U00419,2026-07-24 17:57:14,412,recharge,2,ios,0
T004969,U00853,2026-09-26 18:22:54,233,recharge,3,ios,0
T000568,U00893,2026-01-30 06:02:39,4653,fuel,2,ios,0
T006439,U01955,2026-07-08 22:03:11,2529,fuel,2,android,0
T008210,U01395,2026-02-07 12:54:43,60653,transfer,1,android,0
T002094,U01856,2026-08-09 00:26:15,3665,shopping,2,android,0
T003793,U00811,2026-05-17 04:17:47,10713,transfer,3,ios,0
T004622,U01218,2026-06-19 00:44:51,2192,transfer,2,android,0
T004869,U01846,2026-02-11 13:06:52,346,recharge,1,android,0
T009846,U00334,2026-04-14 22:32:51,230,grocery,1,android,0
T002504,U00832,2026-01-13 01:15:17,4154,transfer,1,ios,1
T002119,U00782,2026-03-28 18:40:05,1429,grocery,1,ios,0
T007403,U00349,2026-03-12 03:04:51,3047,fuel,3,ios,0
T003214,U01142,2026-09-17 03:02:42,4497,transfer,2,android,0
T004261,U00767,2026-09-25 14:16:25,10395,transfer,3,ios,0
T012430,U01961,2026-04-18 22:45:29,347,fuel,1,ios,0
T015050,U01965,2026-03-24 09:05:00,10000,transfer,1,web,1
T004247,U00205,2026-07-14 02:55:00,641,recharge,2,android,0
T007753,U01218,2026-09-09 18:16:18,880,recharge,2,android,0
T013866,U01400,2026-07-03 10:29:07,4530,fuel,3,android,0
T011075,U01284,2026-02-06 06:11:53,305,grocery,1,ios,0
T008965,U00972,2026-08-29 22:34:34,1583,fuel,1,android,0
T014395,U01270,2026-07-26 08:22:44,945,recharge,2,android,0
T001757,U01207,2026-03-17 02:28:57,1871,shopping,1,ios,0
T012823,U01809,2026-06-10 15:26:02,1222,fuel,3,ios,0
T009775,U00244,2026-06-17 09:46:41,179,recharge,1,ios,0
T012432,U01370,2026-03-23 08:52:00,1676,shopping,1,ios,0
T008318,U00499,2026-06-25 14:35:00,291,recharge,2,ios,0
T004611,U01245,2026-09-30 00:03:30,1090,grocery,3,ios,0
T013548,U01183,2026-04-30 01:31:50,1889,shopping,3,android,0
T005397,U00729,2026-07-13 07:15:11,3285,transfer,1,android,0
T014910,U00746,2026-04-18 00:45:56,3094,grocery,3,ios,0
T010800,U01512,2026-07-10 23:30:15,258,recharge,2,ios,0
T014582,U00074,2026-05-17 01:54:00,640,grocery,2,ios,0
T003501,U01567,2026-06-21 09:53:04,2260,fuel,2,android,0
T007653,U01857,2026-06-10 06:59:55,827,fuel,2,ios,0
T008035,U00082,2026-04-04 01:53:31,3269,shopping,3,ios,0
T014666,U01466,2026-02-13 11:13:35,685,shopping,1,android,0
T010559,U01712,2026-05-29 16:43:40,1361,fuel,1,ios,0
T002228,U01170,2026-08-23 04:41:22,2514,transfer,1,ios,0
T006028,U00085,2026-01-04 19:10:38,18973,transfer,3,android,0
T010704,U01747,2026-01-09 23:56:48,9970,transfer,3,ios,0
T002262,U00237,2026-06-02 13:58:32,3687,grocery,2,android,0
T004203,U00884,2026-09-04 03:16:54,434,grocery,3,ios,0
T010439,U01689,2026-09-07 23:18:25,506,grocery,2,android,0
T002859,U00335,2026-09-14 02:35:43,105,recharge,1,android,0
T003525,U00612,2026-05-09 16:12:41,309,recharge,3,ios,0
T011935,U01821,2026-01-26 04:44:37,204,recharge,2,ios,0
T000535,U01866,2026-07-15 11:52:07,882,fuel,1,ios,0
T008683,U01928,2026-09-26 00:05:46,878,transfer,3,ios,0
T007031,U00385,2026-07-31 15:43:03,1438,fuel,3,ios,0
T001412,U00350,2026-05-21 17:39:56,3973,grocery,3,ios,0
T010296,U00889,2026-08-23 22:53:08,849,fuel,3,ios,0
T009991,U00768,2026-02-15 15:18:14,1439,fuel,2,android,0
T014969,U01298,2026-02-12 00:14:48,5424,transfer,1,android,0
T003444,U00977,2026-03-26 16:39:39,1699,shopping,2,ios,0
T011748,U00646,2026-01-05 21:18:53,6366,fuel,1,ios,0
T012097,U01255,2026-07-17 22:47:29,414,recharge,3,ios,0
T005513,U01682,2026-04-12 04:57:27,1228,grocery,1,ios,0
T011721,U00604,2026-06-17 22:25:02,2912,fuel,1,ios,0
T009115,U00143,2026-06-27 12:24:30,8010,transfer,3,android,0
T007220,U00912,2026-08-10 04:12:09,1499,shopping,1,ios,0
T003016,U00423,2026-06-16 12:38:03,1304,fuel,3,android,0
T008885,U00024,2026-09-26 11:13:03,6258,fuel,3,ios,0
T014290,U01490,2026-04-06 04:37:22,1308,shopping,3,ios,0
T009414,U00078,2026-07-20 17:37:22,2943,transfer,1,android,0
T011185,U00870,2026-07-25 18:31:18,1141,recharge,1,ios,0
T014306,U00818,2026-01-22 19:53:40,527,fuel,3,ios,0
T001310,U00130,2026-07-31 00:05:53,141,recharge,2,android,0
T005832,U01223,2026-01-11 02:50:20,3909,shopping,1,android,0
T011230,U00937,2026-06-21 07:35:19,2301,fuel,3,ios,0
T008232,U00698,2026-01-20 21:37:51,1592,shopping,3,web,0
T004715,U00814,2026-09-11 14:36:01,444,grocery,1,android,0
T013778,U00091,2026-04-18 15:19:02,2641,shopping,1,android,0
T009268,U01495,2026-06-30 10:21:51,318,grocery,3,ios,0
T008921,U00530,2026-08-30 20:15:24,149,recharge,2,android,0
T008380,U01323,2026-07-10 14:20:33,269,grocery,2,ios,0
T002594,U00453,2026-06-02 18:15:57,473,grocery,1,ios,1
T002854,U00893,2026-06-01 04:11:12,447,grocery,1,android,0
T015046,U00417,2026-08-28 06:06:00,10000,transfer,1,web,1
T003361,U00713,2026-02-13 08:49:21,2281,fuel,3,ios,0
T001683,U00778,2026-07-01 11:40:14,2744,transfer,1,ios,0
T006390,U00887,2026-01-01 03:46:19,129,recharge,3,android,0
T006835,U01994,2026-01-22 02:44:18,1481,transfer,1,ios,0
T007996,U00027,2026-01-08 17:06:33,396,recharge,3,android,0
T007563,U01770,2026-05-17 08:39:53,10398,shopping,1,web,0
T003667,U00183,2026-03-13 22:10:30,104,grocery,1,android,0
T005302,U01571,2026-09-04 14:58:49,2245,shopping,2,ios,0
T014081,U01445,2026-01-10 16:43:34,1720,shopping,1,android,0
T007575,U01604,2026-04-08 07:19:25,987,shopping,2,android,0
T011359,U00059,2026-02-08 22:32:50,786,grocery,1,ios,0
T005260,U00468,2026-08-21 08:50:25,361,recharge,2,android,0
T013257,U00719,2026-04-03 04:43:40,1050,fuel,3,android,0
T013936,U01453,2026-09-21 01:18:49,3790,transfer,1,android,0
T011934,U01427,2026-09-28 07:00:35,4636,fuel,3,android,0
T013639,U01815,2026-07-09 13:31:46,662,recharge,1,ios,0
T005649,U01434,2026-05-21 06:05:55,2161,shopping,2,android,0
T009174,U00689,2026-01-30 16:00:27,447,shopping,1,ios,0
T006259,U00477,2026-08-26 15:51:40,1892,grocery,3,ios,0
T011964,U01038,2026-07-07 21:00:06,3682,transfer,3,ios,0
T009740,U00701,2026-06-25 07:17:01,588,grocery,2,android,0
T007721,U00423,2026-09-01 06:35:46,2447,grocery,1,android,0
T012700,U01859,2026-04-04 23:50:29,325,fuel,3,android,0
T014513,U01173,2026-04-15 14:26:42,560,recharge,3,android,0
T013019,U00877,2026-03-16 08:21:06,12766,transfer,2,android,0
T012455,U01000,2026-07-26 11:16:11,1960,fuel,3,ios,0
T009376,U01369,2026-04-24 06:18:54,1811,transfer,2,android,0
T014022,U01678,2026-05-10 12:50:37,19174,transfer,1,ios,0
T005843,U01191,2026-01-26 20:56:52,1122,transfer,2,ios,0
T012660,U00471,2026-03-17 03:18:11,52,recharge,1,ios,0
T014195,U01477,2026-07-21 14:39:12,172,recharge,1,ios,0
T005656,U00630,2026-03-10 01:07:49,281,recharge,2,ios,0
T000348,U01504,2026-07-07 09:32:06,1596,grocery,3,android,0
T004337,U00986,2026-04-23 01:46:20,670,recharge,1,ios,0
T007064,U01726,2026-09-07 22:05:59,4324,shopping,3,ios,0
T004456,U01507,2026-08-03 12:46:17,1224,grocery,1,ios,0
T007593,U00206,2026-05-03 21:38:43,3431,transfer,3,ios,0
T003081,U01277,2026-03-02 09:58:50,2705,shopping,2,android,0
T011838,U00554,2026-01-20 19:01:31,4049,shopping,1,ios,0
T003001,U01223,2026-07-09 12:31:22,1093,recharge,3,android,0
T009166,U00876,2026-03-13 08:38:07,2097,grocery,2,ios,0
T004259,U01990,2026-03-29 16:07:15,1857,fuel,2,ios,0
T012909,U01404,2026-05-24 12:52:07,2784,transfer,3,android,0
T003415,U01261,2026-03-17 18:51:18,4174,shopping,3,ios,0
T006649,U00153,2026-09-13 05:13:35,684,recharge,2,ios,0
T000496,U01196,2026-02-23 20:04:06,2113,grocery,2,ios,0
T007068,U01167,2026-09-06 10:33:45,2308,shopping,3,android,0
T008656,U01261,2026-06-04 18:38:51,1614,shopping,3,ios,0
T007108,U00985,2026-02-27 10:42:15,2257,fuel,1,android,0
T009818,U00950,2026-07-29 17:18:00,254,recharge,3,web,0
T002790,U01898,2026-01-27 20:10:17,519,fuel,2,ios,0
T004943,U01189,2026-03-01 19:36:54,2173,shopping,1,ios,0
T009027,U01353,2026-06-17 18:56:17,1593,shopping,1,android,0
T011834,U00844,2026-09-18 00:06:25,3915,shopping,1,ios,0
T004227,U00365,2026-04-01 15:47:02,134,recharge,3,ios,0
T007488,U00210,2026-09-12 23:51:36,1576,shopping,2,ios,0
T011501,U00700,2026-09-04 06:51:01,774,fuel,2,android,0
T004287,U00644,2026-09-14 08:22:02,19891,transfer,2,android,0
T007771,U00853,2026-09-20 05:56:07,736,grocery,3,ios,0
T011952,U00712,2026-07-13 08:26:23,201,grocery,2,android,0
T006808,U01831,2026-01-09 04:20:28,1691,grocery,2,ios,0
T010882,U01291,2026-04-29 23:26:23,3328,transfer,3,ios,0
T010076,U01846,2026-07-26 07:47:33,6631,transfer,1,ios,0
T009656,U00615,2026-06-27 10:38:48,1513,grocery,3,ios,0
T013500,U01777,2026-06-26 14:56:47,1372,grocery,2,android,0
T014740,U00227,2026-01-07 05:25:44,6456,transfer,2,ios,0
T001542,U01614,2026-05-18 04:40:22,4114,transfer,1,ios,0
T011985,U01165,2026-03-04 09:16:54,6023,fuel,2,android,0
T003903,U01382,2026-07-03 17:19:32,2343,fuel,2,ios,0
T009875,U00737,2026-03-19 09:24:59,1594,shopping,3,ios,0
T001888,U00833,2026-01-01 03:11:59,301,recharge,3,android,0
T014602,U00813,2026-02-11 11:15:32,1217,transfer,2,ios,0
T013610,U00397,2026-05-13 14:01:18,1137,grocery,2,ios,0
T007468,U01134,2026-02-08 01:49:13,3204,grocery,1,ios,0
T004180,U00329,2026-04-09 05:02:11,431,shopping,2,web,0
T001374,U01828,2026-07-30 19:08:30,1199,shopping,3,ios,0
T014253,U00755,2026-06-29 03:05:42,341,grocery,3,android,0
T000678,U00395,2026-01-21 12:49:29,10942,shopping,3,ios,0
T002693,U00137,2026-05-19 12:43:26,6906,shopping,3,android,0
T000775,U00078,2026-06-22 07:49:40,2600,fuel,3,android,0
T010548,U01303,2026-07-04 08:31:39,872,fuel,1,ios,0
T004581,U00200,2026-06-08 08:58:15,567,recharge,1,android,0
T009605,U01603,2026-03-22 22:36:34,1232,grocery,1,ios,0
T014305,U00708,2026-01-23 02:09:35,2686,fuel,1,ios,0
T001436,U00649,2026-05-23 00:39:53,6762,transfer,3,ios,0
T002081,U01987,2026-02-25 00:07:41,1553,fuel,3,ios,0
T006802,U01501,2026-03-31 13:10:12,3131,recharge,2,android,0
T012688,U00479,2026-08-23 01:31:28,144,recharge,3,ios,0
T012258,U00316,2026-04-02 08:44:26,5507,transfer,3,ios,0
T010031,U00888,2026-05-04 14:10:17,858,grocery,3,ios,0
T009231,U01850,2026-06-18 17:29:39,2346,grocery,2,android,0
T010554,U01115,2026-09-24 20:45:20,565,grocery,2,ios,0
T011069,U01839,2026-09-14 13:23:42,3395,transfer,2,android,0
T010098,U01168,2026-07-20 12:22:41,2956,transfer,2,android,0
T000177,U00040,2026-02-20 22:55:35,1512,fuel,1,android,0
T006793,U01435,2026-05-02 16:18:32,4874,shopping,1,ios,0
T009654,U01936,2026-09-13 23:23:57,646,grocery,3,ios,0
T008678,U01339,2026-03-06 22:37:59,765,fuel,2,ios,0
T011067,U01737,2026-09-25 14:53:46,8556,transfer,3,ios,0
T005511,U01058,2026-04-29 19:13:48,4295,shopping,2,android,0
T014439,U00184,2026-01-02 07:57:39,2345,shopping,3,android,0
T011554,U01698,2026-08-01 13:11:10,445,grocery,3,android,0
T001005,U00559,2026-05-29 13:22:06,556,recharge,1,ios,0
T007305,U00870,2026-05-01 12:56:53,358,fuel,3,android,0
T012214,U01807,2026-08-19 21:21:39,2835,transfer,2,ios,0
T002003,U00069,2026-08-10 03:08:28,865,grocery,2,android,0
T014252,U00964,2026-02-26 16:09:55,1423,shopping,1,ios,0
T004324,U00523,2026-08-13 19:43:43,1390,fuel,2,android,0
T002271,U01015,2026-09-14 00:53:39,22186,transfer,2,android,0
T005131,U01773,2026-06-30 18:04:11,1400,fuel,2,ios,0
T004424,U01647,2026-02-26 10:42:10,1371,fuel,2,ios,0
T012668,U01920,2026-05-03 06:01:38,345,recharge,1,ios,0
T003704,U01743,2026-08-05 21:35:37,3272,fuel,3,android,0
T010472,U00556,2026-04-06 09:06:14,2636,shopping,2,ios,0
T005410,U01491,2026-07-17 15:30:26,245,recharge,2,ios,0
T003171,U00069,2026-08-21 00:00:28,1740,transfer,3,android,0
T012774,U01043,2026-05-11 20:13:53,990,shopping,1,ios,0
T001534,U01279,2026-03-31 12:18:25,100,recharge,2,android,0
T010665,U01633,2026-04-07 10:18:15,677,grocery,1,android,0
T010970,U00231,2026-03-14 08:30:31,174,grocery,2,android,0
T002875,U01376,2026-02-14 06:43:17,448,fuel,2,android,0
T010276,U01034,2026-04-15 02:33:57,782,grocery,2,android,0
T012164,U01263,2026-04-16 08:58:25,26312,transfer,3,ios,0
T013572,U00834,2026-09-17 07:41:18,1709,grocery,2,android,0
T005887,U01557,2026-05-10 23:22:27,6228,fuel,1,ios,0
T002711,U00197,2026-06-08 18:49:46,289,recharge,1,android,0
T012761,U01348,2026-06-14 20:10:56,425,grocery,3,ios,0
T001166,U01792,2026-01-12 04:46:48,4592,shopping,1,android,0
T010214,U01810,2026-01-02 03:37:10,3357,grocery,1,ios,0
T011328,U00362,2026-05-20 02:02:02,2260,transfer,3,android,0
T014198,U01661,2026-06-25 12:26:34,560,fuel,2,android,0
T013175,U01944,2026-03-17 15:47:43,1082,transfer,1,android,0
T006202,U01738,2026-02-18 10:20:17,811,grocery,2,android,0
T014053,U00082,2026-01-14 14:33:17,273,grocery,2,android,0
T010787,U00827,2026-01-02 17:00:18,450,recharge,3,android,0
T000069,U00581,2026-08-08 20:49:36,26,recharge,3,ios,0
T010351,U00737,2026-07-04 22:22:42,846,grocery,2,ios,0
T002735,U00502,2026-07-04 01:50:57,2969,grocery,2,ios,0
T013973,U00349,2026-09-17 15:57:13,5174,shopping,2,ios,0
T004496,U00127,2026-06-11 16:27:03,112,recharge,1,ios,0
T012031,U01942,2026-05-17 12:48:47,32471,transfer,1,ios,0
T000050,U01258,2026-06-01 00:12:43,472,fuel,2,ios,0
T014080,U00094,2026-09-01 23:52:33,400,shopping,1,android,0
T010560,U00778,2026-08-20 10:09:48,4260,shopping,3,ios,0
T007666,U00768,2026-04-10 23:21:53,270,fuel,3,android,0
T012247,U00179,2026-07-17 10:19:08,18299,shopping,1,ios,0
T012268,U01177,2026-04-28 22:55:02,322,fuel,3,android,0
T011566,U01740,2026-07-03 22:47:44,11059,transfer,1,android,0
T013985,U01760,2026-07-02 17:54:58,6890,transfer,2,web,0
T002754,U00995,2026-07-31 02:12:30,2051,shopping,1,android,0
T001937,U01354,2026-08-30 14:22:55,358,recharge,3,ios,0
T000129,U00208,2026-09-24 20:47:57,2310,transfer,3,ios,0
T011562,U00679,2026-06-25 05:32:17,2869,transfer,2,android,0
T007144,U01753,2026-01-04 18:55:07,1864,fuel,1,ios,0
T002486,U01907,2026-08-14 08:00:38,1370,grocery,2,android,0
T008928,U01317,2026-06-23 14:30:13,3323,fuel,1,android,0
T009811,U01726,2026-09-13 13:10:34,993,recharge,2,ios,0
T003541,U00595,2026-09-29 23:48:31,3500,transfer,3,ios,0
T001890,U00282,2026-07-24 17:56:48,244,recharge,2,ios,0
T012979,U00891,2026-05-10 01:31:56,3613,shopping,1,ios,0
T009984,U01686,2026-03-01 23:36:28,643,grocery,2,ios,0
T003962,U01784,2026-09-24 20:23:11,2627,transfer,2,android,0
T011103,U00003,2026-09-10 14:35:25,9875,fuel,1,ios,0
T014816,U00395,2026-07-14 13:15:16,1072,shopping,1,ios,0
T004292,U01468,2026-05-19 17:35:27,457,grocery,3,ios,0
T005428,U00613,2026-07-26 10:10:01,1398,grocery,1,ios,0
T003926,U01190,2026-02-19 23:17:42,4719,fuel,2,ios,0
T012206,U00113,2026-07-05 17:27:15,1576,grocery,1,android,0
T010942,U00845,2026-05-24 05:47:32,5227,shopping,3,ios,0
T010676,U01329,2026-06-19 16:06:37,15535,transfer,1,ios,0
T012672,U01802,2026-07-16 12:58:40,882,recharge,1,android,0
T006140,U00911,2026-02-24 21:48:35,7768,transfer,1,android,0
T010614,U00888,2026-07-24 23:09:55,705,recharge,2,ios,0
T004314,U01107,2026-01-26 22:45:08,497,grocery,3,android,0
T008918,U01213,2026-03-20 13:21:48,2619,fuel,3,android,0
T011258,U00169,2026-09-06 18:36:57,264,recharge,1,android,0
T005071,U00048,2026-08-19 17:47:56,234,grocery,2,android,0
T004538,U00695,2026-09-07 03:53:26,5864,transfer,3,android,0
T012093,U00495,2026-02-11 05:30:27,1954,transfer,1,android,0
T011382,U01687,2026-04-01 00:16:47,649,shopping,2,android,0
T011455,U01802,2026-02-20 17:26:45,808,recharge,1,android,0
T008486,U01256,2026-02-15 05:47:59,10507,fuel,3,android,0
T003090,U01720,2026-08-30 02:35:20,272,grocery,2,android,0
T013868,U01190,2026-02-21 00:27:56,2843,shopping,1,ios,0
T009712,U01757,2026-02-08 01:04:30,4673,transfer,2,android,0
T006718,U00098,2026-02-06 06:51:06,793,grocery,3,ios,0
T013666,U00071,2026-06-10 15:17:48,1136,fuel,2,android,0
T005629,U01611,2026-01-11 14:24:48,3872,transfer,1,android,0
T006470,U00680,2026-07-09 17:39:42,4131,fuel,1,android,0
T012543,U00205,2026-04-18 01:31:58,388,fuel,1,ios,0
T006269,U01257,2026-05-22 05:34:37,7467,transfer,3,ios,0
T010540,U00750,2026-01-01 11:43:19,283,grocery,1,ios,0
T009443,U00019,2026-03-08 04:09:18,2294,grocery,2,android,0
T012481,U01433,2026-05-12 16:27:10,1432,fuel,3,ios,0
T008372,U00157,2026-09-16 02:15:56,2484,fuel,3,android,0
T002618,U00172,2026-02-08 10:20:27,4114,transfer,2,ios,0
T000983,U00722,2026-05-06 07:36:23,4373,transfer,1,ios,0
T013312,U00452,2026-08-21 09:34:29,907,grocery,1,ios,0
T008992,U01510,2026-06-23 22:58:51,2062,fuel,3,ios,0
T001247,U01308,2026-07-23 13:08:12,643,grocery,3,android,0
T006270,U00038,2026-06-20 11:17:10,292,recharge,2,web,0
T006554,U00945,2026-03-13 21:28:04,1743,grocery,3,android,0
T005359,U01885,2026-03-12 17:20:27,9295,transfer,2,ios,0
T003562,U00496,2026-03-07 10:49:33,2505,fuel,3,android,0
T010189,U00556,2026-05-13 10:25:10,3408,shopping,1,ios,0
T005211,U00604,2026-03-03 12:58:07,978,transfer,1,ios,0
T009293,U01886,2026-07-27 10:47:02,4736,fuel,2,ios,0
T008389,U01289,2026-06-09 15:45:35,1295,grocery,2,ios,0
T008255,U00306,2026-03-27 14:02:00,1444,grocery,3,ios,0
T000500,U00954,2026-03-10 01:36:38,5427,shopping,1,ios,0
T009045,U00548,2026-01-02 10:43:49,860,fuel,2,android,0
T014689,U01673,2026-06-14 12:09:48,530,grocery,3,ios,0
T014604,U01607,2026-02-17 15:20:58,1047,shopping,2,ios,0
T009695,U01346,2026-07-30 09:43:45,680,recharge,1,android,0
T004303,U01789,2026-02-25 05:29:07,1042,shopping,3,android,0
T005900,U00895,2026-05-13 03:12:01,1557,shopping,3,android,0
T009348,U00329,2026-05-04 22:57:37,10032,shopping,1,android,0
T005695,U01305,2026-01-24 16:49:24,748,grocery,3,android,0
T012613,U00940,2026-05-03 00:54:30,5113,transfer,1,android,0
T012331,U00818,2026-08-20 01:20:22,1541,grocery,3,ios,0
T013728,U01847,2026-03-23 09:30:05,3753,transfer,3,ios,0
T012222,U01928,2026-06-17 06:56:45,5133,transfer,2,ios,0
T010048,U01447,2026-03-25 14:26:58,2346,shopping,1,ios,0
T011420,U00793,2026-09-15 13:43:43,4199,shopping,1,android,0
T004169,U00727,2026-01-26 04:38:49,251,recharge,2,ios,0
T008105,U00241,2026-02-10 20:03:24,72,recharge,3,android,0
T000223,U01113,2026-03-27 21:42:55,14506,shopping,2,ios,0
T006366,U00977,2026-09-30 22:57:20,2364,grocery,2,ios,0
T012664,U00294,2026-02-09 16:07:14,9447,transfer,2,android,0
T015077,U00965,2026-04-16 13:25:00,2000,transfer,3,web,1
T009624,U01086,2026-01-10 14:06:00,142,recharge,1,android,0
T002931,U00105,2026-08-23 09:06:22,12571,transfer,1,android,0
T001341,U00192,2026-09-15 13:22:49,655,grocery,3,android,0
T004122,U00257,2026-07-28 04:51:56,7650,shopping,3,ios,0
T012269,U00139,2026-09-12 04:42:38,349,grocery,1,android,0
T006169,U01795,2026-01-17 04:21:53,3996,shopping,3,android,0
T006807,U00669,2026-04-02 01:06:34,4226,grocery,2,ios,0
T003586,U00447,2026-02-11 23:31:04,8653,transfer,1,ios,0
T008418,U01358,2026-09-26 02:45:58,1737,fuel,3,android,0
T011999,U01967,2026-08-05 15:45:38,6972,transfer,2,ios,0
T008313,U01359,2026-02-27 05:34:03,10436,transfer,1,android,0
T012477,U01302,2026-02-05 06:24:52,889,fuel,3,ios,0
T009098,U01901,2026-03-26 12:40:19,4650,transfer,1,android,0
T012405,U00704,2026-03-31 08:24:12,991,shopping,2,android,0
T011993,U01702,2026-08-19 20:01:00,3063,transfer,3,ios,0
T007382,U01981,2026-03-03 05:41:29,202,grocery,1,android,0
T003457,U01781,2026-09-12 20:22:09,1173,fuel,3,ios,0
T014724,U01831,2026-03-03 03:36:01,332,recharge,1,web,0
T000893,U01599,2026-09-25 05:42:01,1476,shopping,1,android,0
T012290,U01184,2026-06-13 03:24:53,2038,fuel,3,ios,0
T009124,U01569,2026-07-21 02:23:43,3430,transfer,1,ios,0
T005470,U00329,2026-04-08 17:27:17,3286,fuel,3,android,0
T011198,U00649,2026-09-03 06:59:08,3297,transfer,3,web,0
T011773,U01451,2026-07-18 04:06:05,558,recharge,1,ios,0
T006604,U00876,2026-07-26 14:39:09,702,fuel,1,web,0
T000479,U01417,2026-07-14 03:17:25,967,grocery,3,ios,0
T000377,U01776,2026-06-27 16:37:40,7111,shopping,2,android,0
T006920,U01134,2026-09-08 01:51:02,2799,transfer,2,ios,0
T000611,U01042,2026-08-16 10:54:32,136,recharge,3,android,0
T013475,U01546,2026-05-22 17:00:45,355,grocery,3,android,0
T000751,U00565,2026-06-23 02:31:10,489,fuel,1,ios,0
T007828,U01779,2026-09-25 06:17:21,7317,transfer,2,ios,0
T012635,U01072,2026-06-21 19:16:53,327,grocery,3,ios,0
T004768,U01017,2026-01-18 16:12:42,3968,shopping,3,android,0
T007785,U00808,2026-09-12 02:56:56,591,grocery,3,ios,0
T007987,U00418,2026-01-07 13:39:22,2465,shopping,3,ios,0
T012628,U01616,2026-04-27 16:13:02,1440,shopping,2,android,0
T004425,U01531,2026-09-25 04:48:41,5241,transfer,1,ios,0
T006499,U01740,2026-01-07 00:32:59,10997,transfer,1,android,0
T005193,U00350,2026-04-12 20:50:22,6801,transfer,1,web,0
T010900,U01148,2026-09-27 14:28:01,5117,shopping,3,ios,0
T013616,U00947,2026-06-24 00:50:18,2298,transfer,3,web,0
T007824,U00699,2026-02-05 09:25:20,1227,grocery,2,ios,0
T010838,U00414,2026-02-23 08:11:32,2546,grocery,3,android,0
T013243,U01798,2026-03-03 11:57:23,1142,recharge,1,ios,0
T000625,U01575,2026-09-14 22:21:24,1912,shopping,1,android,0
T014061,U01425,2026-01-06 14:06:48,3806,transfer,1,android,0
T009349,U01553,2026-01-26 01:18:44,66,recharge,1,android,0
T002863,U01148,2026-09-05 18:19:26,699,fuel,2,ios,0
T004461,U01231,2026-09-25 04:37:01,549,recharge,1,ios,0
T008482,U01993,2026-06-13 21:10:51,291,recharge,3,ios,0
T012340,U01500,2026-01-19 19:48:17,1572,fuel,2,ios,0
T013751,U01671,2026-04-23 18:26:04,4071,shopping,2,ios,0
T013373,U00229,2026-08-06 06:40:05,8404,transfer,3,android,0
T014691,U00071,2026-02-18 14:16:54,221,recharge,1,ios,0
T012987,U01774,2026-08-29 04:24:09,243,grocery,1,android,0
T010066,U00143,2026-06-01 01:17:22,3754,fuel,1,android,0
T008877,U01016,2026-04-08 18:43:59,133,recharge,1,ios,0
T005304,U00917,2026-07-17 02:56:10,675,grocery,3,android,0
T005263,U01669,2026-07-06 02:29:08,2375,fuel,1,android,0
T006950,U00035,2026-01-26 18:44:33,1676,grocery,1,ios,0
T014068,U00892,2026-05-23 07:00:31,11582,shopping,2,ios,0
T003981,U00853,2026-08-12 23:21:54,72,recharge,2,ios,0
T013786,U01302,2026-09-18 09:45:43,3474,transfer,1,ios,0
T006424,U00241,2026-07-05 16:17:47,4433,fuel,3,android,0
T014636,U00391,2026-06-06 22:44:41,6871,shopping,2,ios,0
T003489,U01158,2026-09-01 09:25:57,1341,transfer,1,ios,0
T005944,U00672,2026-06-25 23:25:18,881,grocery,3,ios,0
T009563,U01207,2026-06-29 10:39:16,805,fuel,1,ios,0
T014096,U01535,2026-08-20 22:11:44,8605,transfer,2,android,0
T007033,U01491,2026-07-30 21:29:27,2365,transfer,1,ios,0
T010608,U00808,2026-08-31 23:34:13,63,grocery,3,ios,0
T013200,U00455,2026-02-17 12:31:35,373,recharge,3,android,0
T007219,U01913,2026-06-09 20:12:01,1780,grocery,2,android,0
T000200,U01376,2026-01-22 01:52:53,1638,transfer,2,android,0
T012714,U01122,2026-04-07 16:32:59,1510,shopping,1,web,0
T007574,U01992,2026-09-04 23:49:52,401,recharge,2,android,0
T003355,U01220,2026-01-15 08:36:23,1362,fuel,1,android,0
T011080,U00262,2026-06-20 10:11:52,2788,shopping,3,android,0
T004813,U00977,2026-04-15 23:23:27,1159,fuel,1,ios,0
T001673,U01812,2026-02-02 10:54:32,467,grocery,1,android,0
T002388,U00924,2026-04-27 14:36:05,1320,fuel,3,android,0
T003621,U01748,2026-09-05 10:12:02,191,recharge,1,ios,0
T001249,U00915,2026-04-10 10:45:52,4383,shopping,3,android,0
T005107,U00771,2026-08-19 03:37:53,1422,grocery,3,ios,0
T007742,U01458,2026-01-11 20:45:53,3910,transfer,2,ios,0
T013821,U00874,2026-04-16 09:41:17,1292,grocery,1,ios,0
T007954,U00028,2026-08-07 22:00:01,551,recharge,3,ios,0
T006511,U00370,2026-09-15 11:50:09,3769,fuel,2,ios,0
T009487,U01457,2026-09-04 23:09:56,285,grocery,1,ios,0
T000675,U01560,2026-05-07 07:14:07,922,transfer,3,android,0
T004059,U01798,2026-06-05 22:01:41,352,recharge,3,ios,0
T001500,U00495,2026-05-01 07:40:18,3289,shopping,2,android,0
T003906,U00930,2026-04-04 13:36:40,900,shopping,1,android,0
T012888,U00723,2026-04-22 02:15:27,1102,grocery,1,android,0
T010152,U00362,2026-01-05 17:23:41,923,fuel,2,android,0
T013193,U00609,2026-06-30 03:02:18,1485,shopping,2,ios,0
T010938,U00234,2026-09-11 00:32:46,3605,transfer,1,android,0
T013919,U00180,2026-03-28 01:20:02,212,fuel,2,ios,0
T004386,U01091,2026-09-14 17:43:30,1706,transfer,3,ios,0
T003010,U00249,2026-08-21 07:56:46,1520,shopping,2,ios,0
T011880,U00205,2026-08-27 12:38:02,150,recharge,2,android,0
T007997,U01337,2026-09-22 01:31:54,7754,transfer,2,ios,0
T006678,U00961,2026-09-01 13:43:07,3448,shopping,2,android,0
T013801,U00050,2026-05-25 06:02:35,14545,transfer,3,android,0
T000092,U00368,2026-06-05 16:53:25,432,fuel,3,android,0
T011289,U01620,2026-08-08 17:34:01,8067,shopping,3,ios,0
T000745,U01245,2026-03-21 07:19:29,1790,shopping,2,ios,0
T015087,U00517,2026-03-01 08:44:00,2000,transfer,2,web,1
T008794,U01930,2026-02-18 06:27:21,4406,shopping,3,android,0
T000306,U00196,2026-01-11 05:44:19,1926,grocery,2,android,0
T002512,U00163,2026-04-19 02:42:08,2545,shopping,2,ios,0
T003910,U00845,2026-09-23 16:21:23,1864,shopping,2,ios,0
T003082,U00630,2026-08-18 10:28:33,10058,transfer,1,ios,0
T007673,U00577,2026-05-25 13:51:26,174,recharge,2,ios,0
T014892,U00966,2026-03-20 00:56:42,2211,recharge,2,android,0
T010636,U00825,2026-05-06 12:27:58,3771,fuel,3,ios,0
T008420,U00200,2026-07-17 19:57:32,1302,shopping,1,android,0
T001087,U00358,2026-04-01 08:39:52,11563,fuel,3,ios,0
T009900,U00453,2026-05-11 03:36:57,3658,shopping,3,ios,0
T005976,U01022,2026-04-27 05:31:48,1878,fuel,3,android,0
T013281,U01552,2026-05-13 12:35:05,2185,grocery,3,android,0
T000466,U01327,2026-05-30 04:39:53,2137,fuel,1,android,0
T011357,U00546,2026-08-28 09:26:37,2386,fuel,2,android,0
T014111,U01388,2026-01-05 03:10:19,8137,shopping,2,android,0
T008070,U01630,2026-03-20 18:05:13,1467,fuel,3,ios,0
T007552,U00589,2026-08-07 18:33:00,25815,transfer,3,ios,0
T012423,U01731,2026-04-04 22:06:43,868,shopping,2,android,0
T005342,U00460,2026-09-12 23:50:09,1257,fuel,3,android,0
T003162,U01794,2026-09-16 08:01:57,205,recharge,2,android,0
T001503,U01430,2026-06-25 10:23:27,1707,shopping,2,android,0
T004056,U00544,2026-02-16 13:43:37,560,fuel,2,ios,0
T003173,U01579,2026-09-20 20:45:15,5992,shopping,2,android,0
T000061,U00871,2026-04-07 03:09:43,710,grocery,3,android,0
T000036,U01334,2026-08-23 06:20:11,6942,shopping,1,ios,0
T003767,U00614,2026-06-17 08:10:24,411,recharge,3,ios,0
T007315,U01944,2026-07-11 02:28:38,2462,fuel,1,android,0
T004686,U01776,2026-07-13 11:17:43,5222,fuel,3,ios,0
T006231,U00877,2026-06-10 07:00:34,922,grocery,1,android,0
T011986,U00205,2026-09-09 08:32:30,796,fuel,1,android,0
T005947,U01955,2026-03-03 15:37:47,5551,shopping,1,android,0
T009320,U01416,2026-05-12 17:33:42,46161,transfer,3,android,0
T008120,U01240,2026-01-24 13:44:36,441,grocery,2,android,0
T004723,U00699,2026-01-16 08:45:09,4643,transfer,1,ios,0
T004051,U00607,2026-05-28 13:19:15,1051,grocery,3,ios,0
T000005,U01145,2026-05-10 07:27:08,865,fuel,2,ios,0
T011427,U01148,2026-09-07 21:39:54,1831,shopping,1,ios,0
T011064,U01394,2026-09-18 05:54:32,1633,fuel,1,ios,0
T012764,U01698,2026-07-22 19:53:26,2340,transfer,1,android,0
T008896,U00395,2026-04-11 01:41:28,3799,transfer,1,ios,0
T000156,U01202,2026-04-11 10:53:06,8599,shopping,2,android,0
T000472,U01329,2026-01-20 09:38:32,303,fuel,1,ios,0
T003973,U01366,2026-03-08 04:34:23,421,recharge,3,ios,0
T012867,U01170,2026-07-19 14:00:18,5741,transfer,2,ios,0
T003656,U01916,2026-08-10 21:31:29,1363,grocery,2,android,0
T008860,U01304,2026-05-10 12:29:28,11236,transfer,2,android,0
T004186,U01975,2026-04-23 08:25:26,2737,transfer,3,android,0
T002687,U01625,2026-03-27 12:13:42,629,fuel,1,ios,0
T003539,U00125,2026-09-05 00:12:50,2022,fuel,2,android,0
T005971,U01941,2026-05-08 15:33:54,391,recharge,3,android,0
T005955,U01074,2026-02-05 11:50:54,1667,shopping,2,ios,0
T000813,U00531,2026-02-04 14:50:22,436,grocery,2,ios,0
T000358,U00625,2026-06-21 17:41:48,2107,fuel,2,android,0
T008371,U01626,2026-03-06 19:50:36,709,recharge,1,ios,0
T010279,U00673,2026-02-11 08:46:33,184,recharge,1,ios,0
T007734,U01943,2026-09-26 19:21:29,588,recharge,1,android,0
T002578,U00429,2026-06-21 18:53:08,1674,fuel,3,android,0
T009479,U01695,2026-04-08 12:35:50,11990,transfer,2,ios,0
T005391,U01553,2026-08-25 19:00:50,463,grocery,3,android,0
T010057,U00302,2026-02-08 12:25:38,690,recharge,1,android,0
T000922,U01948,2026-08-29 09:54:21,485,fuel,3,ios,0
T000591,U01234,2026-09-27 23:49:40,4514,shopping,3,ios,0
T006864,U01282,2026-07-10 04:44:02,4841,shopping,3,ios,0
T003445,U00907,2026-06-30 20:33:41,4794,grocery,3,android,0
T006580,U00015,2026-08-25 22:43:39,394,recharge,2,android,0
T000441,U01595,2026-07-02 05:33:46,949,grocery,2,android,0
T004765,U01189,2026-05-06 15:58:11,409,recharge,1,ios,0
T000548,U00463,2026-06-16 04:53:30,6825,shopping,2,ios,0
T007847,U01398,2026-07-16 19:41:30,6628,transfer,1,ios,0
T007873,U00214,2026-07-25 07:35:55,1801,shopping,3,android,0
T000782,U00816,2026-06-14 03:49:26,5156,transfer,1,ios,0
T003127,U00664,2026-04-15 09:24:18,5845,shopping,1,android,0
T003119,U01207,2026-08-07 18:52:30,383,grocery,2,ios,0
T013492,U00010,2026-07-23 02:40:26,4064,transfer,2,android,0
T007874,U00574,2026-07-01 05:23:02,2705,transfer,1,ios,0
T003242,U01589,2026-07-03 07:07:44,3942,shopping,3,ios,0
T009597,U00448,2026-03-24 11:39:04,198,recharge,3,ios,0
T000844,U01683,2026-06-18 09:41:52,879,fuel,2,android,0
T011989,U01851,2026-09-22 05:13:33,1831,fuel,2,android,0
T004269,U01016,2026-02-15 22:13:04,68,recharge,3,ios,0
T006753,U01147,2026-01-31 15:25:22,457,grocery,1,ios,0
T001773,U00979,2026-09-13 01:08:12,1330,fuel,3,android,0
T013274,U01418,2026-07-19 16:39:15,5334,transfer,1,ios,0
T009353,U01654,2026-01-15 03:29:31,217,grocery,1,ios,0
T013460,U00796,2026-05-09 02:54:34,1261,fuel,3,android,0
T008817,U01909,2026-08-05 03:19:31,122,fuel,2,ios,0
T005917,U00367,2026-04-23 23:11:18,7205,transfer,1,ios,0
T014754,U00813,2026-07-18 19:36:44,5459,shopping,3,ios,0
T005474,U01932,2026-01-31 22:43:55,15857,shopping,2,ios,0
T006501,U00250,2026-08-09 11:36:41,1570,transfer,1,ios,0
T008779,U01493,2026-01-23 06:41:04,4731,recharge,3,android,0
T013719,U01611,2026-04-02 10:08:37,11189,transfer,3,android,0
T012775,U01151,2026-08-02 02:04:52,821,grocery,2,ios,0
T006768,U01983,2026-06-07 19:06:16,8098,shopping,3,android,0
T008249,U01584,2026-02-22 20:54:26,565,fuel,1,ios,0
T003837,U00671,2026-05-26 12:54:07,4934,fuel,3,ios,0
T013466,U01533,2026-01-23 05:17:24,1866,shopping,2,android,0
T008518,U00746,2026-07-17 17:56:13,1425,fuel,1,ios,0
T001287,U00910,2026-06-20 07:33:10,1233,fuel,2,ios,0
T006685,U01362,2026-08-20 02:36:05,238,recharge,1,android,0
T005654,U00932,2026-05-24 04:20:06,3436,shopping,2,ios,0
T012955,U01109,2026-04-27 04:53:42,1239,fuel,3,ios,0
T001282,U01278,2026-05-06 03:54:22,50000,transfer,1,ios,1
T008741,U00687,2026-07-10 12:25:33,898,grocery,1,ios,0
T006560,U01953,2026-06-30 04:35:39,290,recharge,3,ios,0
T004385,U00413,2026-04-08 13:53:25,1349,shopping,1,ios,0
T006973,U00605,2026-05-03 11:26:33,1102,grocery,3,android,0
T011236,U00779,2026-09-12 16:40:24,7296,transfer,3,android,0
T009710,U01671,2026-06-20 17:03:39,5966,grocery,3,ios,0
T004573,U01363,2026-06-09 19:32:43,9917,transfer,3,ios,0
T011414,U01111,2026-08-08 13:47:52,3517,shopping,3,ios,0
T012576,U00293,2026-04-12 19:28:42,2007,fuel,3,ios,0
T012891,U00693,2026-02-23 04:37:00,146,recharge,1,ios,0
T001356,U00131,2026-03-17 13:58:48,944,shopping,2,android,0
T007894,U00047,2026-09-09 22:06:46,149,recharge,2,ios,0
T005028,U01236,2026-04-21 07:37:58,1648,shopping,2,ios,0
T013736,U01063,2026-03-06 06:53:17,7346,transfer,3,ios,0
T007550,U00199,2026-07-15 07:43:05,995,fuel,3,ios,0
T007720,U01407,2026-01-12 02:34:47,3797,fuel,2,ios,0
T005509,U01602,2026-04-15 10:14:14,1271,grocery,3,android,0
T011642,U00128,2026-04-13 13:58:21,438,grocery,3,ios,0
T005212,U00263,2026-07-15 15:40:17,216,recharge,3,ios,0
T013747,U00074,2026-01-29 07:45:21,7182,transfer,3,ios,0
T005670,U00057,2026-08-28 16:24:30,156,recharge,2,ios,0
T006053,U00869,2026-08-20 12:24:52,144,recharge,1,ios,0
T002066,U01435,2026-07-28 13:17:42,166,recharge,1,ios,0
T010785,U00434,2026-07-25 08:52:15,4599,shopping,3,ios,0
T003814,U00985,2026-09-29 16:43:43,2446,grocery,3,web,0
T008706,U01262,2026-09-26 08:55:57,532,recharge,1,android,0
T011333,U01310,2026-09-10 02:38:06,2384,fuel,2,android,0
T004173,U01304,2026-03-03 04:54:54,1120,fuel,3,android,0
T009364,U00442,2026-03-27 12:08:54,7603,transfer,3,ios,0
T004828,U00171,2026-07-02 17:29:44,2746,fuel,3,android,0
T006986,U00921,2026-02-16 16:24:26,3329,shopping,1,android,0
T011885,U01209,2026-07-07 16:12:59,985,fuel,3,ios,0
T002308,U01912,2026-08-31 20:28:20,733,fuel,2,ios,0
T004082,U01132,2026-02-17 16:17:44,15088,transfer,1,web,0
T012768,U01547,2026-02-24 22:54:13,213,recharge,2,android,0
T005393,U01497,2026-04-13 05:45:11,3066,grocery,2,android,0
T003572,U01266,2026-07-31 16:06:04,5422,shopping,3,android,0
T014062,U01692,2026-08-31 08:03:39,3089,grocery,3,ios,0
T000253,U00998,2026-02-23 02:04:42,5000,transfer,3,ios,1
T002069,U01563,2026-09-27 13:44:22,10981,transfer,3,ios,0
T011490,U01294,2026-03-06 23:33:51,3405,fuel,2,ios,0
T003190,U00617,2026-04-19 12:44:25,259,grocery,3,android,0
T012321,U01889,2026-05-05 17:10:48,6005,transfer,1,android,0
T006383,U00863,2026-01-11 23:33:45,208,grocery,2,ios,0
T007447,U01074,2026-02-13 11:38:16,1017,grocery,3,ios,0
T014997,U01482,2026-07-20 17:19:01,564,grocery,1,ios,0
T000482,U00089,2026-03-23 09:31:05,687,grocery,3,ios,0
T006883,U01810,2026-01-11 21:33:38,3669,shopping,2,android,0
T007632,U01007,2026-06-27 20:21:28,1476,fuel,2,android,0
T010939,U01650,2026-05-27 12:45:35,290,fuel,3,android,0
T007092,U01631,2026-03-23 20:50:00,389,fuel,1,android,0
T007045,U00939,2026-05-16 07:34:39,84,recharge,1,ios,0
T008191,U01404,2026-05-22 17:29:37,9535,transfer,3,android,0
T007121,U01119,2026-02-06 07:22:16,11454,grocery,1,ios,0
T009062,U00030,2026-08-16 20:25:41,1088,grocery,3,android,0
T001721,U00977,2026-02-23 00:13:41,2085,shopping,3,ios,0
T005760,U01451,2026-02-08 08:33:28,1678,recharge,1,ios,0
T002539,U00646,2026-07-02 16:46:53,692,grocery,1,ios,0
T003071,U01341,2026-03-12 00:27:22,1894,transfer,2,web,0
T004448,U00375,2026-08-18 13:48:13,1694,transfer,1,android,0
T008216,U01742,2026-09-06 12:36:50,1310,transfer,2,ios,0
T012045,U00067,2026-02-08 23:57:56,810,grocery,3,android,0
T003978,U01269,2026-04-30 07:31:55,2611,shopping,3,ios,0
T006502,U01508,2026-07-26 03:54:34,7476,transfer,3,android,0
T000264,U00879,2026-05-29 01:22:54,460,fuel,2,ios,0
T008479,U01773,2026-02-07 05:25:24,560,shopping,1,ios,0
T010599,U01112,2026-01-03 06:28:18,6829,transfer,3,android,0
T013173,U00813,2026-03-25 18:56:24,741,fuel,3,ios,0
T007566,U01923,2026-01-28 18:27:15,116,recharge,1,android,0
T005873,U01775,2026-08-19 00:13:59,3703,shopping,3,ios,0
T013890,U01815,2026-04-01 17:54:56,2010,transfer,1,ios,0
T014600,U01457,2026-01-02 03:30:42,2027,fuel,1,ios,0
T002536,U01196,2026-03-19 00:03:57,2575,shopping,3,ios,0
T010751,U00563,2026-02-18 13:43:05,665,fuel,2,ios,0
T005157,U00744,2026-03-20 12:12:37,1964,fuel,2,ios,0
T002579,U00542,2026-05-05 05:26:29,283,recharge,1,ios,0
T011541,U01993,2026-06-12 18:46:16,9597,shopping,2,ios,0
T003618,U01500,2026-02-05 09:04:47,6220,shopping,3,ios,0
T002437,U01581,2026-06-17 13:08:42,2454,shopping,2,ios,0
T013101,U01542,2026-01-03 15:26:26,2492,recharge,2,ios,0
T009567,U00071,2026-09-12 16:04:12,2479,shopping,1,android,0
T000461,U00884,2026-06-21 11:50:23,2173,fuel,3,ios,0
T014261,U00080,2026-05-17 20:39:09,1022,recharge,1,ios,0
T000608,U01347,2026-01-22 04:36:10,1419,transfer,1,ios,0
T004042,U00029,2026-06-29 21:44:47,6025,fuel,1,android,0
T013618,U00435,2026-02-11 11:53:38,965,recharge,3,ios,0
T012256,U00974,2026-02-06 15:20:35,2172,transfer,3,android,0
T012210,U00523,2026-05-29 04:02:11,612,shopping,1,android,0
T008974,U01370,2026-08-16 12:22:48,9080,transfer,2,ios,0
T011218,U00636,2026-07-14 06:47:25,13094,fuel,1,web,0
T004023,U01554,2026-08-04 01:05:57,2435,shopping,3,ios,0
T005784,U00577,2026-08-17 17:28:03,487,recharge,2,ios,0
T005097,U01448,2026-05-25 23:10:49,209,grocery,2,ios,0
T006452,U01927,2026-06-29 20:38:23,2159,fuel,1,ios,0
T004102,U01331,2026-07-08 04:44:44,127,recharge,3,android,0
T012817,U01548,2026-03-15 16:54:27,247,recharge,3,ios,0
T010018,U00831,2026-09-19 08:40:38,291,grocery,3,android,0
T007128,U00045,2026-08-06 01:22:32,2815,shopping,2,ios,0
T007021,U01002,2026-02-25 19:45:10,132,recharge,3,android,0
T004898,U00635,2026-05-31 05:08:39,6046,transfer,2,android,0
T014526,U01093,2026-07-18 22:11:07,12296,transfer,1,ios,0
T010805,U00281,2026-08-21 12:33:57,1563,fuel,2,android,0
T014162,U00113,2026-01-18 19:19:34,14218,transfer,2,android,0
T003768,U00824,2026-01-13 14:33:48,18516,transfer,3,android,0
T010612,U00646,2026-04-27 07:46:59,14764,fuel,1,ios,0
T011321,U01033,2026-08-23 20:30:34,16517,shopping,1,ios,0
T009188,U00368,2026-03-31 22:17:12,980,fuel,1,ios,0
T002381,U01310,2026-06-29 08:50:42,111,grocery,3,android,0
T012289,U00283,2026-04-10 02:47:57,3011,grocery,3,android,0
T007664,U00693,2026-07-31 19:41:00,2257,grocery,2,ios,0
T013888,U00940,2026-01-29 07:30:39,7724,transfer,1,android,0
T013767,U01837,2026-05-24 23:00:44,228,recharge,1,ios,0
T010664,U00349,2026-05-23 08:45:37,955,transfer,1,ios,0
T002364,U01999,2026-09-20 20:39:46,2763,fuel,1,ios,0
T001931,U01247,2026-07-15 08:41:05,3003,fuel,2,android,0
T005753,U01349,2026-08-11 16:00:51,6974,grocery,2,android,0
T007450,U00236,2026-07-11 15:42:56,958,shopping,1,android,0
T012902,U01409,2026-01-26 21:31:38,4664,transfer,2,android,0
T002480,U01326,2026-07-15 02:32:01,8635,shopping,2,ios,0
T002920,U00189,2026-09-15 14:49:34,921,recharge,2,android,0
T007737,U00233,2026-01-25 19:02:36,1341,recharge,3,android,0
T006918,U01104,2026-06-15 09:15:18,4898,shopping,1,android,0
T004989,U01705,2026-07-06 19:37:04,1301,shopping,1,android,0
T015004,U00671,2026-07-25 05:05:00,5000,transfer,2,web,1
T004933,U00963,2026-07-25 17:47:35,921,grocery,1,ios,0
T002698,U00616,2026-01-26 16:08:25,2750,transfer,1,ios,0
T005167,U01288,2026-07-25 07:57:33,412,recharge,1,android,0
T009898,U00629,2026-06-04 17:31:51,3956,shopping,3,android,0
T003345,U00257,2026-07-03 11:03:16,3126,fuel,2,ios,0
T010116,U00145,2026-07-21 20:46:49,15362,transfer,3,ios,0
T009761,U00680,2026-01-11 14:01:38,1040,shopping,1,android,0
T007995,U00397,2026-02-04 05:36:48,5598,shopping,2,ios,0
T001520,U00136,2026-02-26 12:45:10,1550,shopping,1,android,0
T010877,U00220,2026-08-11 12:28:14,1056,fuel,1,ios,0
T001114,U01067,2026-02-12 13:41:04,1482,fuel,2,android,0
T006762,U01055,2026-02-16 10:01:03,3858,fuel,1,web,0
T000383,U00052,2026-03-20 10:08:33,692,fuel,2,ios,0
T003035,U01136,2026-04-15 11:09:18,773,recharge,2,ios,0
T005587,U01250,2026-09-12 09:35:06,646,grocery,1,android,0
T005178,U00448,2026-07-09 22:03:55,2444,fuel,2,ios,0
T011396,U00283,2026-09-27 08:18:03,2684,grocery,1,android,0
T013167,U00249,2026-03-03 05:31:18,131,recharge,2,ios,0
T000526,U00619,2026-06-29 23:41:03,325,shopping,2,android,0
T014426,U00958,2026-03-23 06:29:01,633,grocery,3,android,0
T004602,U01896,2026-01-30 23:44:49,666,grocery,1,android,0
T001330,U01980,2026-08-23 11:52:39,1229,fuel,2,ios,0
T004047,U00330,2026-07-24 19:41:25,401,recharge,2,android,0
T014230,U00340,2026-05-08 01:57:53,3906,shopping,2,android,0
T004881,U01223,2026-05-28 22:13:50,874,transfer,3,android,0
T004698,U00313,2026-02-17 17:20:02,1921,grocery,1,android,0
T006392,U00945,2026-01-03 16:39:28,1613,shopping,3,android,0
T004952,U01338,2026-08-02 19:53:02,2161,grocery,3,ios,0
T001681,U01033,2026-02-03 00:38:03,324,recharge,2,ios,0
T013614,U00530,2026-03-10 08:49:41,1368,fuel,1,android,0
T002116,U00323,2026-08-10 18:10:13,731,grocery,1,android,0
T014283,U01089,2026-03-01 11:42:22,357,recharge,3,android,0
T008867,U01101,2026-07-18 05:09:07,3568,grocery,3,ios,0
T001537,U00942,2026-03-27 13:43:57,3991,shopping,1,android,0
T007392,U00291,2026-06-18 10:54:13,776,grocery,1,android,0
T001160,U01004,2026-06-19 02:20:48,397,recharge,3,android,0
T014236,U00153,2026-05-14 10:05:23,1767,transfer,2,ios,0
T002169,U00213,2026-04-12 19:21:28,2741,shopping,1,ios,0
T001137,U01986,2026-06-16 19:33:08,2999,shopping,2,ios,0
T007084,U00923,2026-08-27 03:02:44,167,recharge,1,android,0
T008668,U00158,2026-03-27 17:13:11,4750,grocery,2,android,0
T009202,U01835,2026-07-03 12:42:56,196,recharge,1,ios,0
T013792,U00847,2026-04-04 23:47:01,266,grocery,1,android,0
T006719,U00503,2026-01-31 05:05:02,1469,grocery,1,ios,0
T008400,U01920,2026-05-13 14:28:36,1049,recharge,3,ios,0
T003153,U00890,2026-08-15 03:53:07,977,recharge,2,ios,0
T011474,U01496,2026-05-14 17:11:22,896,fuel,2,web,0
T010761,U01156,2026-03-29 18:49:51,4556,transfer,3,android,0
T014152,U01078,2026-06-06 13:25:10,4846,shopping,2,ios,0
T005062,U01407,2026-04-09 12:03:19,11118,transfer,1,ios,0
T008721,U00693,2026-06-03 09:04:31,3580,transfer,3,ios,0
T001506,U01656,2026-02-21 06:19:11,950,grocery,1,android,0
T003611,U01151,2026-07-04 00:42:23,427,recharge,1,ios,0
T003567,U00017,2026-02-03 18:31:46,415,grocery,3,android,0
T010719,U01186,2026-08-25 00:40:51,4948,fuel,1,ios,0
T003927,U00133,2026-01-08 18:06:33,11964,grocery,3,android,0
T004555,U01104,2026-07-02 12:49:08,109,fuel,1,android,0
T009145,U01258,2026-03-27 08:17:05,1350,shopping,3,ios,0
T003253,U01848,2026-06-04 12:39:48,1745,fuel,3,android,0
T012953,U01011,2026-09-21 12:54:12,331,recharge,2,android,0
T004872,U00445,2026-08-05 13:26:10,6609,shopping,2,ios,0
T011630,U00114,2026-04-23 22:13:23,13550,transfer,1,ios,0
T010111,U01443,2026-04-14 10:05:50,4865,transfer,2,android,0
T010408,U01361,2026-01-14 17:56:28,1830,grocery,1,ios,0
T011465,U01661,2026-01-08 23:52:04,3631,transfer,1,android,0
T009951,U00808,2026-03-07 20:01:25,2815,shopping,1,ios,0
T008003,U01434,2026-06-22 21:40:13,388,recharge,3,android,0
T011515,U01355,2026-02-11 08:32:43,293,recharge,2,ios,0
T002235,U00982,2026-03-05 03:24:16,6337,transfer,3,ios,0
T003280,U00617,2026-04-07 20:45:31,9021,fuel,2,android,0
T003721,U00391,2026-06-01 16:02:40,9434,shopping,2,ios,0
T006712,U00550,2026-06-22 13:46:05,549,grocery,3,ios,0
T004483,U01712,2026-04-16 18:20:32,464,recharge,2,ios,0
T010308,U00215,2026-08-27 16:17:43,216,recharge,2,ios,0
T013580,U00535,2026-06-03 17:45:54,2013,fuel,1,android,0
T009980,U01159,2026-05-25 01:22:49,127,grocery,2,ios,0
T004759,U01411,2026-01-28 01:48:31,3006,fuel,2,ios,0
T009845,U00401,2026-01-21 05:22:52,2671,fuel,3,android,0
T000822,U00970,2026-07-24 23:52:00,487,recharge,2,web,0
T014193,U00242,2026-05-09 14:42:40,219,recharge,3,android,0
T002972,U01305,2026-01-04 12:14:11,1968,transfer,1,android,0
T009882,U01024,2026-05-19 06:27:17,81,recharge,1,android,0
T005783,U01446,2026-04-16 13:51:24,1068,fuel,3,android,0
T007999,U00942,2026-07-29 02:50:07,1514,grocery,1,android,0
T008751,U00381,2026-04-02 05:50:46,1322,grocery,1,ios,0
T013933,U00449,2026-06-07 15:20:29,1893,fuel,3,android,0
T006933,U01251,2026-02-04 01:06:51,1565,transfer,3,android,0
T013080,U01109,2026-01-22 05:57:33,667,fuel,3,ios,0
T005686,U00942,2026-07-13 07:04:49,902,grocery,1,android,0
T006145,U00112,2026-08-26 14:59:40,133,grocery,2,ios,0
T004394,U00449,2026-01-06 03:42:25,1151,fuel,1,android,0
T011221,U00887,2026-01-02 16:58:57,5701,transfer,1,android,0
T005202,U00827,2026-05-01 07:16:33,932,grocery,1,android,0
T011741,U01318,2026-09-06 17:24:37,768,recharge,3,ios,0
T011947,U00593,2026-03-06 07:33:52,408,recharge,2,android,0
T008199,U00923,2026-05-19 00:13:27,617,grocery,1,android,0
T008902,U01799,2026-08-03 01:42:32,3944,grocery,2,android,0
T008649,U01069,2026-05-27 03:25:31,1593,shopping,3,ios,0
T006764,U01510,2026-05-17 14:56:17,1790,shopping,2,ios,0
T013816,U01609,2026-09-14 21:52:03,1402,fuel,1,ios,0
T001243,U01477,2026-07-20 17:05:33,1707,shopping,3,ios,0
T008257,U00754,2026-05-16 17:52:49,279,grocery,2,ios,0
T013422,U00091,2026-06-30 18:55:26,410,grocery,3,android,0
T003967,U00855,2026-07-24 01:55:00,557,grocery,1,android,0
T013309,U00790,2026-04-21 23:04:12,1031,grocery,3,ios,0
T009942,U00357,2026-07-04 05:43:22,2645,grocery,3,android,0
T014094,U01165,2026-05-21 18:18:42,417,grocery,2,android,0
T010503,U00131,2026-08-04 05:15:00,6156,fuel,3,android,0
T000484,U01834,2026-08-14 03:46:17,1072,fuel,3,android,0
T007359,U01755,2026-09-02 00:39:59,285,recharge,3,ios,0
T010646,U00287,2026-03-31 15:22:41,1743,shopping,1,android,0
T009921,U01015,2026-04-10 05:10:01,11871,transfer,3,android,0
T009212,U00809,2026-03-02 23:17:29,193,grocery,2,ios,0
T007205,U01956,2026-08-23 05:39:11,1062,shopping,3,ios,0
T002596,U01816,2026-06-04 17:35:50,2013,shopping,3,android,0
T008552,U00753,2026-04-13 14:52:07,5864,grocery,3,ios,0
T006413,U00386,2026-08-08 22:04:01,3812,grocery,2,android,0
T001656,U00526,2026-04-19 21:37:08,5933,grocery,3,android,0
T000866,U00389,2026-06-13 12:31:27,155,recharge,1,android,0
T005792,U01223,2026-08-24 03:37:22,169,recharge,2,android,0
T006389,U01507,2026-01-07 04:09:49,1043,shopping,3,ios,0
T011789,U00317,2026-08-22 15:50:07,5252,transfer,1,ios,0
T008045,U01468,2026-05-07 22:55:48,662,grocery,1,ios,0
T002847,U00974,2026-09-07 10:30:00,119,recharge,3,android,0
T007724,U01716,2026-08-05 12:18:59,7954,transfer,2,ios,0
T015059,U00612,2026-07-10 23:43:00,2000,transfer,2,web,1
T001747,U00972,2026-08-08 14:06:32,10827,transfer,1,android,0
T014266,U01172,2026-09-05 04:54:33,198,recharge,2,android,0
T014074,U00832,2026-07-18 15:55:43,1680,fuel,3,ios,0
T005345,U01438,2026-09-07 11:59:30,1413,grocery,2,android,0
T006341,U01213,2026-06-08 15:13:56,2890,fuel,3,android,0
T005205,U00454,2026-09-04 07:11:51,14899,shopping,3,web,0
T003069,U01470,2026-01-14 00:12:57,1658,grocery,3,ios,0
T000755,U01165,2026-01-17 22:58:56,312,grocery,2,android,0
T003499,U01958,2026-04-21 00:00:06,907,recharge,3,android,0
T014155,U00648,2026-07-30 15:57:13,1307,shopping,2,ios,0
T010730,U01443,2026-05-24 19:28:34,1916,grocery,1,android,0
T009915,U00209,2026-02-10 11:21:27,494,transfer,3,android,0
T011384,U01926,2026-05-16 00:10:54,518,fuel,1,android,0
T009396,U01794,2026-05-01 10:18:00,3674,grocery,2,android,0
T007528,U01489,2026-01-14 01:17:36,6722,shopping,1,android,0
T015074,U00965,2026-04-16 13:27:00,5000,transfer,3,web,1
T004713,U00194,2026-02-03 15:02:42,1123,recharge,2,android,0
T002142,U01612,2026-01-20 10:27:59,1535,shopping,1,ios,0
T004729,U00823,2026-06-26 12:26:59,322,recharge,2,ios,0
T007870,U00163,2026-02-10 02:20:19,1630,recharge,3,ios,0
T013829,U00020,2026-09-02 15:56:12,4964,transfer,2,ios,0
T010411,U00812,2026-05-20 04:50:56,992,fuel,1,ios,0
T003140,U00820,2026-05-07 17:17:57,2657,transfer,1,ios,0
T000896,U00372,2026-03-10 09:28:09,1947,transfer,1,android,0
T007385,U01871,2026-05-09 19:00:42,830,fuel,3,ios,0
T000879,U01595,2026-04-03 12:40:17,3353,shopping,3,android,0
T012917,U01237,2026-04-22 18:19:02,1201,shopping,2,android,0
T013126,U00711,2026-01-18 01:57:38,20939,fuel,3,android,0
T007082,U01783,2026-01-18 03:26:47,302,recharge,2,android,0
T004921,U00265,2026-02-07 07:07:31,859,grocery,3,android,0
T002494,U01150,2026-09-13 19:25:33,10169,shopping,3,ios,0
T003563,U01509,2026-06-19 12:32:58,472,fuel,3,android,0
T000058,U00852,2026-08-08 13:53:22,3211,transfer,2,android,0
T014619,U00562,2026-05-14 07:37:21,856,grocery,3,android,0
T014478,U01906,2026-08-08 10:22:11,56,recharge,2,ios,0
T001342,U01092,2026-05-30 14:41:54,142,recharge,2,android,0
T010010,U01481,2026-05-24 19:50:13,740,grocery,1,ios,0
T014354,U00601,2026-08-22 03:39:38,5132,transfer,3,android,0
T001857,U01244,2026-06-20 16:12:55,14550,transfer,1,ios,0
T006208,U01379,2026-09-23 23:33:36,516,grocery,2,ios,0
T009972,U01799,2026-02-23 20:30:11,1988,shopping,3,android,0
T014714,U01418,2026-01-23 09:01:21,4202,shopping,1,ios,0
T000337,U01241,2026-03-23 01:34:48,2097,grocery,1,ios,0
T008738,U00855,2026-02-14 22:47:49,36165,shopping,1,android,0
T012011,U01820,2026-05-21 08:08:32,434,recharge,1,android,0
T012776,U00844,2026-06-01 13:13:47,1255,shopping,2,ios,0
T013194,U00825,2026-08-15 02:12:26,1696,grocery,1,ios,0
T008438,U00333,2026-09-30 17:48:32,2310,transfer,2,ios,0
T010816,U00767,2026-06-29 03:47:45,138,recharge,2,ios,0
T006776,U01071,2026-01-18 02:31:56,83,recharge,3,ios,0
T003862,U00786,2026-04-05 04:54:53,4483,grocery,3,ios,0
T009626,U01319,2026-06-29 09:38:33,1595,grocery,3,android,0
T006840,U00108,2026-03-06 08:26:38,1716,fuel,1,android,0
T011151,U00205,2026-04-20 04:18:30,644,grocery,3,android,0
T004032,U00918,2026-04-08 17:39:53,234,grocery,3,android,0
T007662,U01101,2026-01-28 11:55:02,3316,fuel,2,ios,0
T007686,U01574,2026-05-23 21:33:05,1425,recharge,2,android,0
T003485,U01484,2026-01-23 14:36:16,521,grocery,2,web,0
T006165,U00200,2026-03-27 21:26:56,1156,fuel,3,android,0
T009957,U00086,2026-04-22 12:01:20,17425,shopping,2,ios,0
T011602,U01184,2026-08-02 00:10:40,1024,grocery,3,android,0
T003738,U00468,2026-08-08 18:05:59,843,grocery,1,android,0
T007067,U01903,2026-06-06 03:04:47,1659,fuel,2,android,0
T004075,U00548,2026-05-19 20:01:32,887,fuel,2,android,0
T007026,U01736,2026-01-11 04:48:39,1295,fuel,2,ios,0
T011564,U00701,2026-06-01 09:13:55,14227,fuel,3,android,0
T002323,U00885,2026-02-07 02:02:10,25531,transfer,1,ios,0
T004644,U00667,2026-08-03 09:17:51,802,transfer,3,android,0
T009757,U00851,2026-02-16 18:54:52,1550,fuel,3,android,0
T014687,U01940,2026-05-09 15:17:25,818,grocery,2,android,0
T000272,U01402,2026-09-04 22:47:58,719,grocery,1,ios,0
T014055,U01808,2026-08-17 05:02:49,1006,fuel,1,ios,0
T014995,U00545,2026-07-07 07:01:42,160,recharge,1,android,0
T003785,U01382,2026-05-31 06:40:18,1806,fuel,1,ios,0
T014523,U00307,2026-01-01 07:37:08,457,grocery,3,android,0
T009132,U00900,2026-04-10 22:56:21,1704,grocery,2,ios,0
T008535,U00879,2026-02-13 17:57:11,23640,transfer,1,android,0
T001414,U00758,2026-04-27 13:10:37,1072,grocery,1,ios,0
T012197,U01402,2026-04-17 02:56:49,300,recharge,1,ios,0
T009451,U00769,2026-08-19 16:54:26,2083,transfer,3,ios,0
T007268,U00971,2026-06-29 14:21:37,3180,transfer,1,android,0
T004757,U01956,2026-01-25 03:18:24,23936,transfer,2,ios,1
T002428,U01440,2026-04-01 03:30:25,2224,fuel,1,ios,0
T001710,U00599,2026-07-05 09:11:43,1169,fuel,1,ios,0
T008062,U01144,2026-04-19 22:25:20,2015,fuel,3,android,0
T003502,U00186,2026-09-27 03:03:21,242,grocery,3,ios,0
T006800,U00991,2026-06-28 07:14:23,6161,fuel,3,ios,0
T004297,U00929,2026-06-23 16:47:10,4511,shopping,2,android,0
T005420,U01824,2026-07-21 20:54:32,8537,transfer,3,ios,0
T000054,U00174,2026-04-29 14:20:52,583,fuel,2,android,0
T011042,U01257,2026-05-19 15:58:34,1462,grocery,1,ios,0
T011263,U01082,2026-06-08 01:02:47,978,shopping,2,android,0
T012029,U01378,2026-03-26 01:22:00,1407,transfer,1,android,0
T014353,U00264,2026-05-08 14:46:01,96,grocery,3,android,0
T007345,U00535,2026-09-06 10:24:15,6250,fuel,3,android,0
T005593,U00821,2026-03-09 14:43:10,1459,fuel,2,ios,0
T014793,U01544,2026-08-17 20:51:06,1471,shopping,1,ios,0
T002970,U00124,2026-02-27 19:49:22,1072,grocery,3,ios,0
T001156,U00568,2026-03-23 06:52:47,4327,shopping,3,ios,0
T000140,U01776,2026-07-04 23:05:10,2992,transfer,3,android,0
T011677,U01669,2026-08-09 23:29:20,755,recharge,2,android,0
T009112,U00278,2026-06-12 20:14:18,1162,transfer,1,android,0
T013939,U01540,2026-03-26 12:58:29,405,recharge,3,android,0
T000873,U00271,2026-03-16 15:13:23,15867,transfer,1,android,0
T002476,U00692,2026-06-22 12:18:34,428,grocery,1,ios,0
T008002,U01970,2026-08-22 04:34:28,508,grocery,3,android,0
T000908,U00005,2026-02-27 09:24:40,818,fuel,3,android,0
T007402,U00957,2026-06-16 16:50:28,978,recharge,2,ios,0
T000097,U01086,2026-01-24 06:15:45,1051,fuel,2,android,0
T007915,U00247,2026-07-12 04:53:34,42,recharge,1,ios,0
T006725,U01456,2026-06-29 16:13:18,4666,transfer,2,android,0
T003472,U00597,2026-05-23 00:20:11,301,recharge,2,ios,0
T008711,U01838,2026-09-24 21:03:14,1955,fuel,1,ios,0
T004818,U01618,2026-04-13 03:50:19,2722,transfer,3,ios,0
T009411,U00076,2026-05-20 09:15:30,464,grocery,2,web,0
T010661,U00764,2026-09-30 07:11:28,3839,transfer,1,ios,0
T010705,U01989,2026-07-09 12:54:52,2381,transfer,3,android,0
T010999,U01316,2026-03-02 07:23:27,4997,transfer,2,ios,0
T000781,U01241,2026-06-24 02:11:25,4410,fuel,2,ios,0
T011402,U01278,2026-06-21 16:14:49,7645,transfer,2,ios,0
T013737,U00272,2026-05-14 12:29:38,5375,transfer,2,web,0
T013880,U01375,2026-08-10 22:50:27,4104,fuel,2,ios,0
T000997,U00251,2026-07-05 14:36:02,899,shopping,3,android,0
T009790,U00493,2026-08-25 10:57:11,3449,transfer,1,android,0
T003930,U01903,2026-07-10 15:57:44,2081,shopping,2,android,0
T012621,U01620,2026-02-03 00:15:59,3177,fuel,2,ios,0
T005709,U00828,2026-06-09 23:23:42,301,grocery,2,ios,0
T011923,U00463,2026-08-27 08:41:40,3022,shopping,1,ios,0
T011007,U01006,2026-08-24 21:57:10,516,fuel,3,android,0
T012548,U01923,2026-09-26 18:35:00,862,shopping,2,android,0
T000639,U00590,2026-04-01 03:21:28,1543,fuel,2,android,0
T002770,U00534,2026-02-09 20:22:13,2499,grocery,3,android,0
T010568,U00672,2026-09-09 01:18:32,171,recharge,2,web,0
T013976,U01115,2026-09-17 12:48:43,302,recharge,3,ios,0
T008436,U01910,2026-01-09 14:36:34,5439,transfer,3,android,0
T005278,U00438,2026-09-05 02:53:28,5394,grocery,3,ios,0
T003260,U00256,2026-08-23 17:01:29,1022,grocery,2,android,0
T000487,U01249,2026-02-22 23:22:59,4611,transfer,1,ios,0
T000182,U00215,2026-04-20 19:01:05,1397,shopping,3,ios,0
T009736,U00181,2026-08-30 00:04:41,1811,fuel,3,ios,0
T011306,U01680,2026-01-29 00:32:28,382,grocery,1,android,0
T005789,U01050,2026-09-13 08:32:09,342,recharge,3,android,0
T006625,U01012,2026-07-31 04:03:15,8320,fuel,3,android,0
T007626,U00109,2026-03-11 08:40:12,15418,transfer,2,ios,0
T008623,U00864,2026-01-21 00:03:21,935,grocery,1,ios,0
T012067,U00985,2026-01-05 07:46:57,1403,transfer,3,web,0
T014231,U01772,2026-01-08 10:59:27,327,fuel,3,ios,0
T012172,U00820,2026-04-19 09:12:45,6144,transfer,3,ios,0
T001975,U00166,2026-06-21 02:35:10,161,grocery,3,ios,0
T010174,U00044,2026-04-13 07:16:18,290,recharge,3,android,0
T001549,U00475,2026-09-12 05:31:06,431,grocery,3,android,0
T012219,U00861,2026-07-20 23:40:24,4185,fuel,2,ios,0
T012630,U01285,2026-03-22 11:14:24,556,transfer,2,android,0
T005880,U00626,2026-04-03 21:43:00,280,recharge,3,ios,0
T012614,U00250,2026-03-09 07:46:15,1653,shopping,3,ios,0
T007378,U01709,2026-03-10 00:03:25,2682,fuel,1,ios,0
T002547,U00365,2026-03-23 04:04:41,1002,grocery,3,ios,0
T005683,U00756,2026-06-06 02:25:47,4103,shopping,2,ios,1
T004662,U00908,2026-06-15 06:34:12,973,fuel,1,ios,0
T003559,U01705,2026-04-25 21:32:10,222,recharge,2,android,0
T011464,U00695,2026-04-09 00:38:54,8898,transfer,1,android,0
T002365,U00787,2026-02-16 20:12:29,332,recharge,2,ios,0
T001677,U00062,2026-09-16 05:09:02,6864,grocery,1,android,0
T014930,U00307,2026-01-26 08:35:23,1861,fuel,2,android,0
T000169,U00399,2026-05-29 05:24:53,2704,shopping,1,ios,0
T006313,U00183,2026-03-27 16:07:33,343,fuel,1,android,0
T006508,U01584,2026-08-27 11:08:11,559,recharge,2,ios,0
T010566,U00311,2026-06-20 23:18:34,1089,grocery,2,android,0
T006453,U01025,2026-02-25 14:01:40,327,grocery,1,ios,0
T011879,U00444,2026-09-03 01:03:48,4507,grocery,2,ios,0
T012224,U00334,2026-01-23 05:29:23,5105,transfer,3,android,0
T008788,U01876,2026-05-20 03:46:06,3880,transfer,2,ios,0
T011288,U01619,2026-01-29 03:58:39,274,recharge,1,ios,0
T010114,U00086,2026-07-17 20:28:29,390,grocery,2,ios,0
T007436,U00875,2026-06-28 20:50:13,405,recharge,1,android,0
T014561,U00171,2026-06-17 05:28:22,4916,grocery,3,android,0
T010176,U01142,2026-03-05 05:04:30,204,recharge,3,android,0
T011702,U00732,2026-03-03 23:06:20,310,recharge,3,ios,0
T006065,U01838,2026-08-30 02:01:18,4910,fuel,3,ios,0
T010708,U01224,2026-05-19 07:42:09,1467,transfer,2,android,0
T014688,U01720,2026-01-20 21:27:44,152,recharge,2,ios,0
T006118,U00416,2026-03-18 02:05:46,1888,fuel,3,ios,0
T008426,U00151,2026-09-21 21:59:42,9402,shopping,3,android,0
T007207,U01509,2026-06-23 22:13:17,9921,transfer,3,android,0
T000289,U01566,2026-08-12 22:54:32,745,shopping,2,ios,0
T000127,U00688,2026-04-07 21:53:21,7914,transfer,1,ios,0
T002518,U01195,2026-05-14 21:19:38,6663,transfer,1,android,0
T000464,U01598,2026-05-20 09:21:40,3457,transfer,1,ios,0
T012179,U00531,2026-06-02 09:44:37,1656,fuel,3,ios,0
T000725,U00045,2026-01-09 03:40:33,2714,fuel,2,android,0
T002632,U00420,2026-07-11 03:06:18,158,recharge,2,web,0
T004657,U01597,2026-05-31 17:36:08,1767,fuel,3,android,0
T014681,U00357,2026-04-29 18:43:27,1941,shopping,2,android,0
T001008,U01090,2026-08-29 20:52:34,1342,grocery,2,ios,0
T004984,U01585,2026-03-05 13:14:35,85,recharge,1,android,0
T011719,U00342,2026-09-19 06:10:31,5114,shopping,3,android,0
T006811,U00643,2026-08-25 18:03:41,771,fuel,1,android,0
T009973,U01366,2026-05-26 04:59:02,308,fuel,3,ios,0
T008575,U00548,2026-05-01 17:47:47,2116,shopping,3,web,0
T008602,U00047,2026-09-23 23:53:14,439,recharge,3,ios,0
T004585,U00321,2026-09-06 23:34:55,1006,fuel,2,android,0
T005737,U01262,2026-01-07 02:51:40,2276,fuel,3,android,0
T005448,U01723,2026-08-31 05:45:06,1183,fuel,3,ios,1
T010269,U01502,2026-02-13 08:43:06,2995,shopping,3,android,0
T004741,U01657,2026-06-12 00:32:46,5029,fuel,3,android,0
T000856,U01430,2026-03-15 20:38:36,2431,grocery,2,android,1
T001804,U01075,2026-08-29 18:28:01,2489,shopping,2,android,0
T004249,U00992,2026-02-06 17:20:19,715,grocery,3,android,0
T003428,U00952,2026-09-14 01:05:54,379,grocery,1,ios,0
T008240,U00488,2026-08-01 21:33:54,479,recharge,2,web,0
T011680,U01761,2026-02-18 02:47:34,211,recharge,3,ios,0
T005276,U00490,2026-08-28 01:21:39,211,recharge,2,android,0
T000446,U01603,2026-07-24 19:37:13,3511,fuel,2,ios,0
T007421,U01080,2026-06-10 17:55:47,792,grocery,3,ios,0
T005573,U01697,2026-02-28 04:31:38,1098,grocery,2,android,0
T002454,U01077,2026-05-07 02:12:49,1000,recharge,1,web,1
T011929,U01115,2026-03-22 19:59:38,27824,transfer,2,ios,0
T014709,U00005,2026-09-03 00:45:44,1407,fuel,2,android,0
T008837,U00827,2026-08-29 02:32:43,3635,grocery,1,web,0
T002996,U00584,2026-08-22 02:53:53,1117,shopping,3,android,0
T010103,U01767,2026-01-28 00:23:30,5311,transfer,1,ios,0
T004595,U00762,2026-06-23 00:15:39,1465,fuel,2,ios,0
T000144,U01755,2026-01-05 19:14:20,966,recharge,3,ios,0
T005430,U00350,2026-01-14 11:49:41,4959,transfer,3,ios,0
T009029,U00066,2026-03-22 16:12:25,496,grocery,3,ios,0
T000356,U01262,2026-04-14 09:41:45,4701,shopping,1,android,0
T012325,U01409,2026-03-05 06:20:47,12259,transfer,2,android,0
T008044,U00213,2026-09-20 09:21:19,4495,transfer,3,web,0
T010137,U00597,2026-02-04 17:30:03,224,recharge,1,ios,0
T014374,U00830,2026-09-12 10:17:15,1558,fuel,1,ios,0
T003359,U00224,2026-03-23 23:44:34,8644,transfer,3,android,0
T004444,U00482,2026-02-25 19:10:10,5301,transfer,2,android,0
T008688,U01982,2026-09-17 13:54:54,5480,shopping,3,ios,0
T014781,U00746,2026-05-09 20:45:15,533,grocery,3,ios,0
T010899,U01374,2026-07-18 16:42:10,6261,transfer,3,android,0
T010729,U01727,2026-04-10 13:25:19,3961,transfer,3,android,0
T003023,U00562,2026-04-21 16:27:33,237,grocery,3,android,0
T008303,U01065,2026-09-19 03:42:24,9849,fuel,1,android,0
T011901,U00425,2026-09-15 22:39:21,15453,transfer,2,ios,0
T000332,U01590,2026-01-08 06:28:54,3343,shopping,2,android,0
T005800,U00103,2026-08-10 11:56:26,12819,transfer,3,ios,0
T007688,U01873,2026-04-19 23:12:14,869,grocery,2,ios,0
T008340,U01150,2026-09-12 18:12:45,1026,fuel,2,ios,0
T010950,U00398,2026-05-21 18:56:30,253,recharge,1,android,0
T010145,U00936,2026-02-03 22:14:48,2256,grocery,1,ios,0
T004472,U00427,2026-08-21 13:55:27,3698,transfer,2,android,0
T012412,U01533,2026-08-06 22:29:01,4685,fuel,2,android,0
T003464,U00138,2026-01-16 00:27:25,57,recharge,3,ios,0
T013445,U01437,2026-05-07 18:03:07,98,recharge,3,android,0
T001210,U01478,2026-03-16 10:14:53,1178,grocery,2,android,0
T008881,U01048,2026-09-18 14:22:26,2835,shopping,2,ios,0
T012977,U00108,2026-02-26 13:08:01,4997,transfer,3,android,0
T005333,U01423,2026-05-23 15:48:44,803,grocery,1,android,0
T013416,U01979,2026-02-05 11:00:29,5034,transfer,3,ios,0
T012893,U01366,2026-06-03 15:45:00,952,fuel,2,ios,0
T007772,U00349,2026-03-17 00:44:21,156,recharge,3,ios,0
T000498,U00553,2026-03-22 10:44:40,4053,shopping,3,android,0
T004434,U00908,2026-07-15 15:14:55,1007,grocery,2,android,0
T013139,U01632,2026-06-16 21:47:26,2241,fuel,1,ios,0
T007920,U01280,2026-08-24 11:59:28,2427,shopping,2,ios,0
T000302,U01293,2026-01-28 16:58:30,928,shopping,3,android,0
T002446,U00027,2026-04-06 09:56:22,911,grocery,1,android,0
T001072,U01839,2026-05-23 12:04:09,2765,fuel,2,android,0
T004318,U00228,2026-08-31 10:32:33,410,grocery,1,android,0
T013247,U01242,2026-09-18 18:12:26,903,grocery,3,android,0
T010529,U01761,2026-06-12 11:07:33,1448,shopping,3,ios,0
T012897,U01373,2026-03-14 22:23:36,401,grocery,3,ios,0
T001281,U00696,2026-06-17 22:14:01,13652,transfer,3,android,0
T011669,U00222,2026-08-12 12:08:37,692,grocery,1,android,0
T002278,U01305,2026-02-19 14:24:07,3906,transfer,1,android,0
T005483,U00754,2026-09-11 17:36:17,215,recharge,3,ios,0
T009600,U01066,2026-05-07 15:42:16,1423,transfer,1,android,0
T002566,U00695,2026-06-28 16:08:41,3761,fuel,3,android,0
T015096,U01130,2026-09-21 23:46:00,10000,transfer,1,web,1
T014280,U00045,2026-05-01 10:00:04,1220,grocery,2,android,0
T013832,U01704,2026-02-01 11:48:45,697,recharge,3,android,0
T000517,U01889,2026-07-06 00:25:43,5602,transfer,2,android,0
T012341,U01805,2026-01-31 08:23:27,2974,fuel,3,ios,0
T010396,U01901,2026-07-24 11:05:20,334,fuel,1,android,0
T003283,U01768,2026-03-18 07:04:25,202,recharge,3,ios,0
T002694,U01298,2026-03-03 08:12:26,454,recharge,2,android,0
T006987,U00437,2026-03-30 22:47:54,3399,transfer,1,ios,0
T012389,U00150,2026-03-29 10:33:41,426,fuel,1,android,0
T011631,U01269,2026-07-19 15:17:04,2364,shopping,2,ios,0
T003776,U00976,2026-05-21 03:38:44,10846,transfer,2,ios,0
T011670,U00174,2026-09-03 09:27:27,1273,shopping,1,android,0
T003327,U01837,2026-07-01 18:59:14,182,recharge,1,android,0
T008046,U01853,2026-06-14 05:22:04,178,fuel,2,ios,0
T011884,U01661,2026-09-14 02:16:02,5182,fuel,2,android,0
T010295,U00355,2026-02-02 03:49:55,1826,transfer,2,ios,0
T009459,U01477,2026-07-26 06:41:21,245,recharge,2,ios,0
T007988,U01534,2026-06-02 22:01:02,1400,grocery,2,android,0
T008022,U01667,2026-01-30 19:26:06,1342,grocery,3,ios,0
T009989,U00064,2026-03-11 11:20:52,2527,fuel,3,ios,0
T012255,U00309,2026-03-24 13:00:58,5273,transfer,1,ios,0
T008284,U01033,2026-09-14 08:33:28,835,shopping,2,ios,0
T005990,U00232,2026-07-01 06:12:09,1890,fuel,1,android,0
T012410,U00483,2026-04-15 04:46:25,2996,shopping,1,ios,0
T003200,U01454,2026-04-26 01:45:22,4613,transfer,3,ios,1
T012511,U00727,2026-03-17 01:45:11,6348,transfer,2,ios,0
T014482,U01318,2026-09-07 17:37:09,186,shopping,1,ios,0
T007730,U00914,2026-04-16 21:19:34,860,fuel,2,android,0
T002152,U00296,2026-09-21 17:55:27,184,grocery,2,android,0
T000055,U00796,2026-05-30 00:26:09,3966,transfer,3,android,0
T010087,U01797,2026-07-29 08:24:48,2032,transfer,1,ios,0
T000209,U01434,2026-08-01 17:55:18,17274,shopping,2,web,0
T006018,U00452,2026-07-04 16:53:07,5324,shopping,2,ios,0
T012949,U01912,2026-09-27 01:54:34,1475,grocery,2,ios,0
T001911,U00871,2026-05-24 12:15:58,801,fuel,1,android,0
T004199,U01380,2026-02-21 16:27:25,327,recharge,3,ios,0
T009315,U01652,2026-05-01 20:16:01,537,recharge,3,ios,0
T007659,U01245,2026-06-18 07:20:53,3903,transfer,1,ios,0
T010770,U01597,2026-05-19 07:56:04,691,recharge,3,android,0
T002013,U01618,2026-08-08 15:42:53,3565,shopping,2,ios,0
T013544,U01408,2026-05-28 20:28:20,4156,transfer,1,android,0
T013569,U00854,2026-01-08 08:57:27,393,grocery,3,android,0
T007738,U00153,2026-08-29 23:33:55,2089,transfer,3,ios,0
T005940,U01088,2026-05-24 09:27:29,2118,shopping,1,ios,0
T004540,U01823,2026-04-23 20:42:05,806,fuel,3,android,0
T010895,U00934,2026-03-03 11:16:43,5425,transfer,1,ios,0
T010051,U00829,2026-01-10 11:29:39,3853,grocery,1,android,0
T012309,U01202,2026-04-25 10:26:42,115,recharge,3,android,0
T013455,U00571,2026-08-25 01:21:14,787,grocery,2,android,0
T013260,U01148,2026-09-03 07:19:23,837,grocery,1,ios,0
T008843,U00605,2026-08-19 17:43:57,1093,grocery,3,android,0
T007795,U00675,2026-08-07 01:19:44,5104,fuel,1,android,0
T005476,U00122,2026-05-15 03:01:20,6217,shopping,3,android,0
T014924,U00237,2026-04-11 23:52:27,1169,shopping,3,android,0
T001093,U01520,2026-03-25 10:43:17,1596,shopping,3,android,0
T007760,U00969,2026-02-13 16:56:08,1078,shopping,1,ios,0
T006347,U00841,2026-07-05 23:19:18,1180,shopping,2,ios,0
T005578,U01386,2026-09-20 20:46:49,1296,shopping,1,android,0
T001198,U01709,2026-05-15 11:37:39,1101,grocery,2,ios,0
T008886,U01373,2026-09-27 21:57:47,5866,transfer,3,ios,0
T004625,U00469,2026-02-27 10:30:00,844,fuel,2,ios,0
T007226,U01746,2026-07-15 03:55:51,5317,shopping,3,ios,0
T009746,U01167,2026-09-30 10:32:26,2547,transfer,3,android,0
T007342,U01206,2026-05-20 13:46:48,938,grocery,2,android,0
T000585,U00297,2026-04-30 16:21:56,838,recharge,2,ios,0
T014566,U01053,2026-07-04 22:39:41,2938,transfer,3,android,0
T007111,U00311,2026-07-08 15:35:39,192,recharge,1,android,0
T008146,U00164,2026-09-02 03:18:43,1182,grocery,3,android,0
T003854,U00770,2026-03-01 10:28:07,286,recharge,1,ios,0
T006810,U00863,2026-08-03 11:30:47,2334,transfer,3,ios,0
T001428,U01560,2026-05-05 19:42:57,1335,grocery,1,android,0
T001504,U00679,2026-01-30 20:01:13,2024,transfer,1,android,0
T007958,U00655,2026-01-31 14:50:17,671,shopping,1,android,0
T005542,U01652,2026-06-04 19:05:23,661,recharge,1,ios,0
T002610,U01883,2026-08-18 17:54:36,821,fuel,1,ios,0
T011793,U00297,2026-05-30 08:18:33,2922,shopping,2,ios,0
T000483,U01554,2026-01-21 08:55:50,11768,transfer,1,ios,0
T002280,U00072,2026-01-03 20:15:12,182,recharge,2,ios,0
T012120,U00796,2026-05-11 22:53:12,2736,recharge,2,android,0
T012692,U01676,2026-07-14 05:40:08,3643,transfer,2,ios,0
T012680,U01178,2026-02-12 12:44:03,2944,grocery,2,ios,0
T009576,U01789,2026-03-11 02:51:48,1664,fuel,2,android,0
T014931,U01299,2026-03-05 19:52:24,7132,transfer,3,ios,0
T013404,U01181,2026-08-12 06:31:35,866,fuel,2,android,0
T014586,U00252,2026-02-11 16:11:05,6338,transfer,1,ios,0
T013865,U01995,2026-03-14 12:49:15,620,fuel,3,ios,0
T007367,U00404,2026-05-13 22:41:31,5173,shopping,1,android,0
T006379,U01420,2026-09-22 07:33:07,249,recharge,1,ios,0
T011818,U01005,2026-05-01 04:54:39,1095,grocery,1,ios,0
T011943,U01224,2026-04-30 07:50:10,587,recharge,1,android,0
T008733,U00937,2026-07-12 04:16:00,3175,shopping,3,ios,0
T003650,U00691,2026-04-01 12:26:27,13597,shopping,1,android,0
T002482,U01427,2026-07-15 14:57:51,8932,shopping,3,android,0
T002715,U01258,2026-03-22 16:13:34,464,grocery,1,ios,0
T010445,U01509,2026-08-31 13:37:57,3437,transfer,2,android,0
T006942,U01857,2026-06-03 21:15:13,198,recharge,2,ios,0
T010521,U01271,2026-01-05 08:19:48,479,grocery,1,android,0
T012557,U00538,2026-06-07 17:47:08,673,grocery,2,android,0
T012612,U00802,2026-09-19 16:43:36,965,fuel,2,android,0
T003888,U00170,2026-07-24 22:20:46,816,shopping,1,ios,0
T012189,U01678,2026-06-03 13:58:40,4109,shopping,3,ios,0
T012918,U01538,2026-07-30 06:55:32,5744,shopping,1,android,0
T010771,U00909,2026-08-20 18:17:05,933,fuel,3,ios,0
T006378,U01647,2026-05-04 08:31:28,1152,fuel,2,ios,0
T000886,U00154,2026-05-30 04:32:29,1757,fuel,2,android,0
T003297,U00356,2026-04-18 20:02:43,2168,shopping,3,android,0
T006962,U01020,2026-02-25 18:07:42,2771,fuel,3,android,0
T007394,U01248,2026-09-19 21:23:46,3133,shopping,1,ios,0
T006185,U00833,2026-02-24 22:53:42,846,recharge,2,android,0
T002109,U01272,2026-08-26 13:40:53,298,shopping,3,ios,0
T015079,U00965,2026-04-16 13:07:00,2000,transfer,2,web,1
T003742,U00616,2026-02-25 19:26:16,360,shopping,3,ios,0
T006758,U00749,2026-08-18 14:36:36,925,shopping,2,android,0
T002600,U01328,2026-05-23 11:02:47,5086,transfer,2,ios,0
T007002,U01239,2026-06-23 19:02:18,728,recharge,3,ios,0
T011049,U00867,2026-05-26 07:08:04,75,recharge,3,android,0
T004084,U00348,2026-06-21 19:01:56,2325,shopping,3,ios,0
T000824,U01741,2026-08-13 03:29:49,47,recharge,2,ios,0
T010850,U00985,2026-04-08 16:22:32,210,recharge,2,android,0
T006409,U00477,2026-09-14 15:30:59,923,grocery,3,ios,0
T013942,U00845,2026-02-07 16:03:14,3964,transfer,3,ios,0
T004987,U01027,2026-06-17 06:41:30,3545,transfer,1,ios,0
T008537,U01283,2026-08-22 14:48:16,4183,fuel,2,ios,0
T003067,U00165,2026-03-19 13:32:13,213,recharge,3,android,0
T004874,U00628,2026-01-21 20:37:14,1711,shopping,3,android,0
T006139,U00481,2026-06-02 03:23:12,4950,transfer,2,ios,0
T001267,U01620,2026-03-19 11:01:43,16616,transfer,2,ios,0
T006994,U00840,2026-01-09 04:36:29,750,grocery,3,ios,0
T005909,U01456,2026-09-07 12:46:33,1772,shopping,1,android,0
T000783,U01679,2026-06-15 23:37:53,24957,transfer,1,android,0
T014116,U01302,2026-03-12 18:46:17,857,grocery,1,ios,0
T014707,U00956,2026-02-11 21:58:01,2393,shopping,3,android,0
T014065,U01500,2026-09-27 15:39:34,1258,shopping,2,ios,0
T013791,U00407,2026-03-19 07:36:41,1179,fuel,2,android,0
T010678,U01966,2026-03-08 13:22:22,2905,fuel,1,android,0
T013599,U00093,2026-01-27 18:05:31,64,recharge,3,android,0
T009362,U01735,2026-07-30 13:17:21,3004,shopping,2,ios,0
T010806,U01278,2026-05-11 11:49:25,5098,shopping,1,ios,0
T000871,U00511,2026-09-30 05:22:52,33,recharge,1,ios,0
T003666,U01164,2026-04-06 18:36:03,663,shopping,3,android,0
T007511,U01744,2026-02-16 03:38:01,767,recharge,3,android,0
T008648,U01819,2026-07-10 16:46:35,4388,transfer,1,ios,0
T008531,U00466,2026-04-25 13:11:18,949,grocery,2,ios,0
T012521,U00109,2026-04-17 17:54:41,556,grocery,2,ios,0
T013975,U00815,2026-04-09 02:27:36,1054,grocery,2,android,0
T006636,U01629,2026-07-06 02:24:13,11055,fuel,1,android,0
T005105,U01976,2026-04-10 13:43:52,5863,fuel,2,android,0
T012831,U00896,2026-09-30 14:01:11,743,grocery,2,ios,0
T012363,U01067,2026-04-28 08:48:44,568,shopping,1,ios,0
T007401,U01161,2026-05-01 16:24:45,70,recharge,1,android,0
T002663,U00998,2026-03-08 08:03:02,23212,transfer,1,android,0
T012622,U01922,2026-08-06 16:25:12,35487,transfer,3,android,0
T011314,U01185,2026-01-08 08:56:39,607,recharge,1,android,0
T000831,U01202,2026-09-27 09:59:36,15773,shopping,3,android,0
T010892,U00496,2026-05-11 03:02:31,223,recharge,3,android,0
T001896,U01614,2026-01-25 12:52:35,2092,shopping,2,ios,0
T012809,U00580,2026-01-03 14:58:52,7631,transfer,3,ios,0
T010866,U00873,2026-03-04 19:06:39,4725,transfer,3,android,0
T005857,U01157,2026-01-21 21:26:23,7299,shopping,3,ios,0
T004062,U01047,2026-09-18 01:42:45,2140,grocery,3,ios,0
T004290,U01674,2026-04-02 19:14:21,416,fuel,3,ios,0
T008696,U00092,2026-07-30 01:18:39,1440,recharge,3,ios,0
T007356,U00007,2026-04-30 08:54:37,3808,shopping,2,android,0
T008899,U01692,2026-05-20 15:03:21,2077,shopping,1,ios,0
T002580,U00253,2026-09-07 17:03:42,2724,shopping,3,ios,0
T011432,U01845,2026-01-12 18:38:49,715,fuel,2,ios,0
T007689,U01071,2026-08-17 16:50:25,2788,fuel,3,ios,0
T007526,U00690,2026-06-11 15:55:48,91,recharge,1,android,0
T008543,U00746,2026-01-12 02:06:51,331,grocery,2,ios,0
T005026,U00221,2026-07-16 21:02:23,8043,shopping,3,android,0
T010532,U01151,2026-07-18 23:34:04,704,recharge,1,ios,0
T002640,U00265,2026-07-21 22:44:55,16723,shopping,2,android,0
T004961,U01720,2026-09-24 06:12:48,357,fuel,2,ios,0
T008641,U01540,2026-02-17 20:24:39,373,shopping,2,android,0
T001410,U01288,2026-09-25 22:55:40,10229,transfer,3,android,0
T008490,U00466,2026-04-09 14:59:35,11121,shopping,1,ios,0
T012732,U00086,2026-01-25 20:49:30,7804,shopping,1,ios,0
T000733,U00926,2026-06-15 01:30:00,6083,fuel,2,ios,0
T009214,U00103,2026-03-14 02:49:59,492,transfer,3,ios,0
T003330,U01454,2026-03-26 11:20:20,3173,shopping,1,ios,0
T010536,U01627,2026-08-16 17:40:28,3705,shopping,2,ios,0
T000022,U00033,2026-06-04 16:23:16,3859,fuel,3,ios,0
T003984,U01490,2026-04-08 18:55:38,87,fuel,1,ios,0
T004843,U00509,2026-08-07 14:38:04,78,recharge,1,ios,0
T014695,U01975,2026-04-15 16:38:56,27282,transfer,1,android,0
T008036,U01509,2026-08-16 02:34:08,5910,shopping,3,android,0
T009935,U00631,2026-02-21 17:12:19,1922,fuel,2,android,0
T009258,U01492,2026-06-17 16:40:53,175,recharge,2,ios,0
T012686,U00592,2026-04-22 01:15:01,201,recharge,3,android,0
T013923,U00398,2026-06-12 05:39:04,830,fuel,1,ios,0
T013048,U01571,2026-07-15 21:32:10,3671,shopping,3,ios,0
T003213,U01300,2026-04-03 20:16:24,2085,shopping,3,ios,0
T001468,U00231,2026-03-21 20:10:27,272,grocery,2,android,0
T007231,U01994,2026-04-27 00:09:01,19860,transfer,1,ios,0
T009008,U00421,2026-02-16 13:32:16,655,fuel,2,android,0
T011795,U01272,2026-07-22 03:47:29,587,shopping,2,android,0
T000290,U01925,2026-06-02 21:42:27,2319,shopping,1,ios,0
T014126,U01195,2026-07-18 14:19:57,476,grocery,3,android,0
T000276,U01342,2026-04-18 03:55:04,1559,grocery,1,android,0
T015056,U01965,2026-03-24 09:27:00,5000,transfer,2,web,1
T011460,U01395,2026-05-18 23:55:36,2141,grocery,2,android,0
T007759,U01046,2026-08-22 04:57:11,978,grocery,3,android,0
T006791,U00241,2026-09-17 00:24:09,532,recharge,3,android,0
T000154,U00068,2026-03-19 07:50:15,692,transfer,1,ios,0
T002329,U01125,2026-01-27 23:15:30,2022,grocery,3,ios,0
T014589,U00894,2026-02-02 13:07:35,2277,fuel,2,android,0
T001361,U00926,2026-08-24 09:48:55,173,grocery,3,ios,0
T013082,U00409,2026-01-21 03:07:58,154,recharge,3,android,0
T005052,U01838,2026-01-05 22:18:15,1465,transfer,1,ios,0
T005328,U00541,2026-06-29 19:33:12,2323,shopping,3,ios,0
T006407,U00363,2026-07-26 23:26:23,209,recharge,2,ios,0
T001236,U01544,2026-06-10 08:26:31,1060,grocery,3,ios,0
T010974,U01005,2026-08-18 19:08:14,3622,fuel,3,ios,0
T002597,U01896,2026-05-21 09:28:56,1644,transfer,1,android,0
T010290,U00927,2026-08-10 15:18:53,763,shopping,3,ios,0
T004096,U01543,2026-04-19 11:02:48,585,grocery,3,web,0
T013096,U00931,2026-01-01 15:35:55,992,shopping,1,ios,0
T004894,U00497,2026-05-08 08:58:35,5548,grocery,3,web,0
T013926,U00240,2026-09-15 23:39:39,825,grocery,1,android,0
T009974,U00119,2026-04-23 19:05:42,610,grocery,2,android,0
T009463,U01272,2026-02-26 22:25:18,806,shopping,1,ios,0
T013027,U00078,2026-08-25 04:51:04,1159,grocery,2,android,0
T006996,U01629,2026-02-10 13:05:09,595,shopping,2,android,0
T007650,U00582,2026-09-04 11:44:59,132,recharge,3,android,0
T005367,U00221,2026-05-18 00:45:57,3609,transfer,2,android,0
T000600,U01194,2026-02-21 17:33:35,4090,transfer,1,web,1
T010252,U01669,2026-06-17 17:15:39,185,grocery,1,android,0
T003883,U01335,2026-08-07 02:42:02,399,recharge,2,android,0
T011609,U00339,2026-04-22 03:37:56,3924,shopping,1,android,0
T005389,U01248,2026-08-21 23:11:39,272,grocery,2,ios,0
T011979,U00474,2026-08-12 10:28:03,2675,transfer,3,ios,0
T005371,U00203,2026-02-22 14:36:14,1050,fuel,2,android,0
T013600,U00232,2026-05-22 09:53:31,313,recharge,3,android,0
T014110,U01326,2026-06-14 20:14:30,1314,grocery,2,ios,0
T011700,U00030,2026-01-22 03:17:36,475,fuel,2,android,0
T000920,U01706,2026-06-26 10:21:01,8165,transfer,3,ios,0
T000094,U00951,2026-03-17 21:28:08,659,recharge,3,ios,0
T012364,U00776,2026-05-23 11:45:21,4308,transfer,2,ios,0
T015045,U00417,2026-08-28 06:12:00,2000,transfer,1,web,1
T004853,U01664,2026-09-02 15:22:34,165,recharge,1,android,0
T001666,U00470,2026-08-04 12:57:00,5305,fuel,2,ios,0
T012967,U00132,2026-01-30 11:13:17,14095,transfer,1,android,0
T005387,U01249,2026-04-04 02:43:03,355,fuel,3,ios,0
T000909,U00980,2026-04-19 03:35:08,355,grocery,1,ios,0
T011036,U01899,2026-06-25 06:02:39,6390,shopping,2,ios,0
T001811,U00951,2026-05-22 01:09:06,340,recharge,2,ios,0
T003384,U00561,2026-08-13 05:48:22,1958,grocery,1,ios,0
T005396,U00046,2026-01-09 07:31:24,15714,transfer,3,android,0
T005085,U01519,2026-04-19 01:32:56,50,recharge,2,ios,0
T002384,U01650,2026-09-07 00:34:43,634,recharge,3,android,0
T008996,U00937,2026-08-31 08:27:33,740,grocery,1,ios,0
T006813,U00656,2026-03-09 18:41:08,3706,shopping,1,ios,0
T002683,U01661,2026-02-19 21:20:52,8265,transfer,2,android,0
T005379,U00001,2026-03-01 17:17:57,336,recharge,1,android,0
T009560,U01211,2026-08-14 19:03:46,8501,transfer,3,ios,0
T010633,U01422,2026-04-30 09:32:57,2787,fuel,3,android,0
T012562,U00748,2026-04-21 20:22:45,3282,grocery,3,ios,0
T003519,U00279,2026-01-25 02:50:12,428,fuel,3,ios,0
T011892,U00195,2026-04-09 13:25:36,3130,transfer,1,ios,0
T002103,U00610,2026-05-01 04:50:15,5534,shopping,2,ios,0
T002099,U01291,2026-01-12 23:47:47,16846,transfer,2,ios,0
T003833,U01434,2026-07-20 20:27:22,69,grocery,3,android,0
T005793,U01363,2026-07-15 04:07:53,4094,shopping,3,ios,0
T005688,U00629,2026-03-21 13:42:26,1164,fuel,2,android,0
T010898,U00365,2026-08-10 02:19:24,6602,transfer,2,ios,0
T005444,U00106,2026-05-26 06:22:29,1357,shopping,2,web,0
T009042,U00864,2026-01-24 08:41:55,356,grocery,2,ios,0
T005767,U01437,2026-03-24 00:18:43,99,recharge,2,android,0
T014634,U00478,2026-03-28 22:56:53,784,recharge,1,ios,0
T007184,U01303,2026-01-18 21:59:33,357,recharge,3,ios,0
T002147,U00097,2026-07-19 10:17:08,5060,grocery,3,android,0
T003440,U01701,2026-06-01 20:22:36,170,recharge,3,ios,0
T011038,U01490,2026-05-22 05:05:18,1937,fuel,3,ios,0
T011004,U01451,2026-06-28 14:03:19,1778,fuel,1,ios,0
T006728,U00929,2026-09-22 06:02:13,961,recharge,3,android,0
T014013,U00014,2026-02-26 13:20:06,324,fuel,3,android,0
T002490,U00324,2026-08-18 15:51:35,2617,grocery,1,android,0
T000959,U00235,2026-05-17 03:57:22,709,fuel,2,android,0
T014291,U00525,2026-07-29 00:17:45,3354,shopping,2,android,0
T008617,U01228,2026-01-04 02:52:04,239,grocery,3,ios,0
T002783,U01983,2026-06-30 10:56:13,1189,grocery,3,android,0
T013959,U01088,2026-07-02 07:37:37,352,recharge,1,ios,0
T008251,U01680,2026-01-10 20:04:56,13266,transfer,1,android,0
T011727,U00340,2026-07-18 09:33:55,374,grocery,3,android,0
T013808,U01623,2026-05-16 03:12:23,850,fuel,3,ios,0
T014596,U01620,2026-06-21 14:30:36,1915,grocery,2,ios,0
T005813,U00399,2026-09-10 23:34:00,287,fuel,2,ios,0
T010217,U00809,2026-02-24 06:05:39,868,grocery,2,ios,0
T007900,U01603,2026-08-24 16:56:22,4600,shopping,2,ios,0
T012244,U00974,2026-07-09 10:47:18,1714,shopping,3,android,0
T004525,U01743,2026-03-09 07:35:53,6659,shopping,3,android,0
T006935,U00956,2026-07-17 08:06:30,17037,shopping,1,android,0
T008363,U00915,2026-02-18 07:19:18,3718,grocery,2,web,0
T012303,U01010,2026-07-08 10:00:34,2650,fuel,3,android,0
T011335,U00606,2026-06-27 09:22:12,8557,shopping,2,ios,0
T007178,U01541,2026-01-24 12:20:19,1012,fuel,2,ios,0
T000344,U01118,2026-04-09 16:16:56,1010,fuel,2,android,0
T011419,U01936,2026-01-03 21:55:10,12861,transfer,3,ios,0
T006954,U00525,2026-09-15 07:17:19,347,recharge,3,android,0
T004524,U01822,2026-03-16 03:47:58,142,recharge,2,android,0
T002560,U01173,2026-04-16 18:00:48,166,recharge,3,android,0
T007993,U00530,2026-04-15 01:16:52,289,grocery,2,android,0
T013601,U01375,2026-01-08 15:12:48,382,shopping,2,ios,0
T012250,U00162,2026-07-31 04:02:32,4579,fuel,2,android,0
T009367,U01810,2026-03-30 05:06:57,1513,shopping,3,android,0
T001030,U00176,2026-06-29 02:16:13,334,recharge,3,android,0
T009847,U00555,2026-04-28 19:20:51,1500,grocery,2,android,0
T009053,U00611,2026-03-06 17:33:31,395,fuel,3,ios,0
T014916,U00022,2026-03-10 09:00:33,2648,fuel,1,android,0
T010620,U00010,2026-08-21 00:32:17,1666,transfer,2,android,0
T001849,U01728,2026-02-11 07:57:11,1413,fuel,1,ios,0
T011186,U01256,2026-01-02 20:38:46,4325,transfer,1,android,0
T001575,U01066,2026-04-06 06:19:46,287,recharge,3,android,0
T013063,U00697,2026-08-29 05:33:54,339,grocery,1,ios,0
T003631,U01818,2026-04-05 01:56:16,1758,grocery,3,ios,0
T012972,U01358,2026-06-07 00:48:40,3443,transfer,3,android,0
T011577,U00006,2026-02-19 07:27:19,1864,fuel,2,android,0
T008365,U01573,2026-03-28 01:26:21,1603,fuel,1,ios,0
T009308,U00928,2026-01-10 10:21:01,1863,fuel,3,web,0
T009283,U01029,2026-04-24 18:09:56,3548,transfer,3,android,0
T009807,U01153,2026-06-18 18:00:25,1641,shopping,2,android,0
T010388,U00083,2026-08-04 20:31:52,6704,transfer,3,ios,0
T003788,U00632,2026-07-01 04:30:45,3519,shopping,1,ios,0
T005320,U00524,2026-01-24 06:53:45,577,grocery,3,android,0
T009953,U00963,2026-09-05 08:06:12,9641,transfer,3,ios,0
T005296,U00710,2026-04-28 02:29:40,6503,transfer,1,ios,0
T000686,U01133,2026-06-08 06:07:02,54574,transfer,1,ios,0
T013338,U01812,2026-01-06 00:03:34,9288,transfer,3,android,0
T008786,U00721,2026-03-08 18:55:09,241,recharge,1,ios,0
T003817,U01021,2026-05-10 21:27:00,18341,transfer,3,ios,0
T002232,U01695,2026-09-23 17:52:11,2213,shopping,2,android,0
T002185,U00932,2026-04-29 08:02:09,2685,grocery,1,ios,0
T005141,U00249,2026-01-07 21:49:45,169,recharge,2,ios,0
T006661,U01846,2026-01-01 05:42:49,609,recharge,1,ios,0
T008840,U00492,2026-05-13 02:03:03,14075,transfer,3,android,0
T008025,U01896,2026-06-05 01:04:24,5662,transfer,2,android,0
T013686,U01173,2026-09-20 03:05:15,827,grocery,2,android,0
T015076,U00965,2026-04-16 13:51:00,2000,transfer,2,web,1
T013038,U00939,2026-06-23 10:17:35,123,recharge,1,ios,0
T011799,U00271,2026-09-21 12:46:57,1163,shopping,3,android,0
T003299,U01827,2026-01-04 14:17:31,4493,transfer,1,ios,0
T007726,U01759,2026-09-17 08:34:57,3597,shopping,2,ios,0
T005383,U00913,2026-06-26 10:47:00,2067,grocery,3,android,0
T013553,U00521,2026-01-30 15:12:26,287,grocery,2,android,0
T012930,U00481,2026-06-04 06:21:59,658,grocery,3,ios,0
T001206,U01096,2026-09-03 19:14:31,728,grocery,1,ios,0
T008444,U01003,2026-01-25 21:34:40,638,grocery,2,android,0
T012674,U00606,2026-03-17 10:12:35,116,recharge,3,ios,0
T004680,U01016,2026-01-04 23:29:44,2385,fuel,2,ios,0
T000915,U00283,2026-05-27 14:11:22,2614,grocery,3,android,0
T002300,U01314,2026-02-20 16:48:50,284,recharge,2,android,0
T012489,U01914,2026-08-11 20:38:40,13648,transfer,3,ios,0
T001843,U00473,2026-03-06 14:30:41,2942,shopping,2,ios,0
T007986,U01220,2026-07-05 18:16:47,305,recharge,3,android,0
T010846,U00332,2026-09-22 07:00:18,4739,transfer,2,android,0
T004956,U01024,2026-03-04 05:05:59,1349,fuel,2,android,0
T013856,U00440,2026-03-25 00:17:28,574,recharge,2,ios,0
T001708,U01967,2026-09-22 03:11:05,2484,transfer,1,ios,0
T001176,U01810,2026-04-11 17:21:19,2270,fuel,1,android,0
T011959,U00838,2026-03-31 00:56:07,3633,shopping,1,ios,0
T010602,U00251,2026-04-05 05:32:18,4984,shopping,2,android,0
T002525,U00243,2026-08-12 06:33:58,793,grocery,1,ios,0
T014338,U00276,2026-01-12 19:27:02,1158,grocery,3,android,0
T001407,U00416,2026-01-26 15:22:47,145,fuel,1,ios,0
T009727,U00354,2026-09-24 20:49:52,791,recharge,3,android,0
T009239,U00623,2026-01-05 12:20:09,6216,transfer,2,android,0
T000471,U01507,2026-07-03 00:05:07,7789,fuel,2,ios,0
T011072,U01216,2026-03-27 00:27:23,1075,grocery,1,ios,0
T008759,U00966,2026-07-19 22:25:56,2902,fuel,1,android,0
T000207,U01230,2026-05-30 09:18:56,1813,shopping,2,ios,0
T002684,U00830,2026-04-04 17:40:32,414,recharge,3,ios,0
T009265,U00180,2026-08-30 23:46:12,1422,fuel,1,ios,0
T004945,U01253,2026-02-28 14:03:29,2081,fuel,1,ios,0
T007808,U00007,2026-05-27 18:50:31,462,recharge,2,android,0
T003552,U00827,2026-09-12 17:46:34,4556,transfer,1,android,0
T008202,U00629,2026-01-24 20:32:39,544,fuel,2,android,0
T006102,U00177,2026-07-05 17:51:02,2516,transfer,2,ios,0
T007035,U00146,2026-07-06 06:29:24,4201,shopping,3,ios,0
T002007,U01011,2026-02-20 11:45:40,3189,fuel,2,android,0
T003373,U00165,2026-01-22 12:12:17,307,grocery,3,android,0
T009470,U00869,2026-04-02 15:58:12,15536,transfer,3,ios,0
T014536,U00787,2026-09-28 22:36:50,650,fuel,1,ios,0
T004634,U01963,2026-06-18 23:48:19,1005,shopping,2,android,0
T003584,U00870,2026-05-15 03:04:53,6115,transfer,2,android,0
T000199,U01692,2026-09-05 14:17:09,433,grocery,3,ios,0
T009101,U01347,2026-06-04 22:22:27,1411,shopping,1,ios,0
T012050,U01731,2026-03-04 14:00:54,626,grocery,3,android,0
T005844,U01263,2026-06-27 05:39:29,1244,fuel,2,ios,0
T011772,U00517,2026-01-28 03:43:53,322,recharge,3,ios,0
T006422,U01854,2026-03-05 14:23:43,624,fuel,1,ios,0
T004464,U00527,2026-04-14 07:27:35,205,fuel,3,android,0
T010833,U00308,2026-05-22 06:58:17,4785,fuel,2,android,0
T002777,U01622,2026-09-29 22:25:10,14300,transfer,2,android,0
T003453,U00086,2026-02-14 02:19:36,1427,fuel,1,ios,0
T012565,U01418,2026-02-22 17:14:01,137,recharge,2,ios,0
T002723,U01966,2026-08-07 12:56:08,10391,transfer,2,android,0
T006264,U01737,2026-06-03 23:12:42,681,recharge,3,ios,0
T012175,U01468,2026-09-07 23:42:27,1549,grocery,2,ios,0
T006119,U00431,2026-07-22 17:25:43,3259,shopping,3,android,0
T004749,U00203,2026-02-14 00:16:21,2146,transfer,1,android,0
T008736,U00925,2026-03-27 14:35:10,895,recharge,1,ios,0
T013003,U01308,2026-01-19 03:32:40,148,recharge,2,android,0
T005672,U01915,2026-07-21 05:26:56,2486,transfer,3,ios,0
T013070,U01263,2026-08-25 03:58:40,1072,fuel,3,ios,0
T013732,U01931,2026-07-04 12:04:03,40,recharge,1,ios,0
T014309,U00892,2026-08-06 08:39:51,3529,transfer,3,ios,0
T011601,U00164,2026-08-25 08:54:10,10395,shopping,2,android,0
T008484,U01113,2026-07-23 01:39:15,1064,grocery,2,ios,0
T005956,U01537,2026-08-29 10:30:44,1315,fuel,3,ios,0
T006723,U01230,2026-05-13 06:00:58,1380,grocery,1,ios,0
T001944,U00031,2026-01-01 19:41:27,1098,fuel,1,ios,0
T013604,U01360,2026-02-22 04:59:24,13571,transfer,3,ios,0
T015039,U00606,2026-01-11 23:25:00,1000,transfer,1,web,1
T005671,U00972,2026-01-21 14:41:07,1872,grocery,3,android,0
T008962,U01927,2026-03-10 18:25:32,454,shopping,1,ios,0
T000217,U00027,2026-06-22 01:39:15,732,recharge,1,android,0
T006747,U01897,2026-06-29 10:31:30,3034,fuel,3,android,0
T010440,U01267,2026-07-28 18:33:50,1560,transfer,3,android,0
T008275,U01970,2026-01-07 23:48:30,338,grocery,1,android,0
T005215,U00835,2026-01-20 02:55:18,1519,shopping,3,ios,0
T014738,U00079,2026-02-03 10:20:32,1719,shopping,3,ios,0
T007429,U01095,2026-08-02 10:37:49,859,fuel,1,ios,0
T003751,U01650,2026-04-22 03:09:58,2897,transfer,1,android,0
T009745,U01027,2026-09-12 01:46:58,1523,shopping,1,ios,0
T002068,U00634,2026-03-17 16:17:50,2104,fuel,2,ios,0
T006823,U00703,2026-06-25 17:04:19,1383,shopping,3,ios,0
T011100,U00511,2026-07-30 14:32:49,5478,shopping,1,ios,0
T003816,U01008,2026-09-08 08:10:49,7923,transfer,2,android,0
T011095,U00356,2026-07-18 03:23:30,347,grocery,2,android,0
T009126,U01964,2026-01-29 14:51:44,9200,transfer,1,android,0
T004215,U00158,2026-05-23 13:16:49,1398,transfer,1,android,0
T013540,U01023,2026-03-13 20:11:36,5681,fuel,2,android,0
T008209,U00185,2026-03-27 02:07:50,1331,shopping,3,ios,0
T001275,U01442,2026-01-09 23:39:52,63,recharge,2,ios,0
T011104,U00551,2026-07-16 09:23:42,504,grocery,2,ios,0
T013310,U01962,2026-06-02 10:02:55,5754,fuel,3,android,0
T010316,U01576,2026-04-10 11:23:53,1619,grocery,3,android,0
T011898,U00055,2026-01-01 02:51:39,4140,shopping,2,android,0
T014727,U00551,2026-09-05 05:14:02,903,fuel,1,ios,0
T001043,U00564,2026-02-11 16:26:33,3710,transfer,2,android,0
T012357,U00555,2026-05-21 18:11:20,924,transfer,1,android,0
T002716,U00207,2026-05-22 05:09:28,679,fuel,1,android,0
T010478,U00793,2026-05-21 07:40:13,517,grocery,1,android,0
T009049,U00024,2026-06-10 08:09:18,1627,shopping,3,ios,0
T011606,U00744,2026-05-18 02:41:29,186,recharge,1,ios,0
T005441,U01298,2026-05-10 15:15:20,806,fuel,3,android,0
T011871,U00358,2026-05-21 21:29:45,1857,shopping,3,ios,0
T003644,U00797,2026-05-25 03:59:35,734,recharge,2,android,0
T003672,U01746,2026-07-01 15:40:44,2393,grocery,1,ios,0
T012540,U01699,2026-08-20 19:09:53,155,recharge,2,android,0
T003450,U01375,2026-06-24 22:52:26,80,recharge,1,ios,0
T004296,U00659,2026-03-03 03:47:50,18248,transfer,2,android,0
T001051,U01023,2026-04-02 21:25:55,8858,transfer,2,android,0
T012072,U00717,2026-02-08 17:56:48,178,recharge,3,ios,0
T005232,U00691,2026-08-31 22:34:05,74,recharge,2,android,0
T004995,U01766,2026-05-03 06:04:03,267,fuel,1,ios,0
T008450,U01689,2026-04-19 15:24:39,5185,transfer,3,android,0
T004397,U00602,2026-01-25 11:42:00,3120,fuel,3,ios,0
T001317,U00154,2026-05-02 00:22:20,55,recharge,3,android,0
T007668,U00220,2026-03-20 19:13:23,3351,fuel,1,ios,0
T007617,U00215,2026-08-02 21:07:49,1899,recharge,3,web,0
T009347,U00382,2026-03-05 09:17:54,529,grocery,1,android,0
T003476,U00939,2026-08-27 18:33:12,845,grocery,2,android,0
T013223,U00384,2026-07-31 12:36:26,932,fuel,2,ios,0
T009734,U00596,2026-09-17 23:24:08,259,recharge,3,android,0
T003697,U01114,2026-06-05 18:27:17,5179,transfer,3,android,0
T005110,U01422,2026-09-30 06:42:46,1447,fuel,2,ios,0
T015080,U00965,2026-04-16 13:32:00,2000,transfer,1,web,1
T000603,U01034,2026-06-03 06:50:27,3390,shopping,2,android,0
T006430,U01041,2026-01-14 16:40:23,7295,shopping,3,android,0
T003740,U00949,2026-06-19 00:32:13,11160,shopping,3,android,0
T010195,U01492,2026-03-04 11:38:25,19444,shopping,1,ios,0
T009714,U01429,2026-06-14 17:25:18,3550,shopping,1,ios,0
T009221,U00042,2026-05-12 04:14:11,1224,fuel,2,ios,0
T001711,U00835,2026-03-03 05:39:59,8486,fuel,1,ios,0
T014085,U00024,2026-01-09 20:12:25,411,fuel,3,ios,0
T014803,U00507,2026-07-16 13:23:33,4240,grocery,3,ios,0
T005924,U01317,2026-06-25 03:53:31,1551,fuel,3,android,0
T006006,U00505,2026-05-11 12:12:04,791,shopping,3,android,0
T010220,U01416,2026-02-15 07:08:57,2742,fuel,1,android,0
T003802,U00792,2026-04-11 00:42:22,3213,fuel,1,ios,0
T014939,U00182,2026-03-07 14:27:59,922,shopping,3,android,0
T000119,U00078,2026-03-26 23:26:49,193,grocery,1,android,0
T002808,U00378,2026-09-20 22:14:23,153,recharge,2,ios,0
T003272,U01558,2026-09-02 11:38:09,1106,grocery,3,ios,0
T011352,U01494,2026-03-26 20:27:57,103,recharge,1,android,0
T014339,U00233,2026-01-24 12:05:10,2076,grocery,2,android,0
T014298,U01348,2026-04-08 04:49:39,1667,fuel,1,ios,0
T007485,U01664,2026-04-21 11:02:02,499,fuel,1,android,0
T001393,U01561,2026-01-08 16:29:14,10526,grocery,3,web,0
T008744,U00285,2026-05-23 05:41:13,2551,fuel,1,android,0
T007280,U01874,2026-07-25 19:00:54,4392,grocery,1,ios,0
T012392,U01153,2026-01-10 00:50:45,842,fuel,3,android,0
T014046,U00043,2026-07-02 02:38:11,1145,shopping,3,android,0
T003846,U01759,2026-02-22 01:56:34,1264,grocery,3,ios,0
T009564,U00879,2026-07-26 07:41:04,1733,grocery,1,web,0
T008599,U00273,2026-05-12 13:14:28,2551,grocery,3,android,0
T005325,U01909,2026-01-09 01:12:41,19538,shopping,1,ios,0
T010126,U00612,2026-01-31 00:13:38,3116,shopping,2,ios,0
T006227,U00053,2026-08-30 14:53:00,3648,shopping,3,ios,0
T002771,U01228,2026-02-08 22:46:34,763,grocery,3,ios,0
T007702,U01597,2026-03-10 16:18:39,1003,grocery,3,android,0
T010894,U01146,2026-09-25 00:52:35,3342,shopping,1,ios,0
T013587,U00671,2026-08-27 05:24:48,3247,fuel,1,ios,0
T008766,U00775,2026-01-27 16:11:44,196,recharge,1,android,0
T009156,U01995,2026-06-30 17:19:16,6843,fuel,2,ios,0
T002102,U00862,2026-05-01 01:49:48,3344,shopping,2,android,0
T014786,U01763,2026-05-30 03:57:02,162,recharge,1,android,0
T010460,U00485,2026-04-03 02:44:47,263,grocery,2,ios,0
T000807,U01066,2026-02-19 15:45:15,2491,shopping,3,android,0
T004277,U01006,2026-05-30 19:31:13,1619,shopping,3,android,0
T006391,U00077,2026-08-26 04:04:03,1877,shopping,1,ios,0
T005836,U00371,2026-05-31 08:16:28,772,fuel,2,ios,0
T015017,U01573,2026-02-08 14:03:00,1000,transfer,2,web,1
T012452,U00711,2026-04-26 12:41:19,3368,fuel,1,android,0
T006662,U00240,2026-06-09 04:09:46,502,grocery,1,android,0
T013628,U00303,2026-06-15 23:02:40,1118,grocery,1,android,0
T008718,U00130,2026-03-15 14:06:26,1137,fuel,3,android,0
T001423,U01862,2026-09-01 03:55:14,3382,shopping,1,ios,0
T004999,U01859,2026-02-06 04:44:52,527,grocery,1,android,0
T014165,U01820,2026-05-09 03:18:00,3090,transfer,2,android,0
T001188,U01966,2026-02-24 22:30:41,1890,grocery,1,android,0
T007539,U00278,2026-07-28 03:11:50,2614,transfer,3,android,0
T011738,U01877,2026-05-16 23:44:41,7834,shopping,1,ios,0
T003224,U01932,2026-08-25 10:56:26,1043,grocery,1,ios,0
T010483,U00938,2026-08-04 00:30:29,604,fuel,1,android,0
T011194,U01099,2026-07-21 11:35:10,1926,shopping,1,ios,0
T004037,U01899,2026-02-22 14:14:43,338,fuel,3,ios,0
T009175,U01739,2026-09-08 23:20:46,8851,transfer,1,ios,0
T005640,U00388,2026-01-06 10:34:58,4476,shopping,2,ios,0
T008068,U01537,2026-06-08 20:07:51,2766,shopping,2,web,0
T013425,U01028,2026-08-04 05:07:04,309,grocery,3,android,0
T013214,U01448,2026-06-06 06:20:55,5799,grocery,1,ios,0
T003810,U01710,2026-04-08 17:11:09,418,grocery,2,ios,0
T007812,U00466,2026-03-20 18:14:25,4125,transfer,2,ios,0
T011061,U01471,2026-01-22 03:37:09,1317,grocery,3,android,0
T005903,U00590,2026-06-26 19:48:22,3574,transfer,1,android,0
T007509,U01986,2026-06-13 12:02:32,759,recharge,1,ios,0
T000569,U00098,2026-03-29 17:24:35,663,recharge,3,ios,0
T003710,U00242,2026-09-07 19:14:46,17366,shopping,2,android,0
T007355,U01572,2026-06-04 22:28:22,331,recharge,2,ios,0
T002833,U01346,2026-03-18 01:46:02,158,recharge,1,android,0
T013964,U01147,2026-06-28 19:34:28,309,recharge,2,android,0
T015036,U00606,2026-01-11 23:12:00,5000,transfer,2,web,1
T013513,U01859,2026-02-05 19:30:21,802,fuel,3,android,0
T014320,U00290,2026-06-02 12:05:24,671,recharge,1,ios,0
T000473,U00131,2026-08-28 02:04:25,88,grocery,1,android,0
T008890,U01897,2026-09-15 05:06:31,5231,shopping,3,android,0
T014153,U00838,2026-07-03 03:26:38,2300,shopping,1,ios,0
T005228,U01390,2026-04-29 01:23:47,2411,grocery,1,ios,0
T009971,U01666,2026-07-04 03:30:33,374,recharge,3,ios,0
T008441,U01776,2026-02-01 20:51:03,343,grocery,1,ios,0
T000134,U00739,2026-09-15 02:28:32,1160,grocery,2,ios,0
T014367,U01889,2026-08-26 09:13:01,2869,transfer,1,android,0
T007764,U00016,2026-05-21 16:33:08,7433,shopping,2,android,0
T009122,U00824,2026-06-08 06:41:41,325,grocery,2,ios,0
T014504,U00610,2026-06-26 05:48:47,1151,fuel,2,ios,0
T000041,U01193,2026-09-26 15:11:38,4386,transfer,3,web,0
T003328,U00737,2026-08-07 23:34:29,6533,grocery,3,ios,0
T012715,U00887,2026-04-04 07:45:14,1868,shopping,2,android,0
T001704,U00444,2026-03-29 15:50:26,452,fuel,2,ios,0
T007955,U00247,2026-04-20 15:36:16,1960,shopping,3,ios,0
T005957,U00940,2026-07-04 21:29:42,4574,shopping,1,android,0
T010186,U01280,2026-08-05 05:22:53,187,recharge,1,ios,0
T014304,U01697,2026-06-23 21:08:10,8479,shopping,1,android,0
T003365,U00535,2026-03-19 23:12:07,743,grocery,1,android,0
T007005,U01653,2026-07-17 13:33:59,3134,fuel,2,ios,0
T008659,U01624,2026-02-02 04:57:27,1037,recharge,1,android,0
T008616,U00733,2026-01-21 08:25:52,779,grocery,1,android,0
T001182,U01290,2026-07-04 15:56:35,144,recharge,1,ios,0
T003705,U01972,2026-02-24 13:31:43,1105,shopping,1,ios,0
T004514,U01826,2026-01-18 09:35:45,4114,shopping,1,ios,0
T014612,U00007,2026-09-17 07:23:55,2746,fuel,2,android,0
T009118,U01742,2026-03-08 00:42:07,2664,grocery,2,ios,0
T003702,U00730,2026-09-18 22:01:48,234,recharge,1,ios,0
T003284,U01204,2026-03-24 08:05:31,2467,grocery,2,ios,0
T014525,U01641,2026-07-07 11:19:32,1438,recharge,2,android,0
T001941,U01141,2026-07-22 12:23:30,582,fuel,3,android,0
T010469,U00081,2026-08-06 21:18:19,333,recharge,3,ios,0
T002334,U00460,2026-01-18 20:47:01,851,recharge,2,android,0
T013897,U01555,2026-06-26 15:43:31,194,recharge,3,android,0
T011083,U00205,2026-05-28 09:53:35,551,recharge,2,android,0
T010713,U00100,2026-03-08 01:59:19,564,grocery,1,ios,0
T001832,U00431,2026-02-14 17:27:48,1324,shopping,2,android,0
T014537,U00518,2026-04-05 07:27:15,555,fuel,3,android,0
T003629,U00436,2026-05-11 16:14:19,2459,shopping,3,ios,0
T012516,U00575,2026-04-04 08:15:14,584,grocery,1,android,0
T011223,U00729,2026-04-21 00:52:11,1066,grocery,1,android,0
T004660,U01816,2026-01-14 17:23:41,14701,transfer,3,android,0
T012850,U00956,2026-07-15 21:53:08,142,recharge,2,android,0
T011330,U00308,2026-04-14 00:03:12,475,recharge,2,android,0
T013612,U00395,2026-04-28 08:07:47,1189,shopping,2,ios,0
T004576,U01609,2026-01-26 02:31:04,646,shopping,1,ios,0
T008350,U01813,2026-01-12 08:02:31,1749,shopping,3,android,0
T006448,U00076,2026-05-11 00:18:57,175,grocery,3,android,0
T004013,U00763,2026-01-18 07:04:19,253,grocery,3,ios,0
T010034,U01688,2026-05-09 21:16:32,133,grocery,3,android,0
T000976,U01841,2026-03-27 08:19:19,678,fuel,1,ios,0
T009493,U00732,2026-02-21 15:36:28,1056,shopping,2,ios,0
T010749,U01951,2026-08-23 05:38:34,2417,fuel,3,android,0
T004781,U01799,2026-03-04 05:05:02,1127,shopping,1,android,0
T007937,U01113,2026-06-20 10:35:40,1668,fuel,3,ios,0
T002204,U00065,2026-06-28 03:12:58,457,fuel,2,ios,0
T002895,U01065,2026-08-11 04:09:31,456,grocery,2,android,0
T012975,U00254,2026-09-03 17:04:25,1060,recharge,1,ios,0
T008288,U01565,2026-09-15 19:08:22,1022,grocery,1,ios,0
T006578,U01824,2026-02-09 05:47:15,391,fuel,1,ios,0
T006462,U01110,2026-01-12 07:16:34,3221,shopping,3,android,0
T011376,U01822,2026-04-16 20:19:27,3008,fuel,2,android,0
T008929,U01641,2026-05-02 23:20:57,1850,grocery,2,web,0
T003564,U00046,2026-02-04 09:19:07,709,shopping,2,android,0
T014054,U01944,2026-09-03 01:39:18,1523,grocery,2,android,0
T003193,U00022,2026-06-19 03:03:59,1329,transfer,3,android,0
T004763,U01257,2026-09-25 18:05:22,1258,fuel,1,ios,0
T002421,U01752,2026-08-04 07:14:00,9733,transfer,3,ios,0
T009620,U01809,2026-08-13 17:41:09,380,recharge,3,ios,0
T000518,U01723,2026-05-07 17:57:21,1770,fuel,2,ios,0
T010820,U00864,2026-05-12 03:04:49,1987,fuel,1,ios,0
T008201,U01097,2026-04-14 07:39:55,3938,fuel,2,ios,0
T001637,U00512,2026-06-03 07:02:44,387,grocery,3,web,0
T009393,U00756,2026-06-29 20:11:25,124,grocery,2,ios,0
T012459,U00955,2026-03-07 03:53:51,6523,transfer,1,web,0
T010546,U01848,2026-05-17 08:13:29,956,fuel,2,android,0
T005802,U01273,2026-03-30 17:26:41,52,recharge,1,ios,0
T011200,U01046,2026-02-04 21:17:35,6733,transfer,3,android,0
T000576,U00832,2026-01-11 18:13:17,154,fuel,1,ios,0
T014015,U00641,2026-03-12 00:12:04,424,recharge,1,android,0
T007968,U01510,2026-09-29 15:35:37,335,fuel,1,ios,0
T014428,U01155,2026-09-27 16:08:53,1290,shopping,2,web,0
T011367,U01220,2026-08-18 14:01:24,528,grocery,2,android,0
T005059,U00861,2026-07-18 13:23:55,328,grocery,1,ios,0
T005555,U01631,2026-04-25 17:21:13,285,recharge,1,android,0
T013863,U00215,2026-06-23 17:31:02,2463,grocery,2,ios,0
T008019,U00327,2026-04-20 22:57:59,5824,transfer,3,android,0
T014587,U01436,2026-01-03 06:18:35,2080,shopping,1,ios,0
T005034,U00116,2026-02-18 15:17:18,1936,grocery,2,android,0
T001111,U00347,2026-02-11 05:06:17,148,recharge,2,ios,0
T003628,U01181,2026-03-08 23:27:40,8342,transfer,2,android,0
T009631,U01484,2026-09-17 08:11:18,421,grocery,1,ios,0
T015092,U01130,2026-09-21 23:50:00,5000,transfer,1,web,1
T013630,U01444,2026-01-28 10:25:47,4707,fuel,3,android,0
T015078,U00965,2026-04-16 13:09:00,2000,transfer,3,web,1
T011958,U01130,2026-09-04 09:12:42,195,recharge,2,android,0
T000096,U01948,2026-05-27 03:08:08,2155,recharge,1,ios,0
T007486,U00248,2026-07-24 09:33:04,1734,fuel,3,android,0
T000939,U01398,2026-01-23 03:49:31,1309,grocery,3,ios,0
T001467,U00585,2026-09-10 23:34:06,15849,transfer,1,ios,0
T009880,U00053,2026-09-10 04:36:50,55669,transfer,2,ios,0
T006743,U01722,2026-05-05 10:54:07,1501,fuel,3,ios,0
T014828,U00746,2026-03-28 21:29:04,212,recharge,3,ios,0
T001940,U01226,2026-04-09 02:42:44,1402,shopping,3,android,0
T012526,U01469,2026-01-28 11:47:02,4984,transfer,3,ios,0
T003239,U00983,2026-09-05 14:19:07,11905,shopping,2,ios,0
T000729,U01618,2026-09-02 10:59:03,3186,fuel,2,ios,0
T005747,U00300,2026-06-02 08:58:52,461,recharge,1,android,0
T007370,U01975,2026-08-20 00:13:58,13687,transfer,1,android,0
T012592,U01905,2026-08-05 23:06:29,479,grocery,1,android,0
T001019,U01956,2026-04-17 09:09:20,30640,transfer,3,ios,0
T011868,U00455,2026-09-19 09:51:49,1343,shopping,2,android,0
T013401,U00294,2026-02-25 14:41:53,2954,shopping,3,android,0
T007264,U00191,2026-06-20 02:04:43,1158,grocery,2,ios,0
T005719,U00571,2026-08-02 04:00:38,4398,shopping,3,android,0
T014807,U01405,2026-02-04 23:58:59,5166,transfer,1,android,0
T014011,U01954,2026-02-05 19:58:43,2652,shopping,3,ios,0
T014139,U00150,2026-01-14 06:40:43,502,grocery,2,android,0
T004700,U01775,2026-06-06 02:34:04,1000,transfer,2,ios,1
T002328,U00179,2026-08-06 11:42:21,7075,fuel,3,ios,0
T011874,U01135,2026-02-20 10:16:37,10832,shopping,3,android,0
T001844,U01975,2026-08-18 10:46:23,358,grocery,2,android,0
T006821,U00915,2026-07-05 15:59:36,706,fuel,1,ios,0
T001103,U00207,2026-01-10 07:03:26,1029,fuel,1,ios,0
T002918,U01926,2026-05-30 11:28:43,2248,fuel,2,android,0
T011813,U00236,2026-01-31 12:16:03,120,recharge,3,android,0
T011371,U01314,2026-05-23 05:03:46,673,grocery,3,android,0
T009909,U00606,2026-01-24 13:04:23,19716,transfer,1,ios,0
T003182,U01211,2026-01-27 12:41:27,97,recharge,3,ios,0
T003762,U01138,2026-07-12 18:29:57,2490,transfer,2,ios,0
T011425,U01927,2026-06-26 20:10:44,2334,shopping,2,ios,0
T007479,U00057,2026-01-08 20:59:16,312,recharge,1,web,0
T013613,U01099,2026-02-19 23:58:40,7108,shopping,1,ios,0
T010187,U01385,2026-09-05 10:28:04,181,recharge,3,android,0
T001528,U01795,2026-08-21 06:59:14,74,recharge,3,android,0
T002802,U00245,2026-03-10 09:18:18,812,recharge,3,ios,0
T014952,U01015,2026-08-05 07:08:00,949,grocery,2,android,0
T006454,U00066,2026-06-21 23:35:44,7273,shopping,2,ios,0
T008833,U00976,2026-01-09 07:51:30,3688,shopping,3,ios,0
T011767,U01754,2026-01-29 23:47:50,3491,shopping,1,ios,0
T011377,U00866,2026-02-10 11:33:53,947,fuel,3,ios,0
T007743,U01130,2026-09-28 23:26:33,909,recharge,1,android,0
T011931,U01624,2026-03-27 00:44:47,4221,shopping,2,android,0
T002037,U00416,2026-07-14 14:28:16,252,grocery,2,ios,0
T014042,U01726,2026-02-26 10:21:27,2951,shopping,1,ios,0
T000918,U01533,2026-07-02 14:26:13,2034,shopping,3,android,0
T008164,U01477,2026-08-06 23:39:09,4083,transfer,3,ios,0
T000372,U00378,2026-05-04 18:22:56,814,recharge,1,ios,0
T010622,U00300,2026-09-26 09:27:54,854,shopping,1,android,0
T013652,U00336,2026-01-02 18:35:23,1008,fuel,3,ios,0
T006436,U00493,2026-01-27 09:25:47,135,recharge,3,android,0
T007535,U01056,2026-08-19 02:53:05,208,recharge,1,android,0
T000128,U01476,2026-06-12 23:27:05,786,grocery,1,ios,0
T015053,U01965,2026-03-24 09:21:00,5000,transfer,1,web,1
T005539,U00425,2026-01-01 19:52:14,2268,transfer,3,ios,0
T014516,U01603,2026-03-05 22:06:11,2709,recharge,1,ios,0
T012246,U00491,2026-03-04 20:45:31,278,recharge,2,ios,0
T013462,U00165,2026-06-03 09:11:58,6500,shopping,3,android,0
T009809,U01202,2026-06-21 15:18:27,237,grocery,3,android,0
T007801,U00990,2026-06-12 16:54:21,697,grocery,3,android,0
T004695,U01842,2026-01-01 22:39:19,2776,fuel,2,ios,0
T000065,U01560,2026-09-03 14:24:49,2717,transfer,2,android,0
T001905,U00863,2026-09-09 12:14:30,90,recharge,1,ios,0
T005275,U01335,2026-08-10 14:32:57,2392,fuel,2,android,0
T011502,U01698,2026-02-12 06:10:58,3069,transfer,3,android,0
T007682,U00366,2026-04-06 22:35:38,848,shopping,2,android,0
T003575,U01965,2026-09-01 03:04:19,1271,fuel,1,android,0
T014641,U00982,2026-09-05 17:57:17,680,fuel,1,ios,0
T013107,U01626,2026-06-18 23:42:17,4737,transfer,2,ios,0
T013402,U01763,2026-04-10 05:23:02,997,fuel,2,android,0
T001273,U01577,2026-05-02 22:19:50,2415,grocery,3,ios,0
T007332,U01130,2026-06-27 21:50:30,1304,grocery,1,android,0
T014275,U00612,2026-08-12 23:37:04,6615,transfer,3,ios,0
T007056,U00923,2026-01-02 06:16:21,1303,fuel,1,ios,0
T014827,U01235,2026-06-08 13:31:57,697,shopping,3,android,0
T001981,U01486,2026-01-18 15:11:43,1222,grocery,1,ios,0
T002447,U00028,2026-06-03 04:15:05,474,shopping,3,ios,0
T007602,U01466,2026-06-20 15:31:02,1540,transfer,1,android,0
T011363,U01467,2026-04-17 14:28:16,5738,transfer,1,web,0
T011619,U00749,2026-01-18 02:11:03,5017,grocery,3,android,0
T011581,U01675,2026-09-04 09:37:39,788,fuel,3,ios,0
T003520,U01062,2026-02-09 15:59:46,644,grocery,2,ios,0
T014732,U00248,2026-05-06 08:05:49,904,fuel,3,android,0
T011531,U01610,2026-02-18 17:47:15,17490,transfer,3,ios,0
T004210,U01069,2026-04-16 13:43:27,17034,transfer,3,ios,0
T011317,U00663,2026-05-03 15:30:06,1100,shopping,2,android,0
T008502,U01515,2026-02-06 10:21:43,15053,transfer,2,android,0
T011127,U00494,2026-09-19 12:19:32,1092,grocery,1,ios,0
T003124,U01077,2026-01-01 15:00:36,2356,fuel,3,ios,0
T013340,U00529,2026-07-19 01:27:40,3236,transfer,2,android,0
T011278,U00518,2026-08-19 03:07:13,242,grocery,1,android,0
T011872,U01951,2026-04-01 12:40:04,369,fuel,3,android,0
T005121,U01138,2026-01-13 19:05:23,194,grocery,3,ios,0
T012802,U00581,2026-02-15 18:21:33,1430,transfer,1,ios,0
T014218,U01815,2026-08-19 05:23:52,2433,transfer,3,ios,0
T002737,U00426,2026-04-21 20:49:10,657,grocery,1,android,0
T013145,U00939,2026-02-22 00:25:03,363,recharge,3,ios,0
T012564,U00927,2026-05-15 14:32:04,1751,shopping,3,ios,0
T011334,U01684,2026-09-01 07:32:44,2101,fuel,3,ios,0
T007912,U01043,2026-03-08 01:54:35,982,fuel,1,ios,0
T010106,U00051,2026-01-18 03:09:06,1390,grocery,1,ios,0
T015031,U00606,2026-01-11 23:22:00,1000,transfer,3,web,1
T014059,U00603,2026-03-31 01:21:35,391,grocery,2,android,0
T000637,U01673,2026-07-25 04:11:42,5594,transfer,1,ios,0
T013135,U00291,2026-04-23 03:12:18,259,recharge,3,android,0
T000017,U01629,2026-06-07 16:26:59,4598,transfer,1,android,0
T000159,U00517,2026-09-07 14:46:26,6818,shopping,2,ios,0
T006534,U01186,2026-09-24 10:23:16,518,grocery,3,ios,0
T000470,U00434,2026-07-28 09:06:52,689,shopping,2,android,0
T001967,U01871,2026-04-14 11:02:15,387,recharge,3,ios,0
T004123,U01644,2026-01-17 21:32:16,4448,transfer,1,ios,0
T004543,U01484,2026-03-08 20:40:37,86,recharge,3,ios,0
T005532,U01995,2026-05-10 06:17:50,112,grocery,2,ios,0
T003536,U00833,2026-03-28 03:55:28,559,fuel,3,android,0
T009896,U00848,2026-03-26 17:53:05,91498,transfer,2,android,0
T009460,U00550,2026-09-30 20:13:07,6616,fuel,1,ios,0
T004447,U00164,2026-06-11 00:05:28,3473,grocery,2,android,0
T000843,U00552,2026-09-13 06:38:53,2392,fuel,3,ios,0
T005471,U01070,2026-03-30 00:56:40,1806,shopping,1,android,0
T011585,U00096,2026-09-01 09:22:44,756,transfer,3,android,0
T012781,U01883,2026-09-18 17:34:18,777,shopping,2,ios,0
T011404,U00855,2026-06-13 12:43:33,4437,shopping,2,android,0
T008287,U01789,2026-07-15 07:10:23,148,recharge,1,android,0
T013258,U00122,2026-06-21 05:30:58,2277,grocery,1,android,0
T013763,U00386,2026-02-07 00:33:33,7552,transfer,2,android,0
T005908,U01185,2026-07-24 23:10:05,1429,shopping,3,android,0
T002655,U00488,2026-03-12 01:30:44,496,shopping,2,ios,0
T014665,U00140,2026-08-04 15:34:13,11094,transfer,3,ios,0
T010374,U00692,2026-01-29 11:24:39,1492,fuel,2,ios,0
T005377,U01137,2026-03-07 11:28:07,3566,transfer,1,ios,0
T007165,U00513,2026-08-04 15:21:20,3044,shopping,2,android,0
T014398,U01320,2026-06-16 21:17:15,239,recharge,2,android,0
T004760,U01798,2026-06-19 12:27:25,314,recharge,3,android,0
T013305,U01363,2026-07-16 19:17:15,518,grocery,2,ios,0
T006011,U00065,2026-08-01 04:45:04,18,recharge,2,ios,0
T002117,U01763,2026-04-28 00:51:56,17990,transfer,1,android,0
T010498,U01262,2026-08-10 23:10:59,2869,fuel,1,android,0
T013234,U00609,2026-08-04 19:05:09,7027,shopping,2,ios,0
T009883,U01819,2026-04-08 05:09:58,1018,grocery,1,ios,0
T004701,U00561,2026-06-20 08:03:53,2023,shopping,1,ios,0
T003769,U00373,2026-04-13 18:28:24,753,fuel,2,ios,0
T003495,U01743,2026-03-14 21:03:50,637,recharge,1,android,0
T011664,U00392,2026-01-17 23:07:26,128,recharge,1,android,0
T004258,U00269,2026-08-03 17:00:03,1183,fuel,3,ios,0
T005149,U01697,2026-05-12 19:03:34,659,fuel,2,android,0
T012437,U01937,2026-09-20 06:18:22,2700,transfer,1,web,0
T013849,U01444,2026-04-13 01:42:37,7312,transfer,1,android,0
T009004,U01170,2026-05-09 18:13:47,724,fuel,2,ios,0
T006457,U00800,2026-04-12 23:56:08,3223,shopping,3,ios,0
T000454,U01122,2026-01-27 01:33:29,10000,grocery,3,web,1
T012535,U00037,2026-09-01 06:04:54,1087,fuel,3,ios,0
T009061,U00718,2026-08-28 04:12:02,165,fuel,2,android,0
T001935,U00741,2026-03-26 10:42:46,560,grocery,2,ios,0
T006721,U00043,2026-08-20 22:01:46,991,fuel,3,android,0
T008320,U00541,2026-04-22 17:53:41,1232,fuel,1,ios,0
T006458,U01314,2026-04-16 10:55:31,563,grocery,3,android,0
T009295,U01295,2026-02-15 08:40:57,276,recharge,2,ios,0
T002413,U00810,2026-03-06 13:08:15,336,recharge,1,web,0
T006666,U00922,2026-05-15 12:15:41,1616,shopping,1,ios,0
T009095,U00460,2026-07-03 10:27:45,21761,transfer,3,android,0
T010968,U01056,2026-05-28 15:20:17,175,recharge,1,android,0
T013867,U00181,2026-05-19 00:41:20,2180,transfer,1,android,0
T014622,U00645,2026-04-24 18:38:14,3199,transfer,3,ios,0
T008536,U00214,2026-02-09 16:32:53,2162,recharge,1,android,0
T005469,U00058,2026-01-11 15:26:48,3439,transfer,1,android,0
T013658,U00097,2026-04-30 11:19:14,3146,transfer,3,android,0
T010775,U00261,2026-05-16 03:16:04,430,recharge,3,ios,0
T014017,U00204,2026-08-09 15:36:52,8622,shopping,1,android,0
T014533,U00276,2026-03-28 00:46:41,149,recharge,2,android,0
T013481,U00178,2026-06-29 08:54:54,4467,transfer,1,ios,0
T002558,U01457,2026-09-29 03:55:06,470,recharge,2,ios,0
T003690,U01405,2026-04-02 07:36:44,301,recharge,2,android,0
T000238,U00202,2026-05-09 11:45:15,766,fuel,3,android,0
T004221,U00163,2026-03-24 13:15:09,9108,transfer,2,ios,0
T008006,U01801,2026-04-05 02:52:02,481,grocery,2,android,0
T003043,U00166,2026-04-12 05:59:34,2681,grocery,1,ios,0
T004371,U00282,2026-05-31 04:34:33,618,shopping,1,ios,0
T004522,U00681,2026-05-03 10:50:08,104,recharge,1,ios,0
T013631,U00588,2026-02-17 05:30:05,1210,fuel,2,ios,0
T012907,U00963,2026-04-16 23:02:03,1512,grocery,1,ios,0
T012722,U01745,2026-06-13 16:31:43,1367,fuel,2,android,0
T006878,U01155,2026-01-28 04:19:28,331,grocery,3,ios,0
T004182,U00946,2026-07-17 00:06:27,6509,shopping,1,ios,0
T003784,U00372,2026-02-15 21:26:16,448,grocery,3,android,0
T000364,U00993,2026-03-19 05:39:04,2504,shopping,3,android,0
T008007,U01170,2026-01-16 09:33:36,791,recharge,2,ios,0
T008973,U00808,2026-09-11 21:30:12,16398,transfer,2,ios,0
T006558,U01029,2026-05-27 08:18:29,302,transfer,3,android,0
T002196,U01565,2026-02-23 00:18:23,6833,transfer,3,ios,0
T009667,U01319,2026-01-08 20:37:47,9515,transfer,2,android,0
T012620,U00340,2026-03-24 20:07:03,1788,transfer,3,android,0
T001577,U01137,2026-04-07 14:24:22,1405,fuel,1,ios,0
T009688,U01482,2026-04-26 09:36:37,858,recharge,3,ios,0
T008789,U00468,2026-04-16 05:59:33,201,recharge,3,android,0
T008679,U00266,2026-02-28 09:48:15,1608,fuel,3,ios,0
T009574,U01158,2026-06-21 10:42:21,987,transfer,1,ios,0
T009623,U00261,2026-07-18 22:18:10,3665,transfer,2,ios,0
T004699,U00019,2026-02-21 11:12:47,11667,shopping,3,ios,0
T000708,U01964,2026-07-21 19:43:20,915,recharge,1,android,0
T002039,U01169,2026-01-24 11:23:02,1632,shopping,2,ios,0
T001386,U00261,2026-02-12 11:09:32,2070,shopping,1,ios,0
T007000,U00767,2026-06-06 19:30:28,703,grocery,1,ios,0
T012745,U00809,2026-09-18 19:05:11,5892,fuel,2,ios,0
T011736,U01760,2026-09-17 12:27:44,3097,grocery,3,android,0
T012201,U00948,2026-09-09 14:29:42,9413,shopping,1,ios,0
T003289,U00323,2026-01-18 09:46:29,597,grocery,1,android,0
T001119,U00401,2026-03-14 15:56:37,494,recharge,2,android,0
T014963,U00723,2026-05-18 12:48:44,2130,transfer,2,android,0
T012711,U01136,2026-08-16 18:55:03,1589,transfer,3,ios,0
T008501,U01279,2026-05-28 20:01:22,300,recharge,1,android,0
T006180,U00109,2026-04-15 16:28:13,311,grocery,2,ios,0
T001090,U01699,2026-04-20 22:32:16,2205,transfer,1,android,0
T008847,U00919,2026-09-15 01:54:27,239,recharge,1,ios,0
T008277,U01243,2026-06-03 21:53:11,65,recharge,3,ios,0
T000697,U01573,2026-03-16 22:48:18,716,grocery,1,ios,0
T003677,U00316,2026-06-23 16:53:46,12989,transfer,2,ios,0
T005920,U01750,2026-01-19 18:20:32,308,grocery,1,android,0
T006621,U00069,2026-05-05 22:49:45,2352,transfer,3,android,0
T008791,U00508,2026-06-16 00:29:17,2747,transfer,3,ios,0
T011077,U01422,2026-03-29 21:49:47,4477,shopping,2,ios,0
T013760,U00668,2026-01-14 15:48:11,534,recharge,3,ios,0
T003663,U01192,2026-02-01 08:09:08,13937,transfer,2,ios,0
T010442,U01034,2026-04-13 06:15:08,2488,transfer,3,android,0
T005294,U00056,2026-09-04 05:28:58,2112,grocery,1,web,0
T003782,U00639,2026-05-14 01:30:55,10469,shopping,3,android,0
T005460,U00197,2026-03-04 20:04:37,414,fuel,2,android,0
T012467,U00240,2026-03-04 21:34:49,511,recharge,1,android,0
T005761,U01323,2026-07-06 05:56:52,300,grocery,3,ios,0
T002138,U01577,2026-01-12 06:42:14,63,recharge,2,android,0
T007793,U01484,2026-08-14 19:59:35,723,shopping,3,ios,0
T003876,U00670,2026-09-11 19:56:31,71,recharge,2,ios,0
T005381,U01512,2026-08-18 06:09:27,602,fuel,1,ios,0
T005024,U01894,2026-05-08 16:44:47,782,shopping,2,android,0
T014433,U00513,2026-07-26 17:43:36,5050,transfer,2,android,0
T007464,U01503,2026-03-05 01:00:36,1550,fuel,3,android,0
T006376,U01626,2026-08-12 16:21:30,152,recharge,3,web,0
T014874,U01608,2026-03-28 23:29:47,1029,grocery,2,ios,0
T012677,U01956,2026-03-20 09:49:36,922,fuel,2,ios,0
T008169,U01199,2026-03-30 15:22:59,4987,shopping,1,ios,0
T003197,U00092,2026-04-26 11:43:02,4819,fuel,3,ios,0
T003979,U01279,2026-07-30 16:07:03,152,recharge,3,android,0
T005011,U00356,2026-08-10 08:01:31,1334,shopping,3,android,0
T005564,U01426,2026-01-09 21:12:27,12264,transfer,3,ios,0
T004810,U00390,2026-07-09 09:22:37,295,recharge,3,ios,0
T010159,U00704,2026-08-25 04:04:20,13741,transfer,1,android,0
T003174,U01801,2026-06-08 06:21:16,87,recharge,3,android,0
T011358,U00426,2026-06-14 09:52:41,240,recharge,3,android,0
T002574,U00022,2026-03-01 21:50:19,253,recharge,2,android,0
T006325,U01682,2026-09-24 19:55:13,180,grocery,3,android,0
T007147,U00387,2026-02-08 14:34:48,195,recharge,3,ios,0
T013430,U00306,2026-03-13 06:24:30,357,grocery,2,ios,0
T011169,U01045,2026-01-22 04:45:03,308,recharge,3,android,0
T010205,U01281,2026-04-09 15:35:53,298,grocery,3,ios,0
T006619,U00569,2026-04-20 22:03:30,515,recharge,2,ios,0
T013132,U01535,2026-09-18 23:01:08,89,recharge,1,android,0
T014345,U01790,2026-05-12 06:08:45,324,grocery,3,android,0
T010492,U00312,2026-07-18 09:23:35,43,recharge,1,ios,0
T004176,U01228,2026-05-21 19:58:16,634,fuel,3,ios,0
T010976,U00075,2026-06-27 14:49:34,1365,grocery,1,android,0
T005408,U00032,2026-05-14 16:35:22,274,recharge,3,android,0
T013013,U01206,2026-07-24 06:27:03,2057,grocery,3,android,0
T012986,U01518,2026-06-24 05:01:20,2415,grocery,2,ios,0
T000574,U00948,2026-09-24 03:31:14,556,fuel,1,ios,0
T013648,U01251,2026-04-27 16:25:43,257,grocery,2,android,0
T010562,U00597,2026-04-04 13:40:24,14408,transfer,2,android,0
T012102,U01210,2026-04-12 21:18:23,120,recharge,3,android,0
T007034,U01311,2026-05-12 14:06:42,1568,fuel,2,web,0
T000153,U01744,2026-03-16 20:41:07,5160,shopping,3,android,0
T002968,U01403,2026-08-31 21:27:53,5369,transfer,3,android,0
T009522,U00290,2026-04-06 10:33:40,6382,shopping,1,android,0
T003503,U01249,2026-05-05 20:39:45,5679,shopping,3,ios,0
T009224,U01495,2026-05-06 08:15:39,340,grocery,2,ios,0
T003945,U00110,2026-08-02 03:45:05,3853,fuel,3,ios,0
T005338,U00859,2026-04-02 08:29:46,165,recharge,1,android,0
T002615,U01178,2026-04-16 06:04:35,1267,shopping,3,ios,0
T011078,U00380,2026-01-28 13:31:05,1309,fuel,1,ios,0
T004175,U01812,2026-08-23 04:33:52,3467,shopping,1,ios,0
T001917,U01059,2026-07-28 04:37:31,10000,transfer,1,web,1
T004263,U00546,2026-02-15 12:19:15,31,recharge,2,android,0
T008841,U01539,2026-07-05 02:19:54,1555,shopping,3,ios,0
T007224,U01600,2026-01-20 18:17:19,792,shopping,3,android,0
T004937,U00630,2026-03-05 22:16:34,807,grocery,2,ios,0
T014408,U00884,2026-07-05 05:22:40,267,shopping,3,ios,0
T012017,U00896,2026-06-20 02:47:43,408,grocery,2,ios,0
T001712,U00151,2026-05-12 03:32:33,1305,fuel,2,web,0
T013879,U00479,2026-05-05 07:31:17,262,recharge,1,ios,0
T006336,U01325,2026-02-16 11:07:43,1968,fuel,3,ios,0
T010905,U00549,2026-01-09 09:20:22,5609,fuel,3,android,0
T000331,U00329,2026-04-25 19:52:08,2346,grocery,3,android,0
T010353,U01999,2026-07-22 02:32:04,75,recharge,1,ios,0
T013956,U01975,2026-08-17 22:24:20,8316,shopping,1,android,0
T013196,U01856,2026-09-11 12:00:39,7205,shopping,1,android,0
T012278,U00961,2026-08-06 04:53:50,178,grocery,2,android,0
T000607,U00642,2026-07-10 19:00:46,8077,transfer,1,ios,0
T004618,U00568,2026-09-23 19:31:15,97,recharge,2,ios,0
T008043,U01067,2026-04-10 19:16:09,2557,transfer,3,android,0
T000259,U00373,2026-03-07 03:16:46,4232,shopping,3,ios,0
T012116,U01687,2026-06-27 02:35:29,511,shopping,2,android,0
T000064,U00345,2026-08-11 10:16:57,78,recharge,3,ios,0
T009528,U01999,2026-05-16 01:02:05,2563,fuel,2,ios,0
T003620,U01950,2026-01-16 21:43:11,522,grocery,3,ios,0
T006121,U01656,2026-04-02 12:11:47,726,shopping,3,android,0
T013814,U01109,2026-09-23 14:59:35,7036,transfer,2,android,0
T006569,U01674,2026-08-29 04:48:35,7604,transfer,2,ios,0
T006532,U01657,2026-08-16 06:05:39,1479,fuel,1,android,0
T003412,U00009,2026-04-23 16:23:33,1558,grocery,3,ios,0
T003447,U00305,2026-07-14 14:07:05,4310,fuel,1,android,0
T004526,U00309,2026-01-10 16:36:12,3384,transfer,1,ios,0
T014668,U00687,2026-05-05 11:53:39,1830,fuel,3,ios,0
T014465,U00881,2026-03-12 18:48:49,542,grocery,2,ios,0
T005187,U00469,2026-05-06 16:23:04,248,recharge,2,android,0
T012165,U01370,2026-02-03 10:42:14,3527,grocery,2,ios,0
T014447,U00659,2026-01-26 18:22:20,1925,shopping,3,android,0
T008720,U00434,2026-03-11 02:32:56,443,recharge,2,web,0
T008327,U00885,2026-05-29 02:43:47,1194,transfer,2,ios,0
T001039,U00051,2026-02-17 07:21:52,1374,shopping,2,ios,0
T002160,U00756,2026-02-28 14:34:38,2939,shopping,3,ios,0
T000582,U00675,2026-04-02 15:06:08,5907,shopping,3,android,0
T005098,U00921,2026-02-07 01:41:24,2692,grocery,1,ios,0
T014031,U00022,2026-03-23 19:07:22,1262,grocery,3,android,0
T003420,U00913,2026-06-06 01:39:43,2086,shopping,3,android,0
T012878,U00662,2026-03-06 06:35:10,314,recharge,3,ios,0
T005742,U00966,2026-08-28 15:25:02,5549,fuel,3,android,0
T003508,U01622,2026-02-24 17:20:31,6072,shopping,1,android,0
T002874,U00181,2026-04-05 17:06:02,2262,shopping,1,ios,0
T014515,U00201,2026-08-05 12:32:19,3060,fuel,3,android,0
T007811,U00158,2026-08-07 00:55:34,2379,shopping,1,android,0
T012964,U01280,2026-03-01 09:34:11,299,recharge,2,ios,0
T001306,U00813,2026-07-07 21:45:39,590,recharge,1,ios,0
T002633,U00660,2026-03-28 12:23:08,7087,transfer,3,android,0
T006603,U01423,2026-04-24 19:41:11,5583,shopping,1,android,0
T013712,U01262,2026-07-10 21:58:57,860,transfer,1,android,0
T000184,U01410,2026-01-05 22:49:58,23885,transfer,2,android,0
T009797,U00428,2026-08-01 02:36:28,8472,fuel,1,ios,0
T003746,U00776,2026-08-01 00:55:14,2252,grocery,3,ios,0
T015041,U00417,2026-08-28 06:36:00,1000,transfer,1,web,1
T008956,U01304,2026-06-17 22:48:10,1803,fuel,1,android,0
T012186,U01183,2026-05-02 08:09:01,633,grocery,1,android,0
T000999,U01753,2026-07-12 02:03:35,875,fuel,3,ios,0
T009472,U00607,2026-05-03 17:26:56,1233,transfer,1,android,0
T002136,U00875,2026-05-15 21:45:19,2640,fuel,2,android,0
T003873,U00671,2026-08-02 11:15:34,1994,shopping,1,ios,0
T013098,U01078,2026-08-06 20:20:29,247,recharge,2,ios,0
T007448,U01600,2026-08-14 11:59:08,502,recharge,2,android,0
T000283,U01639,2026-07-20 14:10:05,359,recharge,2,android,0
T009721,U00397,2026-02-20 11:07:07,466,fuel,1,ios,0
T007919,U00506,2026-09-11 10:31:16,389,recharge,1,ios,0
T010207,U00405,2026-05-30 16:19:13,1401,grocery,2,android,0
T006682,U01808,2026-07-31 20:36:05,669,recharge,1,ios,0
T002198,U00812,2026-08-03 20:37:28,11148,transfer,1,ios,0
T002343,U00741,2026-02-12 06:35:03,1577,grocery,1,ios,0
T013433,U00951,2026-04-15 05:12:19,2258,transfer,1,ios,0
T008181,U01191,2026-04-15 04:08:17,1859,grocery,1,ios,0
T008560,U00705,2026-05-20 13:33:12,628,grocery,2,android,0
T010725,U00707,2026-08-16 17:13:31,2101,grocery,1,android,0
T005127,U00184,2026-08-12 05:28:36,1915,shopping,3,android,0
T001240,U00760,2026-04-30 02:18:13,3707,shopping,2,android,0
T004665,U00268,2026-03-11 10:52:03,65,recharge,1,android,0
T012529,U01283,2026-04-03 14:10:37,2898,transfer,1,ios,0
T008747,U01617,2026-05-19 08:56:07,1859,shopping,3,android,0
T003542,U01143,2026-08-15 17:14:10,1423,shopping,1,android,0
T013350,U00158,2026-09-07 07:25:08,9137,shopping,1,android,0
T004785,U00521,2026-05-01 04:55:17,6079,fuel,1,android,0
T005651,U01206,2026-06-17 12:11:28,914,recharge,1,android,0
T003606,U01017,2026-05-27 04:22:11,3602,fuel,1,android,0
T011050,U01956,2026-01-23 09:22:01,2414,shopping,2,ios,0
T014813,U01236,2026-06-02 16:22:29,1354,shopping,2,ios,0
T005739,U01165,2026-02-25 21:03:48,3443,fuel,3,android,0
T011446,U00625,2026-08-02 04:09:14,3664,shopping,2,ios,0
T001753,U01826,2026-08-19 03:00:47,5741,shopping,2,ios,0
T001023,U00308,2026-09-15 23:54:51,905,shopping,2,android,0
T009328,U01627,2026-03-31 15:27:40,129,recharge,3,ios,0
T007061,U01431,2026-09-03 18:52:50,663,shopping,3,android,0
T003423,U00634,2026-03-27 12:16:32,755,fuel,1,ios,0
T014568,U01363,2026-01-08 13:16:40,343,recharge,2,ios,0
T002266,U01427,2026-03-21 12:17:37,679,transfer,2,android,0
T013448,U00411,2026-06-05 18:02:53,434,fuel,1,android,0
T007426,U01102,2026-06-19 21:56:30,3413,grocery,1,android,0
T009238,U00450,2026-03-16 15:28:52,586,shopping,2,ios,0
T011593,U00083,2026-04-07 12:32:34,2257,fuel,3,ios,0
T006741,U01154,2026-02-03 20:52:28,5122,grocery,3,ios,0
T011945,U00111,2026-09-19 17:14:10,3639,transfer,3,ios,0
T011558,U01473,2026-06-06 17:08:57,111,recharge,2,android,0
T010226,U01422,2026-05-29 08:08:17,191,recharge,2,ios,0
T010652,U00282,2026-06-18 20:29:44,3035,fuel,1,ios,0
T011984,U00795,2026-07-22 21:51:31,1088,recharge,3,android,0
T008453,U01245,2026-08-04 10:49:03,639,fuel,2,ios,0
T010522,U01299,2026-07-05 14:02:34,1103,shopping,1,ios,0
T013886,U00147,2026-01-13 12:55:30,3241,fuel,1,ios,0
T006340,U01447,2026-09-10 09:08:14,5422,shopping,2,ios,0
T009585,U00535,2026-07-11 03:34:51,9375,shopping,1,web,0
T001915,U00971,2026-05-03 17:22:56,398,recharge,2,android,0
T011522,U00071,2026-06-12 21:28:41,149,recharge,3,android,0
T007868,U00338,2026-04-28 20:00:52,5517,transfer,1,ios,0
T002774,U01242,2026-01-01 12:00:45,4247,shopping,3,android,0
T005316,U00785,2026-03-23 20:45:13,23354,transfer,3,ios,0
T004566,U01577,2026-05-21 15:07:41,1321,fuel,2,ios,0
T008664,U00072,2026-05-05 17:16:13,1337,grocery,3,ios,0
T001984,U00080,2026-08-01 19:17:54,1075,transfer,2,ios,0
T007225,U01626,2026-02-20 21:31:57,4311,shopping,3,ios,0
T012203,U01120,2026-06-03 08:50:24,1921,fuel,1,ios,0
T002609,U00516,2026-03-12 20:34:49,1328,grocery,1,android,0
T005279,U00504,2026-02-24 14:03:13,444,fuel,3,ios,0
T010507,U01483,2026-04-02 12:40:55,4656,transfer,3,ios,0
T005550,U01109,2026-02-02 17:20:48,562,recharge,3,ios,0
T009686,U01785,2026-03-23 14:46:39,3226,shopping,3,ios,0
T001185,U00822,2026-04-01 23:51:45,304,recharge,1,ios,0
T009837,U01992,2026-02-13 15:53:46,3128,transfer,2,android,0
T012008,U00072,2026-06-16 20:04:47,2147,shopping,3,ios,0
T007409,U01930,2026-04-16 06:33:02,351,fuel,1,android,0
T000234,U00321,2026-06-01 20:18:53,1052,shopping,1,android,0
T011904,U01728,2026-07-20 03:11:19,1579,fuel,2,ios,0
T013334,U01832,2026-08-26 22:20:48,154,grocery,1,ios,0
T000086,U01604,2026-04-15 09:03:59,449,recharge,1,android,0
T005384,U01683,2026-03-02 01:45:32,3818,shopping,2,android,0
T008675,U01918,2026-09-15 21:46:52,716,fuel,1,android,0
T014357,U00971,2026-02-23 18:15:05,1055,fuel,2,android,0
T014402,U01814,2026-06-30 20:27:25,3687,shopping,1,android,0
T008265,U00741,2026-02-03 17:31:35,3383,shopping,3,ios,0
T008705,U01263,2026-06-07 05:10:45,719,grocery,3,ios,0
T013640,U00427,2026-04-15 20:24:15,1714,grocery,1,android,0
T011379,U00437,2026-03-01 08:17:25,3120,shopping,1,ios,0
T008810,U00338,2026-07-06 08:36:18,15517,transfer,2,ios,0
T006620,U00560,2026-01-02 08:35:24,167,recharge,1,ios,0
T010991,U00547,2026-01-31 10:48:06,682,fuel,2,web,0
T006072,U00809,2026-02-07 10:55:24,863,recharge,2,ios,0
T003715,U01720,2026-09-26 15:58:05,5070,grocery,3,ios,0
T012465,U00569,2026-01-11 23:22:50,97,recharge,3,ios,0
T007418,U00386,2026-05-16 08:00:24,5072,shopping,1,android,0
T002746,U00976,2026-03-21 15:50:34,13208,transfer,2,ios,0
T014379,U00171,2026-06-29 04:49:40,296,shopping,3,android,0
T008462,U01383,2026-04-14 23:14:57,10989,shopping,3,ios,0
T005541,U00020,2026-08-13 00:11:35,2242,shopping,3,ios,0
T009932,U01484,2026-04-07 03:57:53,2561,shopping,1,ios,0
T004245,U01609,2026-09-14 09:55:23,377,recharge,1,ios,0
T000895,U01655,2026-06-18 12:16:27,628,transfer,1,ios,0
T005358,U00545,2026-08-30 21:37:49,409,grocery,2,android,0
T000702,U01072,2026-01-09 23:28:14,320,recharge,1,ios,0
T008469,U00747,2026-09-07 03:57:15,655,grocery,1,ios,0
T011211,U00956,2026-09-06 05:12:42,592,grocery,3,android,0
T009836,U00243,2026-01-25 14:55:20,13313,transfer,3,ios,0
T004161,U00075,2026-02-21 01:27:01,1915,shopping,1,android,0
T007899,U00365,2026-03-02 22:31:44,450,recharge,3,ios,0
T001758,U01700,2026-06-20 01:48:46,2443,transfer,3,android,0
T004038,U01013,2026-04-25 14:01:12,493,grocery,1,ios,0
T011536,U00760,2026-04-28 14:58:44,1250,transfer,2,android,0
T008126,U01083,2026-07-27 14:24:00,408,fuel,3,ios,0
T010979,U00058,2026-09-27 16:41:44,1694,fuel,2,android,0
T001665,U01092,2026-06-13 06:00:28,886,fuel,3,android,0
T001592,U00306,2026-09-25 02:04:08,555,grocery,2,ios,0
T013256,U00491,2026-07-06 08:12:29,111,recharge,1,ios,0
T012475,U00176,2026-01-06 05:52:48,3957,fuel,2,web,0
T014125,U01118,2026-02-18 20:07:58,849,shopping,3,ios,0
T003699,U01794,2026-04-25 07:06:20,204,grocery,1,android,0
T002795,U00701,2026-05-08 05:42:56,1621,fuel,2,android,0
T014845,U00813,2026-03-05 03:20:26,1736,shopping,2,ios,0
T006224,U01208,2026-05-14 14:06:10,3609,fuel,1,ios,0
T006091,U00376,2026-03-26 13:22:58,591,fuel,2,ios,0
T014281,U00903,2026-03-15 03:32:58,3514,shopping,2,ios,0
T007698,U01989,2026-02-20 11:17:30,278,recharge,3,android,0
T003095,U00172,2026-03-18 00:46:32,224,recharge,3,ios,0
T010016,U01794,2026-07-10 22:29:41,1371,fuel,3,android,0
T007727,U00932,2026-06-27 05:45:48,477,grocery,3,ios,0
T004271,U00984,2026-04-02 02:42:28,7449,shopping,1,ios,0
T005451,U01299,2026-07-27 17:41:53,781,grocery,3,ios,0
T001002,U00570,2026-08-13 04:17:16,6541,transfer,1,ios,0
T010699,U00739,2026-04-06 13:46:24,711,fuel,1,ios,0
T010102,U00006,2026-02-09 03:53:23,538,fuel,1,android,0
T013765,U00418,2026-03-02 22:28:40,9951,transfer,3,ios,0
T008582,U00330,2026-07-06 00:23:24,649,fuel,1,android,0
T004149,U00183,2026-06-04 08:11:31,640,fuel,2,android,0
T001775,U00308,2026-07-16 10:26:56,2431,shopping,3,android,0
T006555,U01047,2026-07-22 18:59:31,1076,fuel,1,ios,0
T000089,U01832,2026-03-30 16:53:00,830,shopping,3,android,0
T002637,U00466,2026-09-16 06:08:11,733,grocery,3,ios,0
T002382,U00606,2026-05-24 14:53:42,618,recharge,2,ios,0
T013152,U01292,2026-08-20 11:49:21,25770,transfer,3,web,0
T000222,U00150,2026-03-13 09:47:03,346,recharge,3,android,0
T003306,U01674,2026-01-18 18:22:58,446,recharge,2,web,0
T011704,U00823,2026-05-25 09:49:18,878,fuel,2,ios,0
T011086,U01850,2026-07-04 20:53:16,536,recharge,2,android,0
T002193,U00772,2026-06-05 01:18:53,373,recharge,3,android,0
T004278,U00546,2026-01-04 11:46:51,3610,transfer,1,android,0
T009529,U00388,2026-07-23 10:11:17,2356,shopping,2,ios,0
T014312,U00022,2026-06-09 14:54:33,218,transfer,3,ios,0
T005196,U00015,2026-03-31 05:50:53,202,recharge,2,web,1
T012484,U00309,2026-05-09 21:21:40,2273,transfer,2,android,0
T007576,U00191,2026-03-04 04:38:27,608,recharge,2,ios,0
T011316,U00359,2026-08-05 13:14:48,3806,grocery,3,ios,0
T009422,U01961,2026-05-26 04:01:09,415,recharge,1,web,0
T014460,U00246,2026-02-11 07:12:55,1170,shopping,3,android,0
T006246,U01176,2026-02-28 21:20:03,960,shopping,3,android,0
T009006,U00350,2026-01-21 06:20:50,1036,transfer,3,ios,0
T005641,U01585,2026-07-19 14:05:52,7875,shopping,3,android,0
T001097,U00934,2026-09-27 03:54:35,66,recharge,3,ios,0
T000066,U01298,2026-04-19 01:15:04,9274,grocery,2,android,0
T007579,U00550,2026-07-21 13:37:49,564,grocery,1,ios,0
T013391,U00883,2026-01-23 12:56:35,13910,transfer,3,android,0
T005515,U00144,2026-02-22 16:32:23,2672,fuel,3,ios,0
T004036,U01216,2026-07-15 11:25:35,17482,transfer,2,ios,0
T004861,U01643,2026-07-05 17:08:15,776,grocery,2,ios,0
T000167,U01785,2026-05-09 16:05:58,185,recharge,2,ios,0
T008149,U01593,2026-07-22 10:49:42,118,recharge,1,ios,0
T008101,U01318,2026-03-13 02:30:56,11044,fuel,3,ios,0
T001823,U00284,2026-07-21 12:55:01,1568,shopping,3,ios,0
T000774,U01270,2026-07-13 16:28:03,552,grocery,1,android,0
T001105,U00152,2026-09-02 23:46:49,186,recharge,2,android,0
T006062,U01884,2026-07-31 20:33:03,4899,transfer,3,ios,0
T003400,U00956,2026-01-16 06:26:45,9922,fuel,1,android,0
T005061,U00314,2026-08-30 10:51:43,217,recharge,1,android,0
T005324,U00462,2026-05-05 08:28:49,3419,fuel,2,ios,0
T012695,U01551,2026-04-02 03:03:58,2654,shopping,3,android,0
T005498,U01962,2026-04-13 21:02:53,4113,transfer,2,android,0
T009230,U01639,2026-04-10 15:48:32,2516,fuel,3,android,0
T006706,U00196,2026-02-02 11:57:25,6019,shopping,1,ios,0
T014310,U00909,2026-04-13 17:06:23,2707,transfer,1,ios,0
T008342,U00052,2026-04-01 11:09:05,631,fuel,2,ios,0
T006759,U00107,2026-05-12 07:19:05,204,grocery,1,ios,0
T000899,U01236,2026-02-12 17:36:19,6741,grocery,2,ios,0
T007285,U00346,2026-09-02 14:28:32,3034,fuel,3,android,0
T008753,U01995,2026-07-04 01:09:30,10311,shopping,3,web,0
T004322,U00866,2026-02-11 05:08:37,1374,grocery,2,ios,0
T007298,U01601,2026-09-25 22:44:57,236,recharge,3,android,0
T000947,U01785,2026-04-11 18:13:24,14534,transfer,3,ios,0
T001237,U00989,2026-09-07 08:12:18,2605,fuel,2,ios,0
T011424,U00171,2026-06-24 21:34:40,2882,shopping,3,android,0
T004697,U00318,2026-02-03 12:29:53,331,recharge,2,web,0
T005899,U00169,2026-01-30 16:28:47,1834,transfer,3,android,0
T002459,U01238,2026-01-18 11:27:26,739,recharge,1,ios,0
T004282,U00780,2026-06-25 19:05:02,2527,shopping,3,android,0
T004177,U00590,2026-02-04 18:52:25,1034,fuel,1,android,0
T010256,U00924,2026-03-26 10:20:55,428,fuel,3,android,0
T001117,U01894,2026-07-22 10:50:18,135,grocery,2,android,0
T006438,U01985,2026-01-27 03:24:38,854,grocery,1,ios,0
T007104,U00154,2026-09-29 15:24:44,1073,grocery,2,web,0
T003673,U01399,2026-09-13 01:55:44,2658,fuel,2,ios,0
T000623,U00876,2026-01-30 17:20:05,1123,recharge,3,ios,0
T006309,U00034,2026-05-28 17:45:48,761,recharge,1,ios,0
T007652,U00155,2026-08-14 17:42:05,55,recharge,2,android,0
T006482,U01674,2026-04-09 12:15:43,256,fuel,2,ios,0
T010629,U01430,2026-01-08 21:23:55,911,grocery,1,android,0
T000642,U01367,2026-03-02 16:57:10,5995,transfer,1,android,0
T004882,U01524,2026-09-16 12:57:49,306,recharge,2,ios,0
T006527,U00078,2026-05-31 17:03:18,575,shopping,1,android,0
T010878,U01793,2026-01-29 01:59:53,716,grocery,1,android,0
T010473,U00904,2026-08-22 06:57:09,1077,grocery,2,android,0
T007113,U00319,2026-02-20 17:11:21,1545,fuel,3,android,0
T013769,U00199,2026-07-25 21:15:26,1472,grocery,2,ios,0
T008662,U01218,2026-02-06 03:37:24,8175,transfer,1,android,0
T013903,U00047,2026-08-02 18:09:05,460,grocery,3,ios,0
T006151,U00670,2026-07-07 01:03:58,4021,shopping,1,ios,0
T012866,U01950,2026-01-05 09:32:06,26758,transfer,2,ios,0
T003889,U00208,2026-08-01 13:29:12,814,fuel,1,ios,0
T004782,U00710,2026-03-25 04:23:29,836,grocery,3,ios,0
T012280,U00508,2026-05-18 19:42:30,152,recharge,3,ios,0
T009595,U01287,2026-04-05 18:53:01,4091,transfer,1,android,0
T001686,U00349,2026-08-03 14:04:37,6041,shopping,2,ios,0
T003622,U01817,2026-07-07 17:33:05,833,shopping,1,android,0
T003151,U01599,2026-02-08 22:57:33,1290,fuel,2,android,0
T005946,U00012,2026-07-22 21:28:45,3161,shopping,2,android,0
T001029,U01185,2026-04-08 02:21:34,424,fuel,3,android,0
T006157,U00016,2026-04-22 10:04:54,1505,fuel,3,android,0
T005030,U01176,2026-03-24 18:50:02,4943,fuel,1,android,0
T008643,U01353,2026-02-17 14:42:48,2177,fuel,2,android,0
T001513,U00655,2026-03-15 06:30:14,2437,fuel,2,android,0
T009310,U01081,2026-07-30 10:23:36,1544,transfer,3,ios,0
T012383,U00449,2026-01-02 07:45:07,921,transfer,2,android,0
T009498,U00476,2026-09-23 18:44:11,2181,grocery,3,ios,0
T012301,U00148,2026-04-22 12:44:38,554,shopping,3,ios,0
T013706,U01280,2026-04-04 11:16:00,348,recharge,2,ios,0
T006221,U01256,2026-04-12 15:24:20,544,recharge,1,android,0
T000619,U00197,2026-06-22 23:49:27,931,recharge,3,android,0
T009868,U01857,2026-01-04 06:59:30,1119,grocery,1,ios,0
T001929,U00348,2026-01-05 21:35:08,1032,grocery,2,ios,0
T013853,U01072,2026-09-12 11:32:05,205,recharge,2,ios,0
T009532,U01546,2026-07-15 07:37:13,1059,grocery,1,android,0
T013830,U00856,2026-06-11 06:10:07,1115,grocery,2,web,0
T014431,U00094,2026-01-02 13:13:44,4718,transfer,1,android,0
T001812,U00317,2026-08-29 05:52:38,1470,shopping,1,ios,0
T009840,U00122,2026-02-11 20:09:43,6586,fuel,2,android,0
T002051,U01981,2026-07-03 09:06:44,788,fuel,2,android,0
T004923,U00464,2026-08-30 20:25:59,256,recharge,2,ios,0
T007725,U01007,2026-09-07 16:42:44,223,grocery,1,android,0
T001871,U01286,2026-07-31 22:44:12,81,recharge,1,ios,0
T012312,U00847,2026-08-01 13:23:28,5675,shopping,2,android,0
T007577,U01244,2026-03-19 20:13:11,1453,recharge,2,ios,0
T002627,U00125,2026-05-10 05:46:36,3263,fuel,1,android,0
T002305,U00777,2026-04-15 13:26:43,540,grocery,1,android,0
T003893,U01036,2026-07-10 17:03:45,825,shopping,1,ios,0
T005939,U00535,2026-01-24 14:44:55,2570,fuel,3,android,0
T004728,U01401,2026-05-23 20:24:21,122,recharge,2,android,0
T001174,U01932,2026-09-07 10:49:55,6449,fuel,2,ios,0
T008405,U01698,2026-06-26 20:34:15,751,grocery,3,android,0
T004505,U01209,2026-07-12 11:00:09,694,grocery,2,ios,0
T014450,U01595,2026-08-24 11:21:40,424,recharge,2,android,0
T005859,U01591,2026-09-19 03:06:46,8157,shopping,1,ios,0
T011456,U01246,2026-02-26 07:52:42,1058,fuel,2,android,0
T007216,U01731,2026-03-24 09:50:41,606,shopping,2,android,0
T014207,U01934,2026-05-31 12:16:49,4821,shopping,1,ios,0
T014384,U01405,2026-05-18 22:13:45,3165,shopping,2,android,0
T008309,U01264,2026-08-07 14:53:54,17764,shopping,3,android,0
T008783,U00462,2026-03-07 15:55:21,1576,transfer,2,android,0
T003688,U01212,2026-08-25 05:23:34,12886,transfer,2,android,0
T005855,U00163,2026-01-18 03:37:04,4289,fuel,1,ios,0
T013470,U00171,2026-03-30 12:03:05,549,recharge,3,ios,0
T011241,U01257,2026-08-04 01:17:22,1880,transfer,1,ios,0
T008214,U01304,2026-09-08 07:30:57,1272,shopping,1,android,0
T014286,U01042,2026-06-06 07:44:16,1598,grocery,3,android,0
T013266,U00849,2026-02-06 10:41:07,2397,fuel,3,android,0
T003852,U00699,2026-02-15 14:22:01,2158,transfer,3,ios,0
T002768,U01307,2026-06-06 23:29:07,156,grocery,2,ios,0
T003744,U00139,2026-03-14 10:55:23,5657,transfer,3,ios,0
T000754,U00851,2026-06-17 19:14:45,722,fuel,1,android,0
T007471,U00337,2026-06-16 12:53:55,2318,fuel,3,ios,0
T009523,U00246,2026-07-29 18:44:38,1885,shopping,1,android,0
T013084,U00728,2026-01-19 20:48:27,727,fuel,3,android,0
T007431,U00487,2026-01-26 19:43:10,22342,shopping,2,ios,0
T005755,U01855,2026-06-13 07:31:15,1145,grocery,2,android,0
T011206,U01796,2026-01-25 04:58:50,565,recharge,1,ios,0
T003319,U00691,2026-05-13 20:37:02,312,recharge,1,android,0
T000027,U01354,2026-04-25 17:08:10,24865,transfer,1,ios,0
T002573,U00645,2026-06-08 04:53:34,20000,transfer,2,web,1
T003187,U00157,2026-09-25 00:16:04,1115,grocery,3,android,0
T010360,U01464,2026-03-24 02:44:04,680,fuel,1,ios,0
T004599,U00420,2026-02-11 16:15:51,9981,transfer,3,ios,0
T009645,U01241,2026-02-18 00:55:25,431,recharge,2,ios,0
T012625,U01844,2026-07-03 02:27:05,2426,fuel,3,android,0
T007774,U00041,2026-06-17 14:37:31,14823,transfer,2,ios,0
T003435,U01590,2026-09-28 13:29:47,378,fuel,3,android,0
T011538,U01810,2026-01-18 07:42:24,444,fuel,3,android,0
T010369,U01311,2026-06-13 04:27:05,9474,transfer,2,android,0
T010286,U01978,2026-03-11 08:09:02,2547,transfer,1,android,0
T012391,U00571,2026-04-14 09:42:46,1464,fuel,1,android,0
T001460,U00425,2026-04-12 06:24:35,10363,transfer,1,ios,0
T009966,U00993,2026-06-03 14:32:06,301,recharge,3,ios,0
T001130,U01644,2026-05-10 10:28:12,6335,transfer,1,ios,0
T008160,U00740,2026-06-18 07:39:53,4697,transfer,2,ios,0
T011017,U01880,2026-08-25 06:37:29,12956,transfer,1,android,0
T001479,U00359,2026-09-13 00:02:56,499,grocery,3,ios,0
T014777,U01406,2026-08-15 16:11:25,481,grocery,2,ios,0
T015094,U01130,2026-09-21 23:45:00,5000,transfer,3,web,1
T006589,U00368,2026-01-01 13:25:13,63,recharge,3,android,0
T002977,U01084,2026-08-15 20:35:13,842,recharge,1,android,0
T004355,U00961,2026-02-19 12:01:21,806,fuel,1,android,0
T009817,U01406,2026-01-11 00:15:05,1167,grocery,3,ios,0
T011836,U01079,2026-04-03 23:55:36,2264,fuel,3,ios,0
T000944,U01117,2026-03-24 21:41:09,1126,fuel,2,android,0
T005669,U00630,2026-06-30 13:51:25,2331,fuel,1,ios,0
T001027,U00066,2026-09-21 12:04:51,7212,transfer,2,android,0
T004748,U01279,2026-02-14 19:06:12,1423,shopping,3,android,0
T010017,U01059,2026-03-19 08:00:33,1469,transfer,3,ios,0
T007390,U01126,2026-01-27 06:47:27,12357,transfer,1,android,0
T004083,U01781,2026-03-04 21:20:45,619,fuel,3,ios,0
T005773,U00694,2026-07-20 21:32:22,359,grocery,1,ios,0
T002710,U01326,2026-05-07 18:38:59,5000,recharge,3,ios,1
T005412,U01076,2026-07-18 02:56:41,1421,fuel,3,android,0
T005999,U01288,2026-09-03 04:55:55,2000,fuel,3,android,1
T005794,U00846,2026-06-29 07:31:08,2892,fuel,1,ios,0
T008393,U00142,2026-06-12 10:19:16,1053,fuel,3,android,0
T006852,U01255,2026-06-08 01:06:50,1541,shopping,3,ios,0
T012899,U01919,2026-04-20 14:46:24,11433,fuel,3,android,0
T003210,U01185,2026-08-23 03:25:02,695,grocery,1,android,0
T000891,U00171,2026-06-08 14:01:53,5980,shopping,2,web,0
T009771,U01017,2026-02-11 02:52:30,496,recharge,1,android,0
T001829,U01711,2026-08-10 13:35:44,2573,fuel,1,ios,0
T006940,U00239,2026-04-23 02:13:11,1803,transfer,1,android,0
T012281,U01860,2026-08-30 13:40:46,1823,fuel,1,ios,0
T005216,U01430,2026-09-08 06:23:35,3018,transfer,3,android,0
T006650,U00696,2026-05-06 20:06:32,4162,shopping,3,android,0
T009097,U00269,2026-07-21 10:36:37,1104,recharge,3,ios,0
T000914,U01776,2026-08-03 04:21:22,149,fuel,2,android,0
T012915,U00778,2026-04-25 04:10:12,735,fuel,3,ios,0
T009117,U00644,2026-01-06 04:17:26,3074,shopping,2,android,0
T000772,U00687,2026-06-24 08:09:32,482,grocery,3,ios,0
T010045,U01610,2026-04-02 19:34:14,6070,transfer,1,ios,0
T008374,U00165,2026-06-25 05:07:19,248,recharge,3,android,0
T010675,U01869,2026-08-03 22:32:28,1837,shopping,1,android,0
T002555,U01101,2026-01-19 06:29:51,88,recharge,3,ios,0
T014783,U01018,2026-01-31 08:11:17,2139,fuel,1,android,0
T008273,U01644,2026-08-26 02:58:36,1541,fuel,3,web,0
T002214,U00992,2026-06-13 20:45:39,1072,recharge,3,android,0
T003869,U00928,2026-04-17 00:15:23,11230,transfer,2,android,0
T013134,U01841,2026-01-01 18:03:29,13522,transfer,3,ios,0
T012690,U00769,2026-04-22 09:51:00,2337,transfer,1,ios,0
T002450,U01178,2026-03-19 23:31:08,1613,fuel,1,ios,0
T012145,U01959,2026-04-09 10:45:04,4499,shopping,2,android,0
T008943,U00955,2026-09-30 12:52:06,150,recharge,1,android,0
T004907,U00522,2026-09-16 08:53:40,808,grocery,2,android,0
T002470,U00537,2026-06-03 20:39:31,438,recharge,1,ios,0
T007747,U01125,2026-05-30 09:25:18,1292,shopping,1,ios,0
T004387,U01094,2026-05-09 08:37:51,489,grocery,1,android,0
T006892,U01857,2026-01-16 05:26:32,1800,shopping,2,ios,0
T002553,U01985,2026-09-21 21:23:18,1837,grocery,3,ios,0
T014427,U01869,2026-04-27 19:34:47,983,grocery,3,android,0
T007630,U01530,2026-09-16 00:45:11,195,recharge,1,android,0
T011416,U01787,2026-01-03 08:21:47,1652,shopping,2,android,0
T000081,U01119,2026-01-29 08:19:59,1541,fuel,2,ios,0
T013617,U00633,2026-06-21 00:43:47,4544,shopping,1,android,0
T010342,U00523,2026-01-31 12:44:10,882,grocery,1,android,0
T001004,U00173,2026-06-04 03:38:13,301,recharge,2,ios,0
T011887,U01089,2026-04-13 03:44:03,7175,transfer,2,android,0
T007977,U00459,2026-05-11 17:36:33,17889,transfer,2,ios,0
T004171,U00696,2026-08-13 02:58:07,2314,fuel,3,android,0
T001979,U00845,2026-04-19 08:44:04,181,recharge,1,web,0
T011191,U01589,2026-06-15 07:14:27,199,recharge,1,ios,0
T003302,U00866,2026-08-19 05:51:43,694,grocery,3,ios,0
T001367,U00396,2026-05-12 00:45:54,2822,shopping,1,ios,0
T008511,U01172,2026-02-28 07:28:53,2714,fuel,1,android,0
T000610,U01776,2026-03-21 02:56:08,3001,fuel,1,android,0
T004563,U01044,2026-08-05 15:09:27,72,recharge,1,ios,0
T007025,U01066,2026-09-10 16:56:02,1422,shopping,3,android,0
T007527,U01606,2026-09-29 02:22:21,637,fuel,1,android,0
T008534,U01765,2026-07-04 03:24:16,750,grocery,1,ios,0
T003282,U01227,2026-01-24 18:06:02,2874,fuel,3,android,0
T005067,U01706,2026-01-31 23:07:41,666,grocery,3,ios,0
T014751,U01705,2026-03-02 01:30:55,2830,grocery,3,android,0
T000690,U01888,2026-09-22 02:02:19,3758,transfer,2,android,0
T000257,U00301,2026-03-11 22:04:17,835,grocery,1,web,0
T010326,U01421,2026-03-05 14:59:55,2562,recharge,3,ios,0
T014864,U01358,2026-01-12 10:56:16,345,recharge,3,android,0
T009077,U01989,2026-02-25 11:12:52,3040,transfer,1,android,0
T002629,U00025,2026-08-24 21:23:49,2323,shopping,2,ios,0
T003176,U00153,2026-07-01 18:57:59,749,recharge,1,ios,0
T006178,U00065,2026-05-20 22:18:12,3524,grocery,3,ios,0
T000489,U00954,2026-05-14 10:21:37,2706,transfer,2,ios,0
T005113,U00288,2026-07-25 07:49:22,1780,fuel,2,android,0
T003546,U01413,2026-06-14 08:53:18,20000,transfer,1,web,1
T014805,U01145,2026-05-09 08:22:31,713,fuel,3,ios,0
T012913,U01702,2026-03-08 23:02:34,2573,shopping,1,ios,0
T001862,U00007,2026-01-26 13:06:11,212,recharge,1,android,0
T008262,U01846,2026-06-01 05:22:25,594,grocery,1,ios,0
T006899,U00025,2026-01-06 04:31:07,1348,fuel,3,ios,0
T005416,U01365,2026-07-07 08:07:50,3759,transfer,1,ios,0
T003887,U00884,2026-02-08 17:45:21,9616,transfer,2,ios,0
T003741,U00970,2026-05-15 16:39:58,13210,transfer,2,ios,0
T007745,U00390,2026-06-18 06:09:21,1157,fuel,2,ios,0
T005775,U00041,2026-04-03 00:18:33,4107,transfer,3,ios,0
T002157,U01278,2026-09-13 12:22:35,1870,fuel,2,ios,0
T006066,U00864,2026-06-13 11:58:08,5690,fuel,3,ios,0
T008950,U01414,2026-02-08 11:41:07,1981,grocery,3,ios,0
T005253,U01119,2026-08-23 16:48:38,8659,shopping,2,ios,0
T012684,U01996,2026-05-16 15:33:32,49264,transfer,1,ios,0
T013344,U01485,2026-01-14 16:25:30,5789,transfer,1,android,0
T003642,U01201,2026-05-16 22:28:09,107,recharge,2,ios,0
T007001,U00684,2026-08-03 06:28:48,7968,fuel,2,android,0
T007352,U00774,2026-04-29 16:27:12,3306,transfer,3,android,0
T008314,U01130,2026-08-16 11:21:50,265,recharge,3,android,0
T004275,U00234,2026-08-20 01:10:36,1035,grocery,2,android,0
T013650,U01932,2026-06-13 16:59:33,470,grocery,1,ios,0
T011410,U00482,2026-06-29 03:12:44,5563,transfer,1,android,0
T012468,U00009,2026-07-07 05:01:11,3845,transfer,3,ios,0
T012154,U01712,2026-04-06 07:37:12,858,shopping,1,ios,0
T013567,U01219,2026-01-17 19:15:22,409,grocery,2,android,0
T003544,U01839,2026-07-13 23:18:51,482,recharge,3,android,0
T005194,U00937,2026-01-31 08:48:23,950,fuel,2,ios,0
T003966,U01881,2026-04-11 15:48:27,2389,shopping,2,ios,0
T010783,U00485,2026-08-12 17:01:18,13517,transfer,2,ios,0
T014024,U00094,2026-08-27 02:30:02,632,recharge,2,android,0
T007292,U01319,2026-08-08 16:30:51,1668,fuel,1,android,0
T000391,U00304,2026-02-26 10:59:15,4126,grocery,3,ios,0
T009535,U00004,2026-03-31 19:34:18,11711,transfer,3,android,0
T001296,U00544,2026-01-11 00:45:12,241,shopping,2,android,0
T003189,U01691,2026-03-26 00:52:48,432,shopping,1,ios,0
T011919,U01752,2026-01-17 00:37:30,8632,transfer,3,ios,0
T002176,U00833,2026-08-27 01:15:34,824,shopping,3,android,0
T013143,U00781,2026-06-07 22:31:14,348,grocery,1,android,0
T009902,U00922,2026-01-25 16:53:51,365,recharge,1,ios,0
T004436,U01858,2026-08-31 18:25:04,1127,shopping,2,ios,0
T010438,U00330,2026-06-05 07:58:14,7810,grocery,3,android,0
T009100,U01709,2026-07-21 12:27:22,1777,transfer,3,ios,0
T002286,U00221,2026-03-16 17:28:27,1326,shopping,3,android,0
T013907,U01825,2026-08-24 15:08:33,1394,grocery,2,android,0
T008983,U00138,2026-09-25 20:21:36,16851,transfer,1,ios,0
T012133,U01891,2026-01-30 08:15:49,4677,transfer,1,ios,0
T005596,U01910,2026-07-24 21:02:06,7671,transfer,1,android,0
T009171,U01194,2026-08-15 21:49:07,504,recharge,1,ios,0
T002964,U01318,2026-08-29 07:10:18,207,recharge,2,ios,0
T001288,U01669,2026-07-16 18:49:02,253,grocery,1,android,0
T005355,U00688,2026-08-06 12:59:00,1120,grocery,2,ios,0
T009869,U00183,2026-08-06 03:27:24,159,grocery,1,android,0
T008769,U00671,2026-06-14 10:43:35,5559,transfer,1,ios,0
T006387,U00766,2026-02-18 02:34:41,2280,fuel,1,android,0
T010703,U00754,2026-03-31 19:23:34,375,fuel,3,ios,0
T003087,U01935,2026-01-31 11:59:50,3889,transfer,2,ios,0
T005330,U01300,2026-05-16 12:31:28,1517,fuel,1,ios,0
T000003,U00417,2026-06-24 16:19:01,458,recharge,3,android,0
T000531,U00335,2026-09-05 02:15:11,2148,grocery,2,android,0
T005974,U00267,2026-07-23 12:08:06,637,grocery,1,ios,0
T003851,U00853,2026-02-10 23:32:37,4464,transfer,2,ios,0
T013187,U01104,2026-06-21 07:10:28,7603,transfer,3,android,0
T014019,U01746,2026-01-19 01:33:20,3825,transfer,3,ios,0
T001106,U00978,2026-08-17 23:04:48,1886,fuel,3,ios,0
T005078,U00315,2026-08-30 23:29:26,50000,recharge,3,android,1
T002598,U01259,2026-04-29 03:40:49,135,recharge,1,android,0
T010923,U01512,2026-05-28 10:09:22,849,grocery,3,ios,0
T008404,U01782,2026-01-14 21:50:46,311,recharge,2,ios,0
T002439,U00734,2026-07-01 11:16:17,6788,shopping,1,ios,0
T011295,U01666,2026-01-19 08:06:12,4294,transfer,1,ios,0
T002269,U01787,2026-09-20 16:48:18,535,grocery,2,android,0
T014287,U01879,2026-02-15 10:32:12,7790,shopping,1,android,0
T011950,U01973,2026-09-18 04:09:42,2296,fuel,3,android,0
T012417,U01213,2026-01-01 09:57:57,5410,transfer,1,android,0
T013514,U00836,2026-08-04 21:27:22,701,grocery,3,android,0
T006286,U01605,2026-02-17 17:47:15,12689,transfer,2,ios,0
T011418,U01518,2026-02-14 11:44:15,2014,fuel,1,ios,0
T007310,U00138,2026-02-13 21:29:17,1039,recharge,2,web,0
T011983,U00037,2026-06-14 01:30:22,2180,shopping,3,ios,0
T008686,U00945,2026-04-01 13:03:48,2599,fuel,1,android,0
T011411,U00704,2026-09-10 09:09:11,1485,shopping,2,android,0
T001970,U00433,2026-07-02 12:44:33,7930,fuel,2,android,0
T006575,U01293,2026-05-27 11:07:16,180,recharge,3,android,0
T012723,U00656,2026-06-04 19:09:58,370,grocery,1,ios,0
T000720,U00674,2026-01-17 09:15:33,1386,fuel,1,android,0
T009030,U01856,2026-01-04 20:12:28,438,grocery,1,android,0
T011634,U01554,2026-05-01 16:27:52,4725,shopping,1,ios,0
T002489,U00013,2026-04-30 14:24:15,3073,shopping,2,android,0
T002831,U00293,2026-06-23 17:13:55,2771,grocery,2,ios,0
T002849,U01043,2026-05-09 05:25:58,81,recharge,1,ios,0
T004312,U00577,2026-04-08 00:18:51,424,grocery,3,ios,0
T005950,U00790,2026-08-06 06:50:50,3426,fuel,2,ios,0
T010563,U01141,2026-06-09 01:40:31,1052,shopping,2,android,0
T007146,U01217,2026-03-24 11:15:56,556,recharge,1,ios,0
T007036,U00234,2026-09-07 19:45:18,3566,fuel,3,android,0
T005208,U01668,2026-09-21 17:50:21,810,shopping,2,ios,0
T003988,U00920,2026-09-25 06:00:55,120,recharge,1,ios,0
T001848,U01276,2026-09-20 22:44:07,1546,grocery,2,ios,0
T012426,U01497,2026-07-10 20:26:05,1042,grocery,3,android,0
T009168,U01448,2026-04-23 23:59:45,1514,shopping,3,ios,0
T005862,U00674,2026-02-16 09:10:30,83,grocery,3,android,0
T009129,U01527,2026-04-19 09:31:10,6952,shopping,1,ios,0
T011568,U01389,2026-06-23 23:10:07,406,recharge,1,android,0
T009180,U01677,2026-05-04 17:21:50,121,recharge,3,android,0
T012857,U01409,2026-09-22 04:37:47,106,recharge,1,ios,0
T008665,U01075,2026-08-04 03:53:39,2939,shopping,1,ios,0
T002064,U01793,2026-06-29 17:36:00,1263,fuel,1,android,0
T015037,U00606,2026-01-11 23:11:00,2000,transfer,2,web,1
T012633,U00242,2026-03-25 19:40:18,1899,fuel,2,android,0
T000712,U01352,2026-06-30 06:44:32,3303,shopping,1,android,0
T013062,U00732,2026-09-14 19:07:09,1717,fuel,3,ios,0
T010954,U01086,2026-09-23 04:18:07,8425,transfer,3,android,0
T000587,U01963,2026-04-02 19:14:20,737,recharge,3,android,0
T010776,U00221,2026-05-14 13:30:52,239,recharge,3,android,0
T010069,U01172,2026-03-07 08:58:26,5136,grocery,1,android,0
T014527,U01971,2026-04-20 06:23:32,2210,recharge,1,ios,0
T004601,U01195,2026-05-11 20:05:04,401,recharge,1,android,0
T006797,U01500,2026-09-27 11:49:05,920,fuel,2,ios,0
T013271,U01503,2026-06-18 18:40:01,241,recharge,1,android,0
T009960,U00523,2026-04-05 13:05:04,12349,transfer,3,android,0
T008592,U01004,2026-04-24 21:41:30,1972,transfer,3,android,0
T007661,U00420,2026-01-18 04:15:08,2045,fuel,3,ios,0
T008154,U01673,2026-05-11 08:49:38,2577,fuel,2,ios,0
T013201,U01577,2026-01-06 23:25:22,711,recharge,2,ios,0
T001007,U01324,2026-01-21 15:16:47,6305,fuel,1,android,0
T014182,U01308,2026-01-10 08:57:37,585,recharge,1,android,0
T010484,U01099,2026-03-12 03:04:48,891,recharge,2,ios,0
T010949,U01515,2026-05-14 03:45:12,9184,transfer,1,android,0
T010549,U01225,2026-04-18 21:34:14,9755,transfer,1,android,0
T000677,U01449,2026-04-30 22:40:21,890,grocery,3,ios,0
T014898,U01510,2026-03-04 19:31:15,1518,shopping,2,ios,0
T006206,U01374,2026-09-10 11:13:08,7064,transfer,1,android,0
T011284,U01239,2026-07-01 13:42:15,2552,fuel,1,ios,0
T009978,U00999,2026-03-26 13:50:46,1221,shopping,3,android,0
T004369,U00009,2026-08-17 00:10:51,722,grocery,2,ios,0
T012110,U01368,2026-05-05 07:01:42,6279,shopping,3,ios,0
T003115,U01350,2026-02-23 14:44:19,1235,grocery,2,android,0
T000880,U01817,2026-08-22 17:30:35,193,grocery,1,android,0
T014773,U00621,2026-05-03 15:19:41,1953,fuel,3,android,0
T014843,U00620,2026-06-21 19:31:43,328,shopping,1,ios,0
T009997,U01255,2026-03-10 17:19:33,954,grocery,1,ios,0
T005720,U01523,2026-02-20 09:47:40,279,recharge,2,android,0
T001193,U01584,2026-06-14 21:29:18,412,recharge,2,ios,0
T001070,U00717,2026-04-24 13:29:02,967,shopping,3,ios,0
T001224,U01760,2026-04-22 04:21:17,12479,transfer,2,android,0
T006052,U01351,2026-07-21 10:24:18,706,recharge,1,ios,0
T013940,U00871,2026-08-24 12:29:40,1896,shopping,3,android,0
T002900,U01776,2026-06-04 14:49:34,1536,grocery,3,android,0
T013627,U01459,2026-03-23 03:45:16,1253,fuel,1,android,0
T000505,U01420,2026-06-27 19:41:46,281,grocery,1,ios,0
T010405,U00353,2026-03-23 10:27:10,412,shopping,3,ios,0
T012488,U00972,2026-08-21 04:29:56,4580,fuel,3,android,0
T007569,U01707,2026-03-25 08:08:56,1622,grocery,3,ios,0
T004027,U00700,2026-02-02 19:32:39,7284,shopping,2,android,0
T014593,U00090,2026-02-09 05:11:54,5191,shopping,2,android,0
T001958,U01066,2026-09-22 21:53:44,4045,shopping,1,android,0
T008672,U00477,2026-05-19 11:57:43,434,shopping,1,ios,0
T006985,U01530,2026-09-30 00:33:45,426,grocery,3,android,0
T000743,U01024,2026-06-15 07:59:30,483,recharge,2,android,0
T014316,U00345,2026-02-14 18:05:40,5040,transfer,1,ios,0
T003036,U01273,2026-07-06 06:14:07,151,recharge,3,ios,0
T013119,U01893,2026-05-26 06:00:48,3522,shopping,3,android,0
T013364,U01385,2026-02-05 22:52:08,1054,fuel,1,android,0
T000339,U00160,2026-03-31 17:14:37,1593,fuel,3,android,0
T000858,U01851,2026-02-21 18:37:16,2339,fuel,1,android,0
T014027,U01868,2026-08-09 13:17:46,523,shopping,2,android,0
T013474,U00371,2026-06-04 06:48:31,132,recharge,2,android,0
T000757,U00249,2026-07-15 21:18:02,550,recharge,1,ios,0
T001496,U00623,2026-07-05 19:22:45,8354,transfer,3,android,0
T012245,U01122,2026-02-24 05:57:39,264,fuel,1,android,0
T010884,U00776,2026-08-30 21:20:57,3165,shopping,1,ios,0
T003789,U01496,2026-08-16 16:08:22,4185,transfer,1,ios,0
T008917,U01203,2026-07-13 23:45:25,1809,shopping,3,android,0
T013671,U00381,2026-09-16 22:44:19,3638,grocery,1,ios,0
T009619,U01292,2026-01-11 04:02:01,180,recharge,1,android,0
T000570,U00560,2026-07-04 13:49:20,673,grocery,3,ios,0
T014824,U00850,2026-03-22 08:29:47,710,recharge,3,ios,0
T007970,U00440,2026-05-11 00:25:54,103,recharge,3,ios,0
T002276,U01049,2026-06-07 04:06:18,794,fuel,3,ios,0
T001260,U00397,2026-07-14 20:55:31,221,grocery,1,ios,0
T002386,U00608,2026-05-06 22:51:33,2104,grocery,2,ios,0
T000037,U01006,2026-04-19 20:35:12,5591,shopping,1,android,0
T014887,U00775,2026-07-08 22:38:58,5151,shopping,1,android,0
T006123,U01892,2026-03-18 11:53:52,12019,shopping,2,android,0
T004486,U00789,2026-09-24 20:51:53,445,grocery,1,ios,0
T006215,U00637,2026-07-01 21:48:23,3179,shopping,1,ios,0
T006937,U01423,2026-05-15 06:01:45,6346,transfer,2,android,0
T000304,U01923,2026-06-24 20:59:40,254,recharge,3,android,0
T007983,U01764,2026-04-10 02:24:45,5213,shopping,3,ios,0
T005229,U01847,2026-06-06 17:12:32,588,grocery,1,ios,0
T001320,U00718,2026-04-18 06:32:13,316,grocery,1,android,0
T003923,U01901,2026-05-10 17:33:42,1475,recharge,1,android,0
T005551,U01499,2026-06-21 07:58:38,4087,fuel,3,android,0
T004711,U01780,2026-07-25 06:01:55,5795,grocery,3,ios,0
T012624,U01027,2026-09-29 02:11:16,468,grocery,3,ios,0
T000647,U01637,2026-08-26 02:56:54,16526,transfer,1,ios,0
T002325,U01983,2026-06-01 21:08:55,245,grocery,1,android,0
T014837,U01084,2026-05-29 18:53:23,1652,grocery,2,android,0
T013253,U01747,2026-09-11 08:23:30,13017,transfer,3,ios,0
T006037,U00874,2026-09-19 16:06:08,507,grocery,2,ios,0
T002226,U00472,2026-02-24 19:34:36,25,recharge,3,android,0
T010551,U01561,2026-08-11 22:02:53,1243,fuel,2,web,0
T010859,U00190,2026-03-26 00:53:46,4723,transfer,3,android,0
T011914,U01345,2026-02-12 01:06:22,5988,transfer,1,ios,0
T011618,U00281,2026-06-25 19:58:13,1918,fuel,3,android,0
T007388,U01849,2026-06-25 10:54:40,3562,transfer,3,ios,0
T003180,U01288,2026-03-01 13:29:24,4199,transfer,2,android,0
T012354,U00819,2026-04-10 00:36:36,981,shopping,3,android,0
T002960,U00696,2026-03-04 19:22:26,875,grocery,2,android,0
T000292,U00532,2026-04-15 15:04:00,1337,fuel,3,ios,0
T005289,U00823,2026-09-08 08:52:10,2221,shopping,1,web,0
T012061,U01072,2026-08-11 06:21:47,576,grocery,2,ios,0
T003443,U01549,2026-06-11 19:21:49,5313,fuel,3,android,0
T010108,U00996,2026-07-01 07:32:58,1645,fuel,3,ios,0
T007712,U01844,2026-03-12 16:36:52,8234,transfer,3,android,0
T011313,U00436,2026-03-27 08:35:59,6131,fuel,3,ios,0
T003500,U00544,2026-08-13 07:14:17,334,recharge,1,android,0
T009644,U01168,2026-06-20 20:45:11,6548,shopping,2,android,0
T011899,U01192,2026-03-22 22:10:08,113,grocery,1,ios,0
T012004,U01654,2026-08-18 05:35:33,5403,transfer,3,ios,0
T012249,U01594,2026-03-21 12:00:15,9941,shopping,1,android,0
T004021,U01395,2026-05-19 18:39:24,641,fuel,3,android,0
T003005,U01764,2026-01-15 05:25:31,14657,shopping,2,ios,0
T006900,U00515,2026-06-20 23:58:04,1204,transfer,2,android,0
T012743,U00802,2026-08-25 22:29:13,5013,transfer,2,android,0
T011754,U00849,2026-01-10 23:31:16,417,recharge,1,android,0
T002942,U01237,2026-02-06 09:58:17,2165,grocery,3,ios,0
T008922,U00540,2026-06-26 10:34:47,721,grocery,3,ios,0
T007508,U00653,2026-08-29 03:39:23,338,recharge,3,ios,0
T013357,U01604,2026-08-16 09:46:48,449,recharge,1,android,0
T006049,U00165,2026-03-22 02:10:31,943,transfer,2,android,0
T002548,U01925,2026-07-31 06:20:13,1045,grocery,1,ios,0
T006689,U00827,2026-06-06 05:52:06,4652,transfer,3,android,0
T014865,U00650,2026-04-12 21:20:34,2318,shopping,3,android,0
T004849,U00436,2026-06-11 10:19:21,2333,shopping,3,ios,0
T011312,U00960,2026-08-25 09:16:26,4466,transfer,3,android,0
T004359,U01331,2026-09-12 17:04:12,3039,grocery,3,android,0
T009591,U00316,2026-09-30 18:40:28,93,recharge,3,ios,0
T008247,U01757,2026-06-14 14:08:03,797,fuel,1,android,0
T007410,U01581,2026-07-05 16:29:06,189,recharge,1,ios,0
T004550,U01004,2026-02-16 01:09:09,300,recharge,2,android,0
T012401,U00921,2026-03-19 06:55:30,2002,shopping,3,android,0
T000511,U01989,2026-04-21 10:37:57,275,recharge,1,web,0
T000416,U01850,2026-02-03 10:41:33,696,grocery,1,android,0
T007125,U01247,2026-05-22 15:13:40,2248,transfer,1,android,0
T005935,U00108,2026-02-02 06:36:33,7441,transfer,2,android,0
T008344,U00509,2026-04-24 04:49:00,1306,transfer,1,ios,0
T006262,U01397,2026-05-31 23:39:30,2312,transfer,2,android,0
T006411,U01560,2026-01-17 07:25:22,6014,fuel,1,android,0
T000297,U00816,2026-03-25 16:18:03,2018,grocery,3,ios,0
T005535,U00406,2026-07-12 12:16:44,1420,shopping,1,ios,0
T010138,U00602,2026-08-20 22:34:24,1852,transfer,2,ios,0
T009398,U01910,2026-08-20 22:08:27,38442,transfer,2,android,0
T000946,U01554,2026-03-10 09:25:24,4057,transfer,2,ios,0
T006032,U00659,2026-03-19 05:10:59,77,recharge,2,android,0
T007049,U00701,2026-06-23 18:43:30,1451,shopping,2,android,0
T014743,U01554,2026-06-20 18:44:24,112,recharge,3,ios,0
T014200,U00149,2026-02-06 05:06:49,700,fuel,2,android,0
T012642,U01449,2026-02-27 14:14:37,2688,fuel,2,ios,0
T005717,U00353,2026-07-25 16:30:58,1297,shopping,1,ios,0
T010457,U00752,2026-07-23 05:57:07,1354,shopping,3,ios,0
T012956,U01477,2026-04-05 12:40:37,2475,fuel,2,ios,0
T010400,U00819,2026-08-19 17:43:05,73,recharge,1,android,0
T009549,U01304,2026-02-23 01:20:03,1274,shopping,1,android,0
T001139,U01184,2026-06-23 15:08:12,504,grocery,2,ios,0
T010778,U00749,2026-01-25 20:46:42,15692,shopping,1,android,0
T004411,U01538,2026-06-07 05:42:40,596,transfer,1,android,0
T014603,U00388,2026-06-18 19:51:33,2571,shopping,2,ios,0
T006772,U00332,2026-02-24 02:23:27,6926,transfer,2,android,0
T004783,U00879,2026-06-28 20:06:42,507,grocery,2,ios,0
T012849,U01398,2026-08-10 17:38:57,2664,transfer,2,ios,0
T007813,U00584,2026-09-14 07:31:07,3420,fuel,3,android,0
T009131,U00829,2026-05-11 01:27:52,1190,grocery,3,android,0
T009070,U01117,2026-01-27 19:15:01,1210,recharge,1,android,0
T007286,U01270,2026-09-25 13:01:54,10338,transfer,2,android,0
T003845,U00740,2026-03-23 16:25:06,220,recharge,2,ios,0
T005674,U00594,2026-03-07 04:52:21,7182,shopping,3,ios,0
T006551,U01807,2026-08-06 19:44:16,339,recharge,2,ios,0
T002508,U00441,2026-02-04 23:05:30,2000,transfer,3,android,1
T007161,U01826,2026-07-10 18:22:43,265,recharge,2,ios,0
T006842,U00983,2026-05-02 13:11:32,2779,grocery,2,ios,0
T003378,U01363,2026-09-20 15:17:03,748,recharge,3,ios,0
T001138,U01093,2026-07-13 00:42:03,10353,shopping,1,ios,0
T012856,U01855,2026-05-13 22:21:33,552,recharge,2,android,0
T012678,U01004,2026-01-22 00:14:13,3462,transfer,2,android,0
T011626,U00254,2026-08-05 10:38:52,6170,transfer,3,ios,0
T008470,U00881,2026-07-04 09:43:27,992,fuel,1,ios,0
T007327,U00625,2026-03-07 14:01:20,1442,fuel,2,ios,0
T003219,U00899,2026-05-14 18:23:56,444,fuel,1,android,0
T007293,U00002,2026-07-13 16:51:34,1817,transfer,2,android,0
T002973,U00177,2026-08-22 02:34:26,6143,transfer,1,ios,0
T012933,U01197,2026-01-16 01:52:25,3882,shopping,1,android,0
T013773,U00541,2026-09-25 02:59:40,2816,grocery,1,ios,0
T015068,U00798,2026-07-07 05:05:00,2000,transfer,1,web,1
T003413,U00675,2026-02-25 10:04:20,987,grocery,2,android,0
T012629,U00034,2026-08-18 16:14:20,751,transfer,1,ios,0
T005959,U00848,2026-06-05 05:36:28,8917,grocery,1,android,0
T001063,U00676,2026-08-07 23:31:14,1182,grocery,1,android,0
T008645,U00857,2026-06-20 11:04:08,2554,shopping,2,android,0
T003061,U00945,2026-06-10 13:52:46,13383,transfer,2,ios,0
T011623,U00175,2026-06-17 11:55:48,495,grocery,3,android,0
T007190,U00277,2026-09-08 16:58:09,2069,fuel,3,android,0
T011118,U01508,2026-08-28 10:02:31,26146,transfer,3,android,0
T002488,U00858,2026-04-01 15:15:47,269,recharge,1,ios,0
T014627,U01784,2026-06-16 12:32:22,916,fuel,3,android,0
T002449,U00978,2026-03-31 22:39:43,360,recharge,3,ios,0
T004127,U00733,2026-04-27 21:59:47,35747,transfer,3,android,0
T014456,U00160,2026-04-12 23:49:42,5340,transfer,1,android,0
T004899,U01025,2026-07-11 02:01:10,3565,transfer,1,ios,0
T012013,U00291,2026-02-26 08:53:12,7695,shopping,1,android,0
T013262,U01436,2026-04-06 06:50:50,4244,fuel,2,ios,0
T009812,U01215,2026-08-12 14:02:52,8707,fuel,2,android,0
T006101,U01992,2026-08-12 09:27:32,24490,transfer,1,android,0
T005020,U01997,2026-06-30 08:31:03,3673,shopping,3,ios,0
T006692,U01128,2026-03-28 21:23:31,659,fuel,2,android,0
T010710,U01763,2026-07-14 00:21:44,7232,transfer,3,android,0
T001443,U00429,2026-05-02 09:03:22,2455,recharge,3,android,0
T014008,U00793,2026-01-29 22:47:32,4184,transfer,2,android,0
T008027,U01040,2026-07-23 19:37:13,309,recharge,1,ios,0
T010488,U00592,2026-06-02 21:42:08,580,recharge,1,android,0
T003982,U01147,2026-01-24 22:29:31,1005,grocery,1,ios,0
T013858,U01175,2026-09-02 13:05:09,867,shopping,1,ios,0
T004889,U00437,2026-08-20 07:03:54,4616,transfer,1,ios,0
T004040,U00527,2026-02-18 23:10:42,542,recharge,1,ios,0
T008525,U00900,2026-01-20 10:28:42,1717,grocery,3,ios,0
T014136,U01338,2026-01-20 14:30:39,1314,shopping,3,ios,0
T010210,U01259,2026-06-25 00:14:52,1389,transfer,1,android,0
T014073,U01391,2026-04-06 16:17:08,304,recharge,3,android,0
T004571,U00973,2026-04-05 22:21:28,1126,grocery,2,android,0
T008103,U00688,2026-05-06 10:12:54,226,recharge,2,android,0
T004752,U01835,2026-01-01 05:05:27,478,recharge,1,ios,0
T007120,U01483,2026-03-08 01:50:10,1809,grocery,2,ios,0
T001602,U00932,2026-06-27 06:17:43,871,shopping,3,ios,0
T007123,U00097,2026-02-07 13:07:14,1818,transfer,2,android,0
T004903,U00668,2026-04-23 12:07:33,325,grocery,2,web,0
T003309,U00917,2026-03-23 20:35:47,1090,fuel,3,android,0
T012156,U01179,2026-09-17 03:05:24,951,fuel,3,web,0
T006044,U01160,2026-03-27 14:08:43,1506,grocery,3,web,0
T000342,U00370,2026-09-13 08:38:28,2182,shopping,2,ios,0
T010139,U01960,2026-06-10 05:47:11,12909,shopping,2,ios,0
T014464,U01774,2026-07-07 12:58:31,8875,shopping,2,android,0
T007037,U00657,2026-03-04 18:19:18,2018,fuel,3,ios,0
T010065,U01766,2026-02-14 17:08:34,1955,fuel,2,ios,0
T003273,U01934,2026-03-12 18:57:52,130,grocery,2,ios,0
T011883,U01928,2026-05-01 11:04:40,3153,shopping,2,ios,0
T007040,U00471,2026-03-13 18:11:48,1789,fuel,2,ios,0
T011438,U00379,2026-01-08 13:28:07,3672,transfer,2,ios,0
T012037,U01410,2026-06-15 11:08:20,605,shopping,3,android,0
T010280,U01283,2026-01-11 19:02:19,4742,transfer,2,ios,0
T012830,U01362,2026-05-30 01:09:22,3642,transfer,2,android,0
T004696,U00248,2026-04-15 23:00:43,432,recharge,2,android,0
T008292,U01379,2026-06-07 10:21:19,12623,transfer,3,ios,0
T008631,U00837,2026-01-22 08:49:06,2013,fuel,2,android,0
T005366,U01100,2026-09-15 14:57:30,375,grocery,2,ios,0
T013397,U01997,2026-04-13 12:14:45,186,recharge,3,ios,0
T009762,U01904,2026-02-09 18:18:41,4589,transfer,3,ios,0
T002936,U00133,2026-09-23 13:17:32,3740,fuel,2,android,0
T011287,U00302,2026-06-02 22:59:57,324,grocery,3,android,0
T004069,U01671,2026-04-23 17:21:31,3661,shopping,2,ios,0
T014591,U01188,2026-08-16 08:13:28,1430,shopping,2,ios,0
T006190,U00879,2026-05-01 06:50:48,364,recharge,3,ios,0
T001532,U00896,2026-03-12 08:01:06,5321,transfer,2,ios,0
T006510,U01002,2026-07-04 08:32:54,95,grocery,1,android,0
T014735,U00261,2026-08-28 20:40:49,2033,shopping,1,ios,0
T007052,U01203,2026-09-19 01:46:50,391,fuel,2,android,0
T009702,U00723,2026-06-25 16:07:45,518,shopping,3,android,0
T008458,U00774,2026-08-24 16:44:06,378,recharge,1,android,0
T004801,U01726,2026-06-20 17:34:00,99,recharge,2,ios,0
T006009,U00251,2026-09-05 01:36:35,1012,grocery,1,android,0
T012507,U01075,2026-09-22 15:59:10,5674,transfer,2,ios,0
T003510,U01477,2026-03-11 23:56:15,803,shopping,2,ios,0
T014383,U00692,2026-03-10 03:01:58,125,recharge,3,ios,0
T011498,U01264,2026-09-26 08:51:58,394,grocery,2,android,0
T012379,U00026,2026-02-12 23:31:51,863,shopping,2,android,0
T011547,U00118,2026-05-23 23:59:54,851,shopping,2,android,0
T012476,U00051,2026-07-27 00:01:02,2381,shopping,2,ios,0
T007544,U00212,2026-09-12 21:52:32,1805,fuel,2,web,0
T004110,U01047,2026-04-16 03:24:54,103,recharge,3,ios,0
T012842,U00744,2026-07-14 15:38:10,4301,fuel,3,ios,0
T009086,U00607,2026-02-26 05:44:06,4118,shopping,1,ios,0
T001261,U01403,2026-09-18 22:26:34,158,recharge,3,android,0
T009217,U01127,2026-02-16 04:12:56,1570,fuel,1,android,0
T011406,U01769,2026-04-21 05:22:43,6110,shopping,2,ios,0
T012637,U01928,2026-04-27 16:21:26,701,shopping,2,ios,0
T007109,U01740,2026-06-20 19:21:32,5786,transfer,2,android,0
T014906,U01302,2026-06-12 21:51:21,6673,shopping,1,ios,0
T001833,U00242,2026-09-14 09:20:59,2666,transfer,2,android,0
T011293,U01450,2026-04-10 14:26:05,1874,transfer,1,ios,0
T003558,U00153,2026-01-27 01:25:38,8988,transfer,3,ios,0
T014012,U01400,2026-06-19 23:01:43,7562,transfer,2,android,0
T014250,U00946,2026-05-24 23:53:04,964,grocery,3,ios,0
T003114,U00781,2026-08-27 04:45:56,383,recharge,2,android,0
T014189,U01616,2026-01-17 20:45:03,8831,transfer,3,android,0
T001600,U00764,2026-07-14 14:22:30,174,recharge,1,ios,0
T003191,U01938,2026-04-05 16:39:40,401,grocery,2,android,0
T001636,U01416,2026-09-06 20:52:49,391,fuel,3,android,0
T000534,U00743,2026-02-25 19:32:39,546,grocery,3,android,0
T009190,U01625,2026-06-12 03:42:44,149,grocery,1,ios,0
T008523,U00889,2026-03-10 08:07:43,3773,transfer,1,ios,0
T001763,U00748,2026-02-02 18:13:20,1075,grocery,2,ios,0
T010093,U01610,2026-02-19 23:59:34,300,recharge,3,ios,0
T003421,U00488,2026-05-20 07:44:24,2176,grocery,2,ios,0
T007837,U01025,2026-06-08 09:29:05,979,grocery,2,ios,0
T009390,U00557,2026-05-30 00:18:59,265,recharge,2,ios,0
T010313,U00672,2026-09-04 13:45:45,3125,shopping,3,ios,0
T006549,U01189,2026-07-11 01:57:58,3779,fuel,2,ios,0
T014002,U00113,2026-01-09 07:56:27,436,grocery,2,android,0
T010245,U01366,2026-02-02 01:59:04,549,grocery,1,web,0
T014215,U00175,2026-06-04 14:07:01,91,recharge,2,android,0
T009216,U01686,2026-02-28 03:55:22,2074,transfer,2,android,0
T013015,U01410,2026-07-26 17:36:19,1837,recharge,1,android,0
T012042,U00194,2026-06-11 16:35:52,5159,fuel,3,android,0
T012099,U01756,2026-06-19 19:44:34,619,fuel,3,android,0
T008203,U01743,2026-08-19 19:51:27,277,recharge,3,android,0
T005621,U01035,2026-08-20 09:22:48,2313,fuel,3,android,0
T002299,U01687,2026-05-26 22:58:02,6281,transfer,2,android,0
T002238,U00230,2026-05-13 03:40:47,742,grocery,3,ios,0
T003944,U01604,2026-05-08 22:27:16,9524,transfer,2,android,0
T004092,U01700,2026-08-26 19:03:24,1433,fuel,1,android,0
T009558,U00167,2026-04-30 09:53:14,172,grocery,2,ios,0
T006280,U01232,2026-06-11 00:44:27,2112,transfer,1,ios,0
T008907,U01274,2026-03-22 01:09:44,2149,grocery,1,ios,0
T010336,U00512,2026-09-21 23:05:40,4918,transfer,3,ios,0
T002430,U00785,2026-08-30 02:22:34,649,grocery,1,ios,0
T009139,U00092,2026-07-27 11:59:22,901,recharge,1,ios,0
T012005,U00043,2026-01-23 22:41:12,3916,shopping,2,android,0
T003463,U00214,2026-09-07 20:07:48,17611,transfer,3,android,0
T007078,U01062,2026-01-23 10:31:44,4570,shopping,2,ios,0
T007151,U00225,2026-05-01 00:05:14,32586,transfer,1,android,0
T000727,U00351,2026-01-26 09:21:45,1237,shopping,3,android,0
T014790,U01002,2026-08-26 16:00:01,595,fuel,3,android,0
T002340,U00794,2026-03-01 06:44:00,638,recharge,3,ios,0
T005973,U01020,2026-03-01 15:57:59,360,grocery,3,android,0
T007924,U01121,2026-03-10 12:28:54,2219,fuel,3,ios,0
T013727,U00826,2026-04-05 07:13:15,146,recharge,3,android,0
T001286,U00556,2026-01-11 14:25:16,855,fuel,1,ios,0
T013970,U00095,2026-05-10 22:01:52,303,recharge,3,android,0
T012358,U00661,2026-09-11 11:16:20,627,grocery,3,android,0
T011329,U00736,2026-04-19 15:05:02,3356,fuel,3,android,0
T008507,U01766,2026-08-30 10:52:34,3191,fuel,1,ios,0
T000254,U00323,2026-02-15 22:55:03,457,recharge,3,android,0
T011308,U01944,2026-03-26 09:46:01,6327,grocery,3,web,0
T014990,U01484,2026-08-02 20:51:40,323,shopping,3,ios,0
T001531,U01682,2026-03-19 08:35:07,440,recharge,3,ios,0
T010381,U00795,2026-06-14 19:15:04,4433,shopping,2,android,0
T003696,U00087,2026-08-22 20:42:15,172,recharge,1,ios,0
T005969,U01669,2026-01-14 23:51:27,21345,shopping,2,android,0
T014935,U00957,2026-03-02 04:33:49,1729,grocery,1,ios,0
T007304,U00365,2026-04-21 05:02:28,115,recharge,1,ios,0
T007516,U00797,2026-07-07 10:33:47,157,recharge,1,android,0
T005975,U01673,2026-03-06 22:33:50,708,transfer,2,ios,0
T012328,U00640,2026-06-08 01:19:16,558,grocery,1,ios,0
T009372,U00467,2026-07-01 19:32:12,7840,shopping,3,ios,0
T012544,U01974,2026-05-08 19:47:11,4764,shopping,1,android,0
T011751,U00393,2026-04-09 19:05:12,521,recharge,2,ios,0
T000739,U00513,2026-09-23 11:02:53,577,recharge,3,android,0
T007496,U00513,2026-05-24 06:51:03,3075,transfer,3,android,0
T014040,U00786,2026-01-13 07:05:44,5167,shopping,1,android,0
T010651,U01617,2026-09-20 03:46:27,6672,fuel,1,android,0
T009164,U00788,2026-09-28 09:23:31,3496,shopping,2,ios,0
T012248,U01987,2026-04-26 05:45:37,1465,transfer,1,ios,0
T011611,U02000,2026-01-15 14:13:01,4821,transfer,3,ios,0
T012273,U01833,2026-03-15 19:13:09,2246,grocery,3,android,0
T004647,U01347,2026-05-07 13:38:17,15534,shopping,2,ios,0
T000269,U01131,2026-08-06 03:07:55,2800,shopping,2,ios,0
T002247,U00802,2026-03-26 12:31:52,3275,shopping,1,android,0
T010717,U01280,2026-08-13 11:28:49,605,transfer,2,ios,0
T002517,U01969,2026-01-05 07:16:10,3711,transfer,3,web,0
T012184,U00574,2026-07-20 12:34:47,4625,shopping,2,web,0
T008244,U00337,2026-09-02 17:54:59,1579,shopping,3,ios,0
T005319,U00099,2026-09-08 01:32:27,7330,transfer,1,android,0
T008066,U00326,2026-08-26 06:44:53,2370,grocery,2,android,0
T005344,U01367,2026-09-10 15:06:01,222,fuel,1,android,0
T002963,U00992,2026-08-08 09:03:49,831,grocery,1,android,0
T010919,U00676,2026-09-10 13:42:39,587,grocery,2,android,0
T007917,U00696,2026-02-25 03:04:58,2114,fuel,3,android,0
T009816,U00287,2026-03-09 05:49:08,991,transfer,1,android,0
T002167,U01602,2026-07-18 14:14:14,6907,grocery,2,android,0
T005991,U01844,2026-01-04 02:50:09,121,recharge,3,android,0
T014308,U00010,2026-09-30 17:34:37,2303,grocery,1,android,0
T002497,U01188,2026-04-09 02:22:53,3273,grocery,1,ios,0
T013654,U00718,2026-09-16 22:49:21,4494,fuel,2,android,0
T001732,U01373,2026-07-22 00:41:41,28092,shopping,2,android,0
T014473,U00862,2026-03-19 13:54:45,5486,shopping,2,android,0
T002557,U00038,2026-07-02 16:17:39,505,recharge,1,ios,0
T009613,U00991,2026-07-11 03:08:20,94,recharge,2,ios,0
T011777,U01447,2026-09-17 15:53:26,881,fuel,1,ios,0
T002046,U01681,2026-09-23 03:12:33,631,grocery,3,ios,0
T014977,U01994,2026-01-04 02:13:42,3830,shopping,2,ios,0
T014248,U01425,2026-08-25 03:33:18,135,recharge,2,android,0
T004285,U01516,2026-04-17 02:58:22,2266,shopping,3,ios,0
T005284,U00537,2026-06-16 21:48:21,2353,fuel,2,ios,0
T005133,U00494,2026-06-06 05:14:26,2628,fuel,2,ios,0
T007964,U00803,2026-02-14 23:19:15,263,grocery,2,ios,0
T010677,U01297,2026-08-10 10:34:45,166,grocery,2,android,0
T010259,U00171,2026-01-10 03:05:44,19899,transfer,3,android,0
T001191,U00327,2026-09-24 17:18:48,242,recharge,1,android,0
T003807,U01553,2026-01-28 02:43:49,947,shopping,2,android,0
T007629,U01650,2026-02-20 19:02:25,520,grocery,3,android,0
T009433,U00687,2026-02-23 09:38:59,2815,transfer,1,ios,0
T002758,U01861,2026-08-24 22:58:52,2279,transfer,3,ios,0
T014849,U00702,2026-06-27 16:05:28,7569,shopping,3,android,0
T003270,U00726,2026-02-19 11:52:17,3373,transfer,1,android,0
T009519,U00004,2026-09-17 21:51:06,2612,grocery,2,android,0
T009300,U01643,2026-09-16 15:41:01,3534,shopping,1,ios,0
T002483,U01729,2026-02-15 19:21:26,411,recharge,3,android,0
T006116,U01387,2026-06-28 13:52:23,6851,transfer,2,ios,0
T004332,U00093,2026-06-25 07:36:13,1654,grocery,3,android,0
T007865,U00912,2026-09-01 11:40:51,8412,shopping,3,ios,0
T000323,U00251,2026-03-19 04:14:18,238,recharge,2,android,0
T013104,U00077,2026-09-15 18:37:13,95,grocery,2,ios,0
T010078,U00994,2026-09-28 11:09:45,4850,shopping,1,ios,0
T004404,U00967,2026-08-06 04:29:55,305,grocery,2,android,0
T004347,U01286,2026-02-03 02:49:01,12065,shopping,2,ios,0
T004015,U00870,2026-09-07 03:29:17,4370,shopping,2,android,0
T013931,U01148,2026-07-27 16:15:46,815,recharge,3,ios,0
T010334,U00307,2026-09-07 21:41:45,4283,shopping,3,android,0
T000919,U01424,2026-01-24 07:14:52,1746,grocery,2,ios,0
T011798,U00747,2026-07-23 11:49:43,98,recharge,1,ios,0
T005569,U01644,2026-06-23 16:33:28,706,grocery,2,ios,0
T004481,U00278,2026-07-28 15:59:22,7097,transfer,1,android,0
T003848,U00582,2026-06-23 17:51:33,373,grocery,1,android,0
T003547,U01194,2026-03-04 00:08:16,2206,shopping,3,ios,0
T007610,U01455,2026-08-13 14:07:04,503,fuel,1,ios,0
T012724,U01338,2026-01-25 00:43:58,255,recharge,1,ios,0
T010538,U00478,2026-03-22 19:21:36,873,fuel,3,ios,0
T007166,U00797,2026-04-24 16:21:25,1636,shopping,2,android,0
T008296,U00027,2026-03-01 05:03:09,19415,transfer,2,android,0
T002014,U00344,2026-04-04 07:28:22,2642,transfer,1,ios,0
T012881,U01396,2026-08-19 04:27:26,3957,grocery,3,android,0
T002194,U00725,2026-06-24 01:41:19,759,shopping,1,android,0
T014821,U01384,2026-02-05 16:03:12,2187,grocery,3,android,0
T001724,U00373,2026-04-10 03:02:47,932,grocery,3,ios,0
T003859,U00850,2026-08-26 23:21:02,703,shopping,1,ios,0
T000940,U00017,2026-03-03 10:35:05,3146,fuel,1,ios,0
T001254,U01166,2026-02-13 07:28:41,1471,grocery,3,ios,0
T005823,U00657,2026-09-07 14:25:00,2550,grocery,3,ios,0
T003772,U00971,2026-03-29 14:02:34,1453,grocery,2,android,0
T003007,U00700,2026-08-16 13:53:02,7760,transfer,1,android,0
T003077,U00946,2026-09-10 18:48:49,2724,shopping,2,ios,0
T012959,U00625,2026-06-05 21:19:53,202,recharge,3,ios,0
T000056,U01883,2026-04-23 04:08:06,667,fuel,3,ios,0
T005554,U01456,2026-04-21 21:09:14,10000,shopping,1,android,1
T012064,U00283,2026-02-26 01:49:57,258,shopping,3,android,0
T011013,U00968,2026-08-06 20:49:12,287,fuel,1,android,0
T008932,U01782,2026-02-03 01:45:09,4097,fuel,2,ios,0
T001956,U01123,2026-05-27 18:28:32,1695,fuel,2,android,0
T012306,U00466,2026-03-30 09:19:53,8106,shopping,2,ios,0
T004002,U00351,2026-05-11 17:46:36,8339,fuel,2,android,0
T004178,U01707,2026-05-07 07:06:27,5859,transfer,3,ios,0
T012152,U01161,2026-06-24 18:03:10,210,recharge,2,android,0
T012706,U01378,2026-08-09 13:32:41,905,fuel,1,android,0
T007784,U01339,2026-06-04 04:28:20,383,recharge,1,ios,0
T002691,U00718,2026-06-03 13:53:17,2435,grocery,2,android,0
T011120,U01961,2026-08-30 00:03:27,1116,fuel,3,android,0
T011385,U01618,2026-07-16 12:17:20,2080,shopping,2,ios,0
T007930,U01329,2026-09-02 17:12:18,2909,fuel,2,ios,0
T014875,U00397,2026-04-03 20:15:40,17229,transfer,2,ios,0
T001161,U01752,2026-06-14 16:41:34,1832,transfer,3,android,0
T012759,U00194,2026-04-02 14:53:13,456,recharge,1,android,0
T015047,U00417,2026-08-28 06:25:00,1000,transfer,1,web,1
T002702,U00903,2026-02-06 19:12:50,5113,transfer,3,ios,0
T012989,U00285,2026-03-23 05:53:35,2233,fuel,1,android,0
T003120,U01206,2026-06-08 18:39:33,267,recharge,1,android,0
T009424,U01556,2026-06-08 15:35:24,238,fuel,3,ios,0
T006198,U01355,2026-03-25 16:17:44,3458,fuel,1,ios,0
T013659,U00853,2026-09-17 07:55:19,2740,shopping,1,ios,0
T009260,U00204,2026-04-10 03:14:13,1255,fuel,3,android,0
T010728,U00200,2026-06-22 11:55:30,393,grocery,3,android,0
T005936,U00388,2026-03-28 06:15:31,93,recharge,3,ios,0
T001792,U01272,2026-09-07 20:06:10,573,recharge,1,ios,0
T011575,U00809,2026-07-01 05:57:40,318,fuel,1,ios,0
T012997,U00533,2026-02-07 20:04:48,4434,transfer,3,ios,0
T000710,U01421,2026-06-21 14:58:41,711,grocery,1,ios,0
T005828,U00374,2026-02-13 11:00:54,1897,grocery,1,web,1
T011766,U01482,2026-03-31 20:32:54,6849,shopping,3,ios,0
T002660,U01447,2026-06-19 13:57:20,4715,shopping,3,ios,0
T013636,U00270,2026-03-12 12:12:40,1146,grocery,1,ios,0
T006953,U01496,2026-05-11 18:36:36,16534,transfer,1,ios,0
T012879,U01589,2026-03-03 06:53:40,751,fuel,2,ios,0
T000921,U01028,2026-03-02 21:29:16,202,recharge,3,android,0
T004155,U00986,2026-01-19 21:05:35,6577,shopping,3,ios,0
T000629,U00943,2026-08-22 17:59:51,8245,transfer,3,ios,0
T011453,U00995,2026-08-20 16:57:34,562,fuel,1,android,0
T014005,U00941,2026-01-27 04:23:58,396,recharge,2,android,0
T013507,U00942,2026-06-07 13:05:32,749,recharge,2,android,0
T004979,U01067,2026-04-09 06:45:06,186,recharge,3,android,0
T011539,U01813,2026-06-30 05:20:50,8675,transfer,3,android,0
T014503,U00664,2026-04-02 18:41:24,7187,transfer,2,android,0
T001858,U00724,2026-02-23 16:19:21,4494,shopping,1,android,0
T013156,U00610,2026-05-05 00:58:18,2688,shopping,1,ios,0
T009754,U00867,2026-01-19 23:27:12,5106,transfer,1,android,0
T012539,U01030,2026-01-23 01:11:47,1868,shopping,2,ios,0
T003895,U01226,2026-07-03 17:26:22,1096,grocery,2,ios,0
T004338,U01366,2026-06-05 04:39:33,1284,fuel,1,ios,0
T010266,U01619,2026-04-01 21:17:41,6946,shopping,3,ios,0
T011734,U00250,2026-07-01 22:59:32,1433,grocery,2,ios,0
T007567,U00354,2026-04-13 17:29:25,528,recharge,3,android,0
T001189,U00002,2026-04-28 00:09:17,1041,fuel,1,android,0
T001854,U01008,2026-03-09 22:56:15,142,recharge,1,android,0
T008224,U01951,2026-08-08 16:06:12,609,recharge,2,android,0
T014820,U01405,2026-04-04 08:54:02,8400,transfer,3,android,0
T009322,U00640,2026-01-29 23:39:56,562,recharge,1,ios,0
T000004,U01380,2026-01-29 06:23:56,331,shopping,3,ios,0
T006832,U01950,2026-06-29 22:35:26,7902,shopping,1,ios,0
T005223,U01120,2026-01-02 07:23:22,2851,grocery,2,ios,0
T008931,U00837,2026-06-01 20:25:01,1841,fuel,1,android,0
T006616,U01989,2026-02-24 00:04:26,3861,fuel,1,android,0
T006891,U00006,2026-04-16 13:30:30,834,shopping,3,android,0
T002551,U01776,2026-06-12 03:36:09,191,fuel,3,android,0
T003217,U01533,2026-07-14 03:08:59,11478,transfer,2,android,0
T004649,U01249,2026-06-21 10:32:56,1455,grocery,3,ios,0
T008121,U00331,2026-05-30 14:44:35,6733,transfer,1,ios,0
T007854,U01475,2026-02-12 11:10:24,792,grocery,3,android,0
T008637,U01542,2026-05-28 18:59:58,5546,fuel,3,ios,0
T010588,U00957,2026-07-16 21:41:46,8707,fuel,2,ios,0
T000590,U01007,2026-05-10 05:11:44,9301,transfer,3,android,0
T000799,U00545,2026-01-17 06:09:26,217,grocery,3,android,0
T009163,U01069,2026-05-20 09:43:08,1384,fuel,1,web,0
T005704,U00097,2026-04-01 01:12:34,2151,shopping,2,android,0
T001925,U01782,2026-03-17 04:00:29,233,fuel,1,ios,0
T008307,U01567,2026-09-03 13:20:17,6962,transfer,1,android,0
T004112,U00484,2026-05-04 02:56:38,1090,shopping,2,ios,0
T012046,U00419,2026-06-25 08:20:33,1465,fuel,1,ios,0
T006472,U00055,2026-04-22 10:27:56,10582,transfer,1,android,0
T013912,U01998,2026-06-21 23:09:37,2533,fuel,2,android,0
T008221,U01458,2026-06-07 23:38:00,872,fuel,1,ios,0
T014949,U01584,2026-05-10 13:53:36,78,recharge,1,ios,0
T008730,U01206,2026-02-22 07:02:40,191,grocery,3,android,0
T000631,U00277,2026-01-07 04:03:40,1161,grocery,1,android,0
T005867,U00127,2026-02-21 00:44:06,13876,transfer,3,ios,0
T010670,U00173,2026-03-12 05:36:46,2732,fuel,1,ios,0
T010180,U00437,2026-03-13 09:29:14,1146,grocery,3,ios,0
T003294,U01730,2026-05-15 02:03:00,3906,fuel,3,android,0
T001372,U00773,2026-02-10 12:19:08,468,grocery,2,android,0
T002205,U01847,2026-03-11 13:43:11,95,grocery,1,ios,0
T008577,U00958,2026-05-24 00:01:31,1409,fuel,1,android,0
T005392,U01285,2026-06-30 06:40:18,8807,fuel,3,android,0
T005465,U01663,2026-07-02 19:10:58,26867,shopping,3,android,0
T008455,U01185,2026-07-14 18:10:23,760,fuel,2,android,0
T010414,U01833,2026-09-23 18:59:55,2836,fuel,1,android,0
T012729,U00282,2026-09-06 05:46:08,194,grocery,2,ios,0
T010095,U00260,2026-06-27 22:27:19,207,recharge,2,android,0
T009160,U01373,2026-09-25 00:01:12,1806,fuel,2,ios,0
T011457,U01073,2026-02-15 05:22:26,328,recharge,1,ios,0
T001149,U01064,2026-03-23 19:05:38,25000,shopping,2,ios,0
T014476,U00731,2026-01-25 22:11:29,1244,shopping,3,ios,0
T001199,U01646,2026-08-12 04:25:35,827,grocery,1,android,0
T007453,U01338,2026-04-24 22:34:36,139,recharge,3,ios,0
T003075,U00918,2026-05-02 03:40:05,584,recharge,2,android,0
T002939,U00542,2026-09-20 09:27:30,1196,fuel,3,ios,0
T003763,U00789,2026-01-02 10:46:59,8103,transfer,2,android,0
T007177,U01463,2026-03-10 19:44:57,845,shopping,2,ios,0
T004248,U01848,2026-02-20 04:39:46,440,grocery,3,android,0
T009417,U00906,2026-06-03 00:00:34,755,grocery,2,ios,0
T004666,U01334,2026-01-26 02:58:18,1656,shopping,3,ios,0
T008982,U00839,2026-04-29 04:13:14,5814,transfer,2,ios,0
T012662,U00447,2026-03-27 10:58:39,208,recharge,1,ios,0
T012889,U01151,2026-08-30 07:57:28,509,recharge,1,ios,0
T014812,U01622,2026-02-17 21:01:23,126,recharge,1,android,0
T002648,U00074,2026-07-30 13:13:50,7146,transfer,2,ios,0
T009499,U01802,2026-06-05 10:48:29,356,grocery,1,android,0
T001579,U00333,2026-09-15 10:30:40,942,shopping,2,ios,0
T001384,U01516,2026-09-27 22:02:55,213,recharge,3,ios,0
T009661,U00661,2026-07-31 18:58:11,5159,transfer,2,android,0
T013795,U00716,2026-05-18 05:56:11,607,grocery,1,ios,0
T001179,U01661,2026-07-15 15:25:56,407,recharge,1,android,0
T000463,U01853,2026-07-10 04:54:50,2513,transfer,3,ios,1
T003730,U00369,2026-01-22 23:13:37,597,grocery,2,android,0
T003046,U00582,2026-09-06 10:04:29,154,fuel,2,ios,0
T005042,U01698,2026-09-16 04:41:43,541,fuel,2,android,0
T006975,U00447,2026-01-17 18:54:40,917,grocery,2,ios,0
T005303,U00323,2026-09-06 16:18:36,185,recharge,3,android,0
T012824,U01656,2026-08-25 03:36:26,5489,transfer,1,android,0
T001784,U01910,2026-05-14 08:15:36,1224,transfer,1,android,0
T013307,U01584,2026-04-05 13:41:30,2198,transfer,3,ios,0
T010511,U01802,2026-01-18 10:45:30,3305,transfer,2,android,0
T005399,U01678,2026-01-10 12:16:31,595,recharge,3,ios,0
T009210,U01212,2026-01-10 05:49:51,258,recharge,3,android,0
T006525,U00097,2026-03-16 19:05:28,3963,transfer,2,android,0
T007415,U01793,2026-04-13 09:28:14,99,recharge,2,android,0
T013109,U01833,2026-09-02 06:20:45,8731,fuel,1,android,0
T000523,U00622,2026-01-26 16:14:37,25618,transfer,3,android,0
T009218,U01627,2026-02-19 18:56:51,202,grocery,3,ios,0
T005135,U01364,2026-02-09 00:40:45,213,grocery,3,android,0
T010112,U01497,2026-08-07 06:19:34,2008,transfer,3,android,0
T002913,U00949,2026-01-07 11:17:07,2242,grocery,3,android,0
T002998,U01927,2026-03-24 01:04:46,1525,grocery,2,web,0
T003226,U01889,2026-02-21 08:20:58,4536,transfer,1,android,0
T001856,U01221,2026-02-16 19:06:27,344,recharge,2,android,0
T007586,U01842,2026-07-11 04:12:40,14478,transfer,2,ios,0
T000869,U00028,2026-05-13 20:59:06,1145,fuel,1,ios,0
T013428,U00964,2026-05-27 06:01:59,603,grocery,2,ios,0
T000319,U01011,2026-07-13 13:23:06,2936,fuel,2,android,0
T011393,U01995,2026-01-14 00:52:29,2048,fuel,2,ios,0
T005411,U01108,2026-06-15 12:27:35,519,recharge,1,ios,0
T001178,U00076,2026-08-09 20:46:24,557,shopping,2,android,0
T007048,U01813,2026-08-19 15:46:15,3052,fuel,1,android,0
T005673,U01597,2026-05-16 00:26:10,77,recharge,1,android,0
T004958,U01587,2026-01-17 18:17:51,2769,shopping,1,ios,0
T001218,U01171,2026-05-15 02:25:18,854,grocery,3,ios,0
T003349,U00790,2026-06-25 02:52:53,1620,grocery,1,ios,0
T007524,U00405,2026-02-18 06:25:16,112,recharge,3,android,0
T002464,U00736,2026-03-29 12:49:44,136,recharge,3,android,0
T002295,U01167,2026-01-27 13:33:32,1440,fuel,3,android,0
T012054,U00913,2026-09-19 03:27:58,686,fuel,3,android,0
T000301,U00781,2026-02-26 06:05:03,12160,shopping,2,ios,0
T010089,U01454,2026-03-24 15:35:02,2171,shopping,2,ios,0
T003206,U00394,2026-06-08 13:11:58,1889,shopping,3,ios,0
T014119,U00698,2026-02-04 01:14:42,3185,transfer,3,android,0
T009073,U01257,2026-01-16 20:58:25,647,recharge,3,ios,0
T009436,U00999,2026-09-26 00:19:40,700,fuel,2,android,0
T014400,U01901,2026-04-18 08:55:10,1938,shopping,3,ios,0
T011439,U01062,2026-01-27 22:36:50,3966,shopping,1,ios,0
T010309,U01146,2026-04-17 19:03:20,435,fuel,1,ios,0
T004955,U00050,2026-08-01 03:36:02,255,recharge,1,android,0
T001886,U01476,2026-04-14 03:59:16,269,recharge,3,ios,0
T010315,U01972,2026-04-28 09:03:01,1615,shopping,1,ios,0
T005979,U00144,2026-07-11 08:48:54,295,grocery,2,ios,0
T002935,U00704,2026-08-07 09:16:02,362,grocery,3,android,0
T007880,U01925,2026-09-21 07:26:54,873,grocery,2,ios,0
T006727,U01562,2026-09-12 20:03:45,1512,grocery,1,ios,0
T004415,U01067,2026-02-10 00:16:08,613,recharge,1,android,0
T012517,U00650,2026-02-15 10:14:17,14488,shopping,3,android,0
T011448,U00355,2026-07-03 06:25:24,2708,grocery,2,ios,0
T011714,U01563,2026-05-22 23:31:11,923,recharge,1,ios,0
T014064,U00817,2026-09-28 13:41:55,1690,transfer,3,android,0
T013798,U00993,2026-06-16 07:16:11,1477,fuel,1,ios,0
T008474,U00296,2026-07-02 22:34:27,1884,fuel,1,android,0
T009289,U00993,2026-04-23 05:03:45,837,grocery,1,ios,0
T000606,U01786,2026-06-17 00:41:32,621,recharge,3,ios,0
T009465,U01816,2026-09-04 12:24:03,1682,shopping,2,android,0
T001995,U01906,2026-09-12 06:01:33,3017,fuel,2,ios,0
T002318,U01711,2026-02-07 07:54:55,1560,fuel,2,ios,0
T000265,U01715,2026-04-09 20:16:47,2387,shopping,1,android,0
T008799,U01872,2026-05-04 01:43:01,1678,grocery,1,android,0
T011184,U01581,2026-03-25 03:14:41,1898,shopping,3,ios,0
T004816,U01302,2026-06-24 21:03:56,471,grocery,1,ios,0
T006179,U01804,2026-02-14 23:42:01,307,fuel,3,ios,0
T009899,U01483,2026-01-12 09:28:21,2093,recharge,3,ios,0
T008142,U00501,2026-03-24 12:12:05,1493,grocery,2,web,0
T001613,U00251,2026-02-02 08:06:53,3915,transfer,3,android,0
T014171,U01950,2026-03-03 14:49:25,467,grocery,1,ios,0
T006882,U01772,2026-03-31 06:03:50,291,recharge,2,ios,0
T006073,U01042,2026-09-07 12:29:04,3722,shopping,2,android,0
T014616,U01485,2026-06-18 13:05:13,1861,transfer,2,android,0
T006584,U00605,2026-04-10 17:12:13,1929,grocery,2,android,0
T014788,U01835,2026-08-20 15:33:20,809,grocery,1,ios,0
T001509,U01039,2026-03-04 21:54:21,683,fuel,1,android,0
T013494,U00775,2026-02-06 03:54:18,137,recharge,1,android,0
T012853,U00476,2026-07-13 19:44:23,1987,fuel,3,ios,0
T005722,U01699,2026-05-28 14:22:16,1078,grocery,2,android,0
T009985,U01301,2026-08-10 23:16:12,3765,shopping,2,android,0
T006794,U01205,2026-03-15 07:55:07,467,recharge,1,ios,0
T006703,U00706,2026-08-16 22:33:01,1220,fuel,3,android,0
T001906,U00763,2026-01-03 23:34:02,3492,shopping,1,ios,0
T010199,U00647,2026-04-16 19:34:00,909,fuel,1,ios,0
T006922,U01892,2026-06-04 02:41:04,28346,transfer,1,android,0
T000861,U01056,2026-07-09 14:58:23,733,grocery,2,android,0
T013913,U01202,2026-06-08 04:36:14,8836,transfer,1,android,0
T008529,U01403,2026-09-19 20:08:14,1082,fuel,2,android,0
T006632,U01749,2026-07-14 18:39:33,822,grocery,3,web,0
T005170,U00073,2026-03-21 16:12:31,2414,recharge,1,ios,0
T011190,U00515,2026-08-24 00:41:50,376,fuel,1,android,0
T007222,U00763,2026-04-03 16:41:05,1287,fuel,2,ios,0
T006042,U00015,2026-09-24 13:41:49,776,grocery,1,android,0
T004305,U00454,2026-03-20 08:07:57,4997,shopping,2,ios,0
T004638,U01214,2026-03-14 18:41:10,706,shopping,1,android,0
T011148,U00216,2026-02-17 09:59:45,2108,shopping,3,ios,0
T001022,U00888,2026-05-15 18:15:14,4973,transfer,3,ios,0
T012398,U01663,2026-04-10 14:27:21,2310,shopping,3,android,0
T003358,U01356,2026-06-08 02:58:45,1982,shopping,2,android,0
T005778,U01217,2026-01-21 10:29:24,2275,transfer,2,ios,0
T011698,U01732,2026-02-11 03:24:39,1965,shopping,3,android,0
T010819,U01425,2026-09-26 05:00:14,13432,transfer,2,android,0
T010684,U01459,2026-04-29 04:35:39,511,recharge,3,android,0
T001143,U00550,2026-07-31 21:15:20,1489,fuel,3,ios,0
T001796,U01658,2026-05-07 00:08:28,19281,transfer,2,ios,0
T003989,U00074,2026-09-19 10:48:41,574,recharge,1,ios,1
T008994,U01157,2026-04-05 22:36:39,10830,transfer,2,ios,0
T011776,U00648,2026-04-21 19:36:13,1263,fuel,2,ios,0
T005599,U01481,2026-07-06 05:26:15,6573,shopping,3,android,0
T013318,U01392,2026-04-01 12:57:50,1095,shopping,3,ios,0
T008632,U01858,2026-09-10 20:38:07,1496,grocery,2,ios,0
T003244,U00356,2026-09-16 20:32:16,2972,shopping,1,android,0
T004078,U01010,2026-09-13 19:58:17,685,recharge,3,android,0
T009203,U01499,2026-07-15 13:14:04,573,recharge,3,android,0
T014246,U01418,2026-02-09 09:03:39,2484,transfer,1,ios,0
T002962,U00201,2026-08-09 06:41:17,1896,shopping,3,android,0
T003049,U00365,2026-07-28 13:45:22,9637,shopping,2,ios,0
T007153,U01611,2026-03-20 11:10:00,11169,transfer,2,android,0
T003079,U01079,2026-03-05 17:15:18,6852,shopping,1,ios,0
T014376,U01127,2026-06-16 19:22:19,1462,transfer,1,android,0
T005461,U00836,2026-07-28 16:31:07,6561,transfer,2,android,0
T005696,U00633,2026-01-11 09:48:01,36,recharge,2,android,0
T002432,U01792,2026-03-06 13:14:21,2103,fuel,2,android,0
T000216,U01607,2026-05-29 04:36:28,870,recharge,3,ios,0
T013236,U00590,2026-01-22 14:36:14,374,recharge,2,android,0
T014685,U01188,2026-09-14 07:23:31,1618,grocery,1,web,0
T008763,U01863,2026-05-04 22:22:10,3690,transfer,2,ios,0
T010544,U01782,2026-01-06 21:11:55,7870,transfer,2,ios,0
T001842,U00736,2026-05-31 10:32:18,2072,shopping,2,android,0
T011794,U00328,2026-09-16 21:33:28,690,recharge,3,ios,0
T002988,U01158,2026-07-07 14:13:27,11597,transfer,3,ios,0
T003865,U00090,2026-01-13 19:22:48,1853,fuel,2,android,0
T006765,U01221,2026-01-06 08:05:59,185,recharge,2,android,0
T001437,U00377,2026-07-03 03:12:43,10000,fuel,1,web,1
T004892,U00553,2026-01-21 14:01:04,585,shopping,2,android,0
T012645,U01170,2026-06-15 08:09:44,368,fuel,2,ios,0
T004612,U00724,2026-09-16 19:36:33,16354,transfer,1,android,0
T007990,U01413,2026-08-28 22:37:54,1806,fuel,2,android,0
T012919,U01556,2026-06-24 12:06:21,1329,recharge,2,ios,0
T002008,U01101,2026-09-01 18:55:36,431,recharge,1,ios,0
T001991,U01931,2026-09-24 16:51:30,7283,transfer,3,ios,0
T006281,U00656,2026-03-27 03:11:12,975,recharge,3,ios,0
T005112,U01333,2026-01-14 10:08:27,7977,transfer,1,ios,0
T001077,U00910,2026-03-13 14:58:56,1356,grocery,1,ios,0
T011025,U01860,2026-02-08 20:04:38,203,grocery,3,ios,0
T013655,U00377,2026-08-20 03:50:48,6334,transfer,2,ios,0
T013267,U01452,2026-09-20 17:44:42,560,recharge,3,android,0
T014925,U00085,2026-07-06 14:53:17,1266,shopping,3,android,0
T002397,U01601,2026-03-12 06:22:05,1935,shopping,2,android,0
T011717,U00663,2026-03-09 05:31:03,2402,transfer,2,android,0
T011279,U01762,2026-04-12 15:27:02,3800,shopping,2,ios,0
T003397,U00444,2026-07-24 03:25:36,4522,transfer,2,web,1
T001755,U00926,2026-02-09 11:07:28,1070,fuel,3,ios,0
T011526,U00052,2026-09-09 05:16:12,9596,fuel,2,ios,0
T000840,U00076,2026-03-25 13:55:47,756,fuel,1,android,0
T006078,U01011,2026-06-15 07:25:30,3025,shopping,2,android,0
T001588,U00533,2026-07-19 23:08:10,307,fuel,3,ios,0
T006970,U00120,2026-04-29 02:13:28,5436,transfer,1,ios,0
T013813,U00973,2026-09-22 17:16:34,130,grocery,1,ios,0
T002825,U00795,2026-06-02 14:16:25,170,recharge,1,android,0
T013812,U00001,2026-01-08 16:46:42,1006,recharge,1,android,0
T003600,U01115,2026-03-25 04:15:50,191,grocery,3,ios,0
T001121,U00857,2026-08-15 18:19:57,159,recharge,3,android,0
T011827,U01505,2026-01-05 17:59:52,169,recharge,2,ios,0
T014365,U00332,2026-02-21 01:23:42,1623,transfer,1,android,0
T001883,U00509,2026-09-26 07:56:18,1667,fuel,2,ios,0
T010872,U01969,2026-02-15 09:37:07,489,recharge,3,android,0
T007365,U01142,2026-06-02 03:30:00,1804,grocery,3,android,0
T013383,U01577,2026-06-14 04:06:55,3027,transfer,3,ios,0
T003714,U00216,2026-09-03 22:27:56,177,grocery,3,ios,0
T009476,U01285,2026-05-08 03:46:54,3873,fuel,1,android,0
T007641,U01424,2026-06-13 13:31:07,8147,transfer,1,ios,0
T005440,U00090,2026-09-13 23:19:51,189,recharge,3,android,0
T007501,U00350,2026-02-27 09:30:58,1611,grocery,1,ios,0
T004769,U01402,2026-01-21 18:46:39,3956,recharge,2,ios,0
T006071,U01402,2026-02-22 12:14:42,211,grocery,2,ios,0
T011006,U00538,2026-06-07 22:11:22,2350,shopping,3,android,0
T008941,U01904,2026-05-24 14:18:31,1157,shopping,3,ios,0
T006120,U00252,2026-06-18 10:13:13,8238,transfer,1,ios,0
T010151,U00142,2026-09-23 14:33:33,255,recharge,2,android,0
T008475,U00772,2026-01-09 16:41:37,29,recharge,1,android,0
T013670,U01487,2026-09-30 23:37:19,5809,fuel,1,ios,0
T004489,U00930,2026-08-12 18:19:31,999,grocery,3,android,0
T005537,U00647,2026-07-11 18:34:16,654,fuel,2,ios,0
T005035,U00110,2026-09-29 22:07:12,3190,transfer,1,ios,0
T005758,U01406,2026-09-16 21:26:03,1779,grocery,2,ios,0
T005353,U00834,2026-08-23 01:37:20,384,recharge,2,android,0
T008796,U00023,2026-07-06 22:15:47,265,recharge,2,ios,0
T002281,U01449,2026-04-16 16:15:43,2275,transfer,3,ios,0
T014915,U00884,2026-04-17 05:16:21,279,recharge,3,android,0
T003096,U00630,2026-07-26 22:16:44,1459,recharge,1,ios,0
T007387,U01773,2026-05-30 11:12:57,2193,grocery,1,ios,0
T014033,U00922,2026-02-26 17:32:45,1856,recharge,1,ios,0
T004024,U00760,2026-06-30 11:29:51,1055,grocery,1,android,0
T009663,U01112,2026-03-19 14:24:39,1225,recharge,1,android,0
T007830,U01667,2026-02-10 07:52:44,821,grocery,1,ios,0
T002156,U00716,2026-05-02 15:26:19,177,grocery,3,ios,0
T001527,U00741,2026-06-29 16:35:14,2912,shopping,3,ios,0
T001723,U00098,2026-08-14 13:51:17,12747,shopping,2,ios,0
T012584,U01317,2026-05-07 20:31:54,128,recharge,2,web,0
T006468,U01962,2026-09-12 16:43:47,1244,grocery,2,android,0
T009769,U01912,2026-03-02 03:16:51,981,fuel,2,ios,0
T014961,U00019,2026-01-03 09:29:26,1659,grocery,1,ios,0
T010754,U01155,2026-03-20 19:40:06,33613,transfer,1,android,0
T010136,U01644,2026-04-03 12:15:17,499,grocery,2,ios,0
T002277,U00515,2026-08-23 23:24:29,2283,grocery,1,android,0
T009031,U01114,2026-08-13 19:55:27,9017,transfer,3,android,0
T005272,U01227,2026-08-22 10:44:48,416,grocery,1,android,0
T012653,U01655,2026-09-03 12:20:36,2769,shopping,1,ios,0
T015022,U00549,2026-01-21 16:35:00,10000,transfer,1,web,1
T003601,U00629,2026-05-26 15:44:20,1291,transfer,1,android,0
T005266,U00621,2026-01-11 13:45:49,3322,shopping,3,android,0
T004417,U00862,2026-01-24 09:53:34,13564,transfer,1,android,0
T001230,U01832,2026-06-28 07:59:17,296,grocery,1,android,0
T005334,U00475,2026-09-22 15:16:46,2064,grocery,2,android,0
T014423,U01089,2026-07-07 05:58:12,4957,shopping,2,android,0
T006968,U00703,2026-03-03 05:06:59,1193,fuel,3,ios,0
T004833,U01707,2026-03-30 19:38:00,1327,grocery,3,ios,0
T006368,U01631,2026-07-22 19:19:18,770,grocery,3,android,0
T008260,U01092,2026-07-08 10:15:20,2297,fuel,1,android,0
T010593,U00776,2026-08-03 11:10:59,5485,shopping,1,ios,0
T001126,U01823,2026-05-06 12:22:04,2915,transfer,1,android,0
T014331,U00924,2026-04-05 06:08:29,1229,grocery,3,android,0
T002212,U00983,2026-07-03 08:19:44,1031,grocery,3,ios,0
T014507,U00186,2026-06-11 13:04:36,1604,fuel,2,ios,0
T014621,U01109,2026-06-23 07:39:30,2429,transfer,3,ios,0
T014235,U01004,2026-05-02 14:04:36,1308,grocery,3,android,0
T010237,U01249,2026-04-12 07:08:50,1162,grocery,3,ios,0
T007918,U01357,2026-07-29 19:06:05,610,fuel,3,ios,0
T008178,U00685,2026-07-20 17:51:37,4055,grocery,2,android,0
T014091,U01529,2026-08-16 07:55:31,2764,transfer,2,ios,0
T014524,U01883,2026-02-27 10:17:33,2608,fuel,1,ios,0
T007241,U01370,2026-03-11 11:36:37,497,grocery,1,ios,0
T003947,U00755,2026-03-06 03:47:50,1370,grocery,2,android,0
T009622,U01475,2026-05-04 18:06:19,2174,fuel,1,android,0
T001131,U00742,2026-07-28 01:04:29,1411,shopping,1,android,0
T006566,U01523,2026-02-01 14:18:18,82,recharge,1,android,0
T014124,U00884,2026-05-19 00:53:42,465,fuel,2,ios,0
T004736,U00410,2026-06-18 20:25:56,803,fuel,2,android,0
T000953,U01185,2026-03-14 21:05:22,609,grocery,1,android,0
T009456,U01264,2026-03-19 20:37:08,17152,transfer,1,android,0
T004780,U01561,2026-02-15 17:30:32,690,grocery,1,android,0
T006023,U00814,2026-08-18 02:28:45,946,transfer,1,android,0
T007498,U01798,2026-04-06 12:06:42,571,grocery,1,ios,0
T012550,U00289,2026-03-04 19:24:52,5244,transfer,1,ios,0
T009282,U01502,2026-07-16 22:22:27,2561,shopping,3,android,0
T014794,U00545,2026-08-08 02:56:10,3737,shopping,1,android,0
T004920,U01093,2026-09-18 15:47:09,4758,shopping,1,ios,0
T010541,U00285,2026-01-27 03:29:30,100,grocery,3,ios,0
T007809,U01624,2026-07-25 12:30:02,9203,transfer,1,android,0
T009706,U00308,2026-07-15 04:48:05,989,shopping,2,android,0
T007541,U01910,2026-05-27 08:58:08,2238,transfer,3,android,0
T013625,U01288,2026-05-22 06:17:03,2372,grocery,2,android,0
T012571,U00204,2026-03-28 20:39:00,976,recharge,3,android,0
T005962,U01865,2026-01-16 22:17:03,159,recharge,1,ios,0
T010175,U01307,2026-05-11 16:10:50,4756,shopping,1,ios,0
T001634,U00600,2026-08-18 10:22:36,216,recharge,1,android,0
T009220,U00369,2026-09-07 16:14:12,10445,transfer,2,android,0
T005602,U01307,2026-05-20 12:59:11,278,recharge,3,ios,0
T003765,U01190,2026-07-28 14:55:36,468,fuel,3,ios,0
T009321,U00514,2026-08-09 18:02:28,2715,transfer,1,ios,0
T011034,U00381,2026-07-06 21:50:52,1957,grocery,3,ios,0
T009198,U00091,2026-07-11 15:23:29,604,grocery,2,android,0
T014351,U00504,2026-03-02 12:42:23,6503,transfer,2,ios,0
T004334,U01365,2026-01-13 14:28:26,2186,grocery,2,ios,0
T011105,U00353,2026-08-09 02:12:23,5149,transfer,2,ios,0
T000776,U01319,2026-06-11 03:05:12,1103,grocery,3,android,0
T011709,U00447,2026-09-27 20:32:49,5227,shopping,2,ios,0
T001587,U00597,2026-08-26 23:07:20,1751,shopping,3,ios,0
T012771,U00114,2026-04-09 07:08:47,103,recharge,2,ios,0
T001837,U01566,2026-04-21 11:16:12,212,recharge,1,android,0
T014419,U01288,2026-07-24 12:35:29,496,recharge,3,android,0
T005318,U01744,2026-04-08 22:03:19,1243,recharge,2,android,0
T014889,U00826,2026-06-21 03:19:06,9446,shopping,2,android,0
T014260,U01209,2026-01-27 10:50:37,462,shopping,3,ios,0
T009159,U01742,2026-05-18 03:45:10,5343,fuel,1,ios,0
T013407,U00193,2026-04-24 05:55:01,1281,fuel,1,ios,0
T008385,U01290,2026-01-29 13:42:05,5811,transfer,1,ios,0
T014325,U00655,2026-05-24 17:37:38,5180,shopping,2,android,0
T007517,U00127,2026-05-18 12:26:24,7846,shopping,3,ios,0
T011401,U00951,2026-03-29 22:18:02,2283,fuel,3,ios,0
T003207,U01744,2026-04-09 12:51:09,628,grocery,2,android,0
T014635,U01109,2026-09-15 18:44:22,1612,fuel,3,ios,0
T010201,U00983,2026-07-16 16:56:20,670,fuel,3,ios,0
T014177,U01058,2026-05-20 11:31:56,1137,recharge,2,android,0
T012063,U01238,2026-02-22 12:13:09,1340,grocery,3,ios,0
T002851,U01310,2026-07-20 12:26:51,2348,grocery,1,android,0
T011589,U00687,2026-04-28 16:45:33,1585,recharge,2,ios,0
T001951,U00572,2026-06-19 22:07:14,646,recharge,3,android,0
T007767,U01882,2026-06-13 15:18:22,1157,transfer,3,android,0
T006033,U00691,2026-04-24 00:24:03,31418,transfer,3,android,0
T010130,U00379,2026-06-13 13:37:16,349,grocery,1,ios,0
T010537,U01534,2026-03-20 01:43:20,102,recharge,1,android,0
T013974,U00082,2026-04-24 02:38:45,1504,fuel,2,android,0
T009739,U01826,2026-06-05 23:54:46,472,recharge,2,ios,0
T015016,U01573,2026-02-08 14:29:00,5000,transfer,1,web,1
T007380,U01192,2026-02-19 01:25:28,2183,shopping,1,ios,0
T010302,U00395,2026-03-15 21:17:12,8580,transfer,2,web,0
T004045,U00438,2026-03-30 09:11:47,818,grocery,2,ios,0
T010851,U01383,2026-08-05 17:34:02,164,recharge,3,ios,0
T001427,U01213,2026-01-03 10:50:42,923,grocery,2,android,0
T012173,U00939,2026-07-16 15:00:27,930,grocery,3,ios,0
T004764,U01544,2026-05-07 02:54:21,1675,transfer,2,ios,0
T010365,U00284,2026-08-23 11:05:36,28153,transfer,2,ios,0
T006109,U01512,2026-04-22 10:32:19,2027,transfer,3,ios,0
T011146,U01024,2026-07-10 09:58:17,7408,recharge,1,android,0
T001052,U00127,2026-01-29 07:18:23,2164,shopping,2,ios,0
T014764,U01364,2026-05-24 04:46:13,3917,fuel,1,android,0
T001668,U00442,2026-06-22 20:24:25,3153,transfer,2,ios,0
T008492,U00447,2026-02-02 07:39:45,290,grocery,3,ios,0
T007677,U00717,2026-07-27 21:17:48,1222,transfer,2,ios,0
T013695,U00744,2026-03-21 03:43:02,4092,fuel,2,ios,0
T013037,U01471,2026-06-02 05:29:32,4808,transfer,2,ios,0
T012815,U00095,2026-03-31 00:09:44,1555,shopping,1,android,0
T008997,U00609,2026-04-02 23:31:36,2073,fuel,3,ios,0
T002022,U00981,2026-03-25 20:46:26,3048,shopping,3,android,0
T013962,U01376,2026-02-17 03:23:36,260,grocery,1,android,0
T012528,U00925,2026-03-07 13:00:13,500,recharge,1,ios,0
T007521,U01180,2026-07-31 05:49:39,902,fuel,2,ios,0
T007881,U00553,2026-04-05 14:01:22,658,fuel,1,android,0
T009580,U01209,2026-08-06 06:43:16,400,fuel,2,ios,0
T002654,U01128,2026-07-23 22:30:25,597,shopping,2,android,0
T012974,U00770,2026-07-16 01:49:53,350,recharge,3,ios,0
T008448,U00449,2026-07-04 09:57:47,433,grocery,2,android,0
T005053,U00338,2026-07-10 14:02:11,10000,shopping,3,android,1
T003391,U01601,2026-09-29 07:25:40,1558,grocery,3,android,0
T014808,U01765,2026-09-29 15:30:05,8962,transfer,1,ios,0
T002978,U00623,2026-06-13 05:37:35,361,recharge,2,android,0
T002956,U00600,2026-09-02 04:00:33,2797,shopping,1,android,0
T004846,U00336,2026-08-13 00:46:44,9357,transfer,2,ios,0
T014350,U00445,2026-06-16 22:09:33,2498,transfer,1,ios,0
T001591,U01441,2026-08-17 05:36:12,2959,fuel,1,android,0
T007170,U00895,2026-06-11 16:19:37,3471,fuel,1,android,0
T008657,U00795,2026-03-10 11:11:52,4477,shopping,2,android,0
T012213,U00273,2026-01-28 20:24:27,721,grocery,2,android,0
T007191,U01091,2026-02-10 19:25:13,380,recharge,3,android,0
T008713,U01208,2026-09-17 04:57:56,312,grocery,2,ios,0
T001473,U01940,2026-05-29 03:06:02,111,recharge,1,android,0
T013948,U01983,2026-07-27 12:57:45,3223,grocery,3,android,0
T010922,U00653,2026-03-05 18:10:46,7276,transfer,2,ios,0
T006989,U01469,2026-07-28 06:46:26,3857,transfer,2,ios,0
T014823,U01014,2026-08-19 17:40:31,396,fuel,2,android,0
T000011,U01933,2026-07-09 18:16:43,293,recharge,2,ios,0
T014967,U01423,2026-08-14 05:43:05,745,transfer,2,android,0
T008716,U00650,2026-06-25 18:15:37,4751,fuel,1,android,0
T012659,U01991,2026-03-18 21:02:43,12473,transfer,2,ios,0
T010251,U00293,2026-03-09 13:32:52,3176,transfer,2,ios,0
T005274,U01053,2026-06-29 11:43:57,243,recharge,3,android,0
T000442,U01635,2026-09-27 22:20:46,667,recharge,2,android,0
T012699,U01021,2026-02-17 00:02:45,1366,grocery,2,android,0
T000949,U01427,2026-08-10 11:44:18,4206,transfer,2,android,0
T006148,U01522,2026-05-01 01:24:06,1724,shopping,3,android,0
T011970,U00576,2026-06-13 17:30:11,761,grocery,1,ios,0
T007439,U01320,2026-02-17 03:57:53,608,recharge,3,android,0
T012107,U01521,2026-02-03 18:10:55,4444,shopping,1,android,0
T014530,U01769,2026-07-05 11:17:33,956,transfer,3,ios,0
T002951,U00257,2026-02-08 19:40:41,667,transfer,2,ios,0
T002717,U00325,2026-05-11 07:24:48,3589,fuel,3,ios,0
T014075,U00622,2026-03-24 22:46:01,642,shopping,3,android,0
T011725,U01830,2026-04-10 22:03:04,11258,transfer,3,android,0
T006277,U01788,2026-02-14 19:55:45,616,shopping,3,android,0
T003874,U01249,2026-07-24 11:05:53,2280,shopping,1,ios,0
T009501,U00167,2026-09-05 14:38:09,7684,shopping,2,ios,0
T007768,U00938,2026-03-04 04:15:36,2279,transfer,1,ios,0
T008485,U01939,2026-09-10 08:25:49,14527,transfer,2,ios,0
T000145,U00860,2026-08-09 01:02:17,1403,grocery,2,android,0
T009914,U01810,2026-07-04 02:31:33,725,recharge,1,android,0
T004992,U01756,2026-02-11 07:31:49,675,grocery,1,android,0
T008434,U01997,2026-07-02 14:28:59,416,recharge,1,ios,0
T001659,U01725,2026-05-09 10:45:30,1441,transfer,1,android,0
T014299,U01598,2026-05-05 15:54:31,688,grocery,2,ios,0
T011097,U01564,2026-08-07 01:03:21,5701,transfer,1,ios,0
T001163,U01201,2026-05-24 06:05:36,1087,recharge,2,ios,0
T013860,U00073,2026-08-07 03:09:49,788,grocery,3,ios,0
T004390,U01575,2026-08-14 05:07:29,2643,grocery,1,android,0
T009359,U01299,2026-07-12 12:58:15,914,fuel,2,ios,0
T005620,U01186,2026-02-16 02:03:15,894,fuel,3,ios,0
T004373,U01595,2026-04-10 10:19:40,515,recharge,1,android,0
T004676,U01580,2026-01-15 21:44:28,2621,shopping,3,android,0
T003123,U00779,2026-05-23 17:54:25,1602,fuel,3,android,0
T004193,U01155,2026-02-19 15:56:48,549,fuel,1,ios,0
T006388,U01158,2026-08-08 11:07:06,3629,fuel,1,ios,0
T000592,U00279,2026-04-29 15:54:34,584,grocery,2,ios,0
T005390,U01000,2026-09-05 04:05:08,20000,recharge,1,ios,1
T004917,U01527,2026-03-28 05:38:13,37,recharge,3,ios,0
T009927,U00405,2026-09-29 12:01:44,1943,transfer,1,android,0
T004416,U01830,2026-05-14 17:17:04,444,fuel,1,android,0
T001582,U00881,2026-03-06 00:55:38,799,fuel,2,ios,0
T002375,U00021,2026-08-22 06:48:31,829,recharge,1,android,0
T005150,U00182,2026-07-02 03:32:23,228,recharge,2,android,0
T006020,U01478,2026-04-19 23:34:46,612,transfer,1,android,0
T009782,U01438,2026-04-11 05:57:14,447,fuel,1,android,0
T000010,U00605,2026-05-28 12:21:47,1730,fuel,1,android,0
T012425,U00498,2026-08-23 21:03:20,3257,transfer,2,android,0
T012525,U00821,2026-01-28 19:13:34,4480,fuel,1,android,0
T014762,U01839,2026-01-15 21:56:58,911,fuel,1,android,0
T009162,U00130,2026-04-28 03:16:24,10662,transfer,3,android,0
T013499,U00570,2026-09-30 06:58:41,6508,transfer,1,ios,0
T002474,U01727,2026-04-30 15:22:40,343,grocery,1,android,0
T008213,U01774,2026-06-12 02:58:15,3795,transfer,2,android,0
T009813,U01045,2026-04-19 02:04:56,636,shopping,1,android,0
T001375,U00058,2026-05-17 14:41:35,1734,grocery,2,android,0
T006476,U00703,2026-01-30 23:09:49,12766,shopping,1,ios,0
T003551,U00035,2026-03-22 06:38:24,531,grocery,2,ios,0
T006069,U00250,2026-01-22 08:21:06,1769,grocery,3,ios,0
T013651,U01940,2026-08-24 22:55:16,3265,grocery,3,ios,0
T001653,U01010,2026-01-07 09:09:05,2079,fuel,2,android,0
T010181,U01852,2026-09-19 15:13:24,184,recharge,2,android,0
T008773,U01862,2026-08-26 20:49:36,451,grocery,2,ios,0
T002730,U01313,2026-06-12 11:17:00,5491,transfer,3,ios,0
T005556,U01908,2026-01-08 15:54:45,436,shopping,2,ios,0
T013557,U00429,2026-02-18 11:38:53,256,recharge,2,android,0
T013162,U00274,2026-07-04 08:45:31,684,recharge,3,android,0
T004224,U02000,2026-06-25 14:46:22,185,grocery,3,ios,0
T012492,U00221,2026-04-18 10:17:54,2376,transfer,3,android,0
T005230,U00618,2026-02-27 15:45:38,55860,shopping,2,android,0
T001805,U00867,2026-04-24 15:51:54,6484,transfer,3,android,0
T004911,U00641,2026-02-02 10:39:12,225,recharge,1,android,0
T002891,U00635,2026-09-07 23:41:33,3827,shopping,1,android,0
T012748,U00983,2026-01-03 02:43:03,694,fuel,3,ios,0
T010373,U01011,2026-04-14 15:41:59,1109,fuel,3,android,0
T008246,U00284,2026-04-17 04:37:52,6001,shopping,2,ios,0
T010821,U01714,2026-02-28 20:41:03,967,fuel,3,ios,0
T006111,U00308,2026-05-24 22:37:53,637,fuel,2,android,0
T000298,U00922,2026-08-06 14:50:27,477,recharge,2,ios,0
T008029,U00753,2026-07-06 04:09:10,3177,shopping,3,ios,0
T009794,U01123,2026-01-20 21:22:35,1117,fuel,1,android,0
T006746,U01300,2026-01-28 17:29:00,2327,transfer,1,ios,0
T000927,U00092,2026-05-03 04:06:03,1007,shopping,2,ios,0
T002688,U01843,2026-06-14 10:09:25,3213,fuel,3,android,0
T008238,U00670,2026-02-13 10:52:27,594,shopping,1,ios,0
T009906,U00993,2026-05-11 19:23:32,790,recharge,3,ios,0
T001251,U01502,2026-01-24 15:18:14,440,grocery,1,android,0
T004188,U01685,2026-06-09 13:06:23,1377,grocery,2,ios,0
T001464,U01438,2026-07-17 17:36:33,1670,grocery,3,android,0
T013570,U00191,2026-08-28 07:57:29,3065,fuel,2,ios,0
T006095,U01014,2026-07-30 11:38:16,2348,fuel,2,android,0
T013565,U00482,2026-05-09 06:13:17,7315,shopping,1,android,0
T015043,U00417,2026-08-28 06:27:00,10000,transfer,1,web,1
T008538,U01015,2026-03-15 20:39:10,3532,grocery,2,android,0
T005897,U00652,2026-07-18 16:37:40,3506,fuel,2,ios,0
T009009,U00950,2026-06-27 00:06:34,2363,grocery,3,ios,0
T007257,U01419,2026-08-31 03:35:50,1005,shopping,3,android,0
T009678,U00868,2026-04-22 05:01:59,4644,fuel,1,android,0
T013191,U00740,2026-08-09 23:47:13,165,grocery,1,ios,0
T000384,U00336,2026-06-24 12:41:48,1003,grocery,1,ios,0
T005148,U01102,2026-03-05 22:48:50,2955,shopping,3,android,0
T005822,U01983,2026-01-28 07:24:54,2356,shopping,1,android,0
T009157,U00135,2026-07-11 22:53:32,1559,shopping,3,android,0
T003039,U01635,2026-08-02 18:50:02,2562,shopping,2,ios,0
T003804,U00422,2026-07-01 11:21:24,831,fuel,2,android,0
T010385,U01137,2026-09-30 23:57:40,275,recharge,1,ios,0
T007888,U01778,2026-07-21 13:52:47,8463,transfer,3,android,0
T007936,U01550,2026-01-06 02:31:38,121,grocery,2,android,0
T001756,U01518,2026-03-14 11:41:18,29135,transfer,3,ios,0
T003675,U00134,2026-02-07 07:08:27,5683,transfer,3,ios,0
T011131,U00666,2026-09-19 09:52:32,430,recharge,3,ios,0
T012451,U00514,2026-06-23 15:26:48,1134,fuel,1,ios,0
T011584,U00888,2026-08-29 04:39:51,353,grocery,1,ios,0
T009441,U00742,2026-09-07 20:40:36,123,grocery,2,android,0
T006113,U00476,2026-02-28 12:33:02,1226,grocery,2,ios,0
T013491,U01830,2026-04-07 15:30:13,86,recharge,2,android,0
T006657,U00238,2026-07-22 16:46:07,2303,grocery,3,ios,0
T011640,U00054,2026-05-24 05:19:54,15474,transfer,2,ios,0
T008127,U01742,2026-06-11 05:08:54,2741,shopping,3,ios,0
T008690,U00669,2026-05-07 17:19:08,7816,shopping,1,ios,0
T001458,U01546,2026-06-10 06:06:00,230,recharge,2,android,0
T004131,U01462,2026-07-23 13:27:31,696,fuel,3,ios,0
T005772,U01929,2026-02-11 11:14:47,778,recharge,3,android,0
T009639,U01988,2026-02-18 16:51:26,2132,shopping,3,android,0
T000668,U01197,2026-06-20 21:50:32,9235,transfer,3,android,0
T011955,U01260,2026-01-25 01:51:32,424,recharge,1,android,0
T007209,U01498,2026-06-27 05:40:03,8233,transfer,3,android,0
T014161,U01640,2026-08-05 16:27:07,4745,shopping,1,android,0
T014122,U00548,2026-06-03 20:08:00,1252,shopping,2,android,0
T012673,U00994,2026-07-20 06:17:30,830,shopping,2,ios,0
T004994,U00972,2026-02-20 14:25:09,15488,shopping,2,android,0
T007030,U01482,2026-04-29 14:25:20,1132,grocery,1,android,0
T009357,U00192,2026-02-20 05:17:10,406,recharge,2,android,0
T012728,U01324,2026-01-11 21:24:04,117,recharge,1,android,0
T003530,U00497,2026-09-19 22:54:19,209,grocery,3,ios,0
T010063,U01402,2026-03-03 07:52:13,5546,transfer,3,ios,0
T007239,U00840,2026-07-10 08:13:20,586,shopping,1,ios,0
T001011,U01409,2026-01-27 23:21:50,694,fuel,1,ios,0
T013602,U00308,2026-02-26 05:32:26,3817,transfer,2,android,0
T010937,U01000,2026-02-21 17:27:05,73,grocery,3,ios,0
T010715,U00285,2026-04-06 15:43:21,111,recharge,1,ios,0
T007483,U01621,2026-05-07 03:51:12,5120,transfer,2,ios,0
T013046,U01309,2026-05-01 14:38:13,1336,shopping,3,android,0
T008888,U01956,2026-07-15 20:49:22,14979,transfer,3,ios,0
T002605,U01207,2026-01-06 12:24:35,10198,shopping,2,ios,0
T006089,U00366,2026-05-09 20:19:53,905,grocery,1,android,0
T003990,U00581,2026-03-13 00:15:22,4315,transfer,1,ios,0
T012872,U00784,2026-08-15 07:16:12,9400,shopping,2,android,0
T008180,U00943,2026-01-10 22:11:50,2283,shopping,2,ios,0
T001365,U01733,2026-06-22 20:41:34,5979,fuel,3,ios,0
T008354,U01603,2026-09-13 18:45:45,2369,grocery,3,ios,0
T004754,U00016,2026-02-05 05:57:32,2453,grocery,3,android,0
T010809,U01483,2026-05-17 19:44:08,1073,grocery,1,ios,0
T007583,U01180,2026-02-09 02:37:15,2678,grocery,1,ios,0
T006029,U00348,2026-02-17 12:54:09,2675,fuel,3,ios,0
T011074,U01976,2026-02-03 15:51:57,490,transfer,3,android,0
T010395,U00952,2026-01-09 12:04:12,32316,transfer,1,ios,0
T003959,U01260,2026-08-30 17:40:15,6602,transfer,3,android,0
T007691,U00441,2026-08-18 08:14:49,9995,shopping,1,ios,0
T008145,U00682,2026-05-16 03:45:14,2078,fuel,1,android,0
T001426,U01675,2026-08-24 03:16:33,2733,fuel,3,ios,0
T005480,U01139,2026-02-24 03:17:44,1738,transfer,3,android,0
T007819,U01520,2026-02-09 22:45:15,212,recharge,3,android,0
T011703,U01795,2026-02-12 02:23:55,4186,shopping,1,android,0
T012538,U00355,2026-04-05 23:56:49,254,recharge,2,ios,0
T005567,U01067,2026-04-30 10:43:17,343,grocery,2,android,0
T014951,U00225,2026-08-15 00:38:02,934,recharge,2,android,0
T001390,U00688,2026-01-27 22:41:43,18926,transfer,1,ios,0
T000913,U01184,2026-05-21 11:22:34,527,fuel,3,ios,0
T012167,U01909,2026-02-14 20:12:43,7108,grocery,3,ios,0
T005442,U00526,2026-05-20 21:15:09,245,grocery,2,android,0
T011351,U01627,2026-06-21 02:48:09,1010,fuel,1,ios,0
T006496,U01101,2026-02-19 15:26:53,4860,fuel,1,ios,0
T010768,U01297,2026-07-09 13:30:59,1674,fuel,3,android,0
T004655,U01284,2026-03-26 05:53:19,1337,transfer,1,ios,0
T006915,U01548,2026-09-22 22:17:39,378,recharge,2,ios,0
T001819,U01010,2026-04-23 13:31:50,219,fuel,1,android,0
T001978,U01661,2026-06-10 11:20:37,2100,fuel,3,android,0
T007846,U01810,2026-03-08 22:29:19,3259,fuel,3,android,0
T012160,U00069,2026-07-16 03:24:25,4056,transfer,1,android,0
T010314,U01611,2026-04-20 07:49:32,1470,fuel,3,android,0
T013543,U01002,2026-09-29 15:30:38,429,fuel,3,android,0
T006960,U01443,2026-02-25 05:19:50,695,shopping,2,web,0
T002048,U01089,2026-03-20 13:38:12,2059,fuel,1,android,0
T012506,U01457,2026-08-25 20:26:25,266,recharge,3,web,0
T012991,U01071,2026-08-04 04:45:01,1638,grocery,2,ios,0
T013637,U00835,2026-07-26 08:24:54,104,recharge,1,ios,0
T009041,U01519,2026-03-21 11:04:39,3623,transfer,1,android,0
T007522,U00085,2026-01-11 05:11:42,244,recharge,2,android,0
T008353,U00138,2026-01-20 23:18:37,743,recharge,2,ios,0
T013160,U00674,2026-06-15 03:42:39,10751,shopping,1,android,0
T014107,U01668,2026-08-20 12:59:42,977,fuel,3,ios,0
T002839,U01606,2026-02-13 19:35:36,4266,shopping,2,android,0
T014288,U00401,2026-04-28 19:09:46,3833,fuel,1,android,0
T003054,U00174,2026-02-24 21:01:53,640,grocery,1,android,0
T000103,U00949,2026-09-24 10:29:40,107,recharge,1,android,0
T010727,U00505,2026-02-09 18:24:16,5874,transfer,1,android,0
T001419,U00796,2026-09-28 15:10:10,590,grocery,3,android,0
T009887,U01328,2026-02-09 17:44:42,522,grocery,3,ios,0
T007423,U01856,2026-05-20 00:36:10,643,grocery,3,android,0
T011691,U00875,2026-07-12 02:52:20,758,fuel,3,android,0
T005064,U01210,2026-03-17 11:55:54,134,recharge,1,android,0
T008319,U01897,2026-09-19 18:04:45,1568,fuel,3,android,0
T001171,U01725,2026-05-17 04:37:08,264,grocery,2,android,0
T004273,U01522,2026-05-30 02:27:55,13348,transfer,3,android,0
T005270,U01770,2026-04-09 21:37:30,3446,shopping,3,android,0
T008612,U00839,2026-01-14 08:26:12,1052,fuel,2,android,0
T011817,U01160,2026-09-09 12:31:04,1204,transfer,2,android,0
T006881,U01245,2026-05-04 01:55:08,811,fuel,1,ios,0
T003066,U00577,2026-01-09 17:58:13,3119,grocery,2,ios,0
T000935,U01181,2026-03-11 14:08:12,546,recharge,2,ios,0
T013862,U00121,2026-03-27 07:59:52,6639,shopping,3,android,0
T010192,U01245,2026-08-20 06:41:43,192,grocery,2,ios,0
T007910,U00113,2026-08-13 18:27:29,156,recharge,1,android,0
T013183,U00986,2026-07-05 07:23:26,547,grocery,2,ios,0
T004690,U00076,2026-05-24 16:27:17,154,recharge,2,web,0
T013994,U01577,2026-01-15 03:24:48,4216,transfer,1,ios,0
T000862,U00717,2026-02-09 08:32:11,1313,fuel,2,ios,0
T000204,U00096,2026-06-24 23:00:25,2129,shopping,1,android,0
T000965,U01182,2026-08-03 17:27:10,2299,transfer,3,ios,0
T009614,U00285,2026-08-29 07:22:13,118,recharge,3,ios,0
T001057,U01695,2026-08-29 04:38:26,11465,transfer,3,android,0
T012376,U00346,2026-03-28 22:04:20,4397,transfer,2,android,0
T010185,U00943,2026-07-22 14:58:53,11431,fuel,2,ios,0
T005529,U01587,2026-06-12 05:59:34,955,grocery,1,ios,0
T007270,U01753,2026-07-10 01:17:21,14400,transfer,1,ios,0
T007301,U00150,2026-09-26 11:07:48,755,grocery,3,android,0
T001749,U00416,2026-02-21 12:32:01,13901,transfer,1,ios,0
T007665,U00365,2026-02-15 21:51:21,4906,transfer,1,ios,0
T000142,U01551,2026-03-06 22:05:19,1837,transfer,1,ios,0
T007884,U00008,2026-07-08 20:33:46,3345,shopping,3,android,0
T008607,U00032,2026-06-01 20:54:13,13953,transfer,2,android,0
T006859,U00139,2026-04-01 19:42:53,5591,transfer,2,android,0
T009711,U00080,2026-01-01 10:44:03,1812,grocery,1,ios,0
T007357,U01740,2026-01-11 15:59:14,22681,transfer,2,android,0
T013986,U00214,2026-07-05 07:56:14,7126,shopping,3,android,0
T012844,U01042,2026-06-13 17:15:50,5812,transfer,1,android,0
T012647,U01087,2026-04-20 20:59:57,2524,transfer,1,android,0
T012779,U00362,2026-04-03 18:11:09,10075,transfer,3,android,0
T008095,U00064,2026-08-18 23:12:09,12212,fuel,3,android,0
T008346,U01669,2026-02-07 00:29:13,210,recharge,3,android,0
T004718,U01730,2026-09-11 01:27:05,3630,shopping,3,android,0
T001546,U00533,2026-08-16 09:12:18,8740,transfer,1,ios,0
T005700,U00883,2026-06-06 17:23:58,210,recharge,1,android,0
T003928,U01718,2026-08-17 23:09:54,359,grocery,3,android,0
T012353,U00432,2026-08-24 22:54:43,788,recharge,1,ios,0
T012627,U01476,2026-02-26 22:39:16,959,grocery,3,ios,0
T011115,U01093,2026-09-16 14:40:24,466,recharge,2,ios,0
T010510,U01606,2026-09-06 04:46:16,9506,transfer,2,android,0
T010433,U01153,2026-06-19 02:43:21,631,grocery,1,ios,0
T006654,U00023,2026-02-03 15:42:06,196,recharge,3,ios,0
T009701,U01870,2026-03-24 13:10:01,4973,transfer,2,ios,0
T012968,U01486,2026-08-27 23:29:01,1191,recharge,1,ios,0
T003389,U00153,2026-06-15 11:24:23,115,recharge,1,ios,0
T006841,U01496,2026-08-06 12:07:54,425,grocery,1,ios,0
T009881,U01445,2026-04-14 13:31:13,1550,grocery,2,android,0
T000016,U00220,2026-03-16 12:56:11,1024,grocery,3,ios,0
T006085,U00144,2026-06-24 05:39:49,1203,fuel,3,ios,0
T011668,U00232,2026-08-20 07:47:41,43,recharge,3,android,0
T011356,U00131,2026-02-24 13:25:50,1082,grocery,1,android,0
T001824,U01542,2026-06-04 05:32:08,2912,grocery,1,ios,0
T014733,U00083,2026-01-17 06:24:12,2695,shopping,1,ios,0
T008930,U00010,2026-06-12 02:02:08,1910,fuel,3,android,0
T001045,U01346,2026-05-18 18:17:38,9575,shopping,2,android,0
T002145,U00790,2026-04-09 22:11:07,2425,transfer,3,ios,0
T003813,U00958,2026-07-24 23:59:13,738,grocery,3,android,0
T013086,U00168,2026-09-09 16:28:03,1561,fuel,2,android,0
T003044,U00984,2026-05-07 12:36:18,341,recharge,2,web,0
T013545,U00246,2026-01-19 19:58:15,1960,fuel,2,android,0
T003777,U01589,2026-08-20 07:32:13,109,recharge,1,ios,0
T010208,U01852,2026-02-22 17:25:49,249,recharge,2,android,0
T011087,U01376,2026-04-11 19:27:55,300,fuel,2,android,0
T005488,U01833,2026-02-28 00:06:33,870,fuel,2,android,0
T010814,U00457,2026-08-18 11:43:55,9644,grocery,3,android,0
T001615,U00130,2026-07-22 18:12:02,4270,fuel,1,android,0
T014225,U01768,2026-01-29 21:53:30,2037,fuel,2,ios,0
T013074,U00379,2026-09-03 22:12:00,6348,shopping,1,ios,0
T010573,U00182,2026-02-24 20:07:10,11633,shopping,2,android,0
T001590,U00602,2026-04-02 07:31:28,6921,transfer,2,ios,0
T013594,U00026,2026-09-12 21:14:08,988,shopping,3,android,0
T000524,U00014,2026-06-10 23:33:02,1966,transfer,3,android,0
T008076,U00772,2026-06-15 17:06:16,5105,fuel,2,android,0
T002067,U00094,2026-07-07 21:45:41,1562,grocery,1,android,0
T012105,U00853,2026-09-24 09:26:38,956,shopping,2,ios,0
T002191,U00944,2026-08-19 11:04:58,1066,shopping,3,ios,0
T011055,U01513,2026-03-31 21:42:55,15832,shopping,3,android,0
T004583,U01546,2026-06-22 22:32:30,3081,grocery,3,android,0
T008334,U00424,2026-01-22 18:58:54,6151,transfer,2,android,0
T010382,U00557,2026-09-06 20:41:27,1218,shopping,2,ios,0
T005790,U01429,2026-06-08 01:22:47,135,recharge,1,ios,0
T005572,U00797,2026-04-09 08:02:01,762,grocery,2,android,0
T013981,U00523,2026-08-24 17:51:39,1599,grocery,3,android,0
T010249,U01041,2026-02-05 04:56:18,11043,fuel,3,android,0
T010082,U00031,2026-06-11 18:51:58,1199,recharge,1,ios,0
T007424,U01165,2026-03-14 13:05:22,1588,recharge,3,android,0
T014556,U00146,2026-02-09 19:51:28,258,recharge,3,ios,0
T007806,U01885,2026-02-14 16:34:08,7055,transfer,3,ios,0
T011907,U01818,2026-07-28 13:47:25,99,recharge,2,ios,0
T000418,U01093,2026-02-06 02:02:29,731,grocery,2,ios,0
T005662,U01215,2026-05-23 22:28:50,122,recharge,3,android,0
T012238,U01700,2026-05-27 11:00:31,5105,transfer,1,android,0
T013725,U01121,2026-06-16 16:44:28,756,recharge,1,ios,0
T013315,U01045,2026-09-26 13:02:02,590,recharge,2,android,0
T012547,U00157,2026-02-24 10:41:58,1041,fuel,2,android,0
T011890,U00850,2026-07-20 19:06:03,1278,fuel,2,ios,0
T002475,U01716,2026-04-02 17:25:50,1064,shopping,2,ios,0
T006981,U00178,2026-02-26 20:48:25,4287,shopping,1,ios,0
T013641,U00579,2026-02-27 23:49:30,1338,fuel,3,android,0
T004242,U01382,2026-04-17 02:05:00,14228,transfer,3,ios,0
T005234,U00163,2026-09-27 02:25:12,2406,transfer,2,ios,0
T013447,U01674,2026-02-14 22:28:14,17386,transfer,3,ios,0
T001311,U00228,2026-02-19 01:11:39,1837,grocery,3,android,0
T007976,U01598,2026-03-11 08:34:22,8277,transfer,2,ios,0
T010033,U00301,2026-04-26 18:31:34,313,recharge,1,android,0
T015098,U01130,2026-09-21 23:23:00,1000,transfer,1,web,1
T010284,U01057,2026-06-04 19:25:05,63,recharge,3,android,0
T013852,U01231,2026-03-04 05:25:23,535,fuel,2,ios,0
T001403,U00423,2026-04-17 03:31:36,15929,transfer,3,android,0
T007303,U00022,2026-07-11 14:58:15,2405,transfer,1,android,0
T010945,U00009,2026-04-27 02:35:42,3806,shopping,1,ios,0
T011057,U00828,2026-07-23 02:48:01,4397,transfer,3,ios,0
T010941,U01957,2026-09-08 17:28:50,8310,fuel,3,android,0
T005481,U01529,2026-09-21 02:38:26,6296,fuel,2,ios,0
T010456,U01241,2026-04-29 00:24:42,2510,shopping,3,ios,0
T007600,U01511,2026-08-07 17:53:38,13628,transfer,1,ios,0
T010477,U01624,2026-08-12 12:33:54,1965,fuel,2,android,0
T001816,U01199,2026-08-03 19:36:17,886,grocery,3,ios,0
T004766,U01806,2026-09-11 16:51:54,682,fuel,2,android,0
T012737,U01980,2026-06-05 14:12:16,4347,fuel,2,ios,0
T009099,U01948,2026-06-09 21:54:17,10494,transfer,1,ios,0
T006773,U01271,2026-06-21 20:50:37,396,recharge,1,ios,0
T014237,U01864,2026-05-28 08:43:02,14774,transfer,1,android,0
T001908,U01765,2026-07-13 05:04:05,2035,shopping,3,ios,0
T006543,U01925,2026-08-05 06:48:53,2303,shopping,1,ios,0
T003249,U01349,2026-04-15 11:49:20,676,grocery,1,android,0
T011326,U00511,2026-04-21 17:20:52,209,recharge,3,ios,0
T004875,U00163,2026-01-29 23:30:30,3941,transfer,3,ios,0
T009763,U00385,2026-03-15 18:05:06,809,grocery,1,ios,0
T012059,U01439,2026-03-27 05:36:49,4180,transfer,3,android,0
T000747,U01693,2026-03-19 06:48:09,1617,shopping,2,ios,0
T013136,U01175,2026-06-19 07:11:43,5740,transfer,2,ios,0
T009500,U00277,2026-08-06 00:21:18,794,shopping,1,android,0
T001521,U01879,2026-08-24 01:45:59,203,recharge,2,web,0
T001714,U00487,2026-01-19 00:05:29,5167,transfer,2,ios,0
T000087,U00687,2026-04-13 02:52:06,10845,transfer,2,ios,0
T003805,U01616,2026-04-07 04:10:20,1678,transfer,2,android,0
T012287,U01377,2026-06-04 17:39:40,1719,fuel,2,android,0
T012463,U01092,2026-01-21 01:32:57,5741,shopping,1,android,0
T014677,U01185,2026-05-29 04:51:16,7651,fuel,2,android,0
T010585,U01985,2026-04-27 03:02:04,7078,transfer,3,ios,0
T006518,U01965,2026-05-16 00:15:20,564,recharge,3,android,0
T005598,U00247,2026-09-19 21:12:36,9573,transfer,1,ios,0
T007135,U00573,2026-04-29 05:21:43,1738,fuel,3,ios,0
T014123,U00605,2026-02-04 15:30:27,2320,shopping,3,android,0
T010278,U00327,2026-07-08 14:34:04,1723,grocery,1,android,0
T000741,U01057,2026-06-29 04:34:13,1910,shopping,3,android,0
T011713,U00217,2026-09-13 06:42:08,2820,transfer,1,ios,0
T009798,U00038,2026-05-07 20:29:11,2280,fuel,1,android,0
T000906,U00871,2026-08-31 15:10:08,3183,fuel,3,android,0
T012735,U00386,2026-08-20 12:49:05,7280,transfer,1,android,0
T013461,U01152,2026-08-04 04:19:52,301,recharge,2,android,0
T001934,U01878,2026-01-21 18:32:12,565,recharge,2,android,0
T005799,U01415,2026-04-08 16:02:03,15667,transfer,1,android,0
T004029,U01388,2026-02-11 12:47:04,507,grocery,1,android,0
T002422,U01278,2026-03-04 23:49:29,984,fuel,1,ios,0
T004603,U01783,2026-07-14 17:39:42,373,grocery,2,android,0
T005496,U01693,2026-01-24 23:21:48,586,grocery,3,ios,0
T014278,U01640,2026-04-22 07:31:42,16351,transfer,3,android,0
T002591,U01211,2026-01-04 12:45:03,6121,shopping,1,ios,0
T006826,U01328,2026-01-01 18:21:11,3706,shopping,1,ios,0
T010343,U00770,2026-01-07 17:29:33,1370,shopping,3,ios,0
T004003,U01255,2026-08-14 23:05:44,540,grocery,2,ios,0
T009119,U01858,2026-06-22 17:40:39,2629,grocery,1,ios,0
T008495,U00845,2026-01-02 08:54:04,1551,grocery,3,ios,0
T005361,U00148,2026-09-25 01:35:11,9611,transfer,1,ios,0
T008522,U01942,2026-07-02 11:17:48,8242,grocery,1,ios,0
T009647,U01160,2026-07-08 14:37:39,934,fuel,2,android,0
T001451,U00579,2026-01-05 05:43:33,1013,fuel,2,android,0
T009556,U01898,2026-02-26 12:40:19,365,grocery,1,ios,0
T004103,U00011,2026-02-07 15:47:19,1821,shopping,2,android,0
T014453,U01389,2026-01-16 20:09:23,3777,fuel,2,android,0
T014584,U01261,2026-07-18 06:47:02,356,fuel,2,ios,0
T007564,U00148,2026-06-15 07:17:11,8143,fuel,1,ios,0
T008615,U01680,2026-07-10 19:32:01,356,recharge,3,android,0
T002699,U01514,2026-04-24 13:27:55,933,grocery,2,android,0
T014134,U00247,2026-09-06 16:23:48,202,recharge,3,web,0
T013899,U00603,2026-09-13 21:59:48,2837,transfer,3,android,0
T002651,U01772,2026-01-16 10:53:02,20608,shopping,3,ios,0
T010285,U00661,2026-04-09 18:23:11,6095,shopping,2,android,0
T013775,U00384,2026-09-06 16:31:39,1385,shopping,2,ios,0
T001235,U01331,2026-02-10 05:50:11,2382,transfer,2,android,0
T014135,U01368,2026-06-26 10:37:20,2389,transfer,2,ios,0
T004446,U00775,2026-05-17 16:50:03,2289,fuel,1,android,0
T003315,U01877,2026-02-26 21:56:30,1223,transfer,1,ios,0
T002492,U01588,2026-06-24 14:57:33,768,shopping,3,android,0
T010399,U00679,2026-06-20 13:14:38,4616,transfer,1,android,0
T008008,U00235,2026-01-14 03:48:33,599,recharge,3,android,0
T004774,U00009,2026-02-02 01:56:50,1606,shopping,1,ios,0
T003028,U01195,2026-03-07 04:45:50,5755,transfer,3,android,0
T013091,U01133,2026-08-21 21:49:01,199,shopping,2,ios,0
T014444,U00347,2026-07-18 14:01:01,812,grocery,1,ios,0
T012904,U01912,2026-02-08 01:24:39,337,recharge,2,ios,0
T006204,U00642,2026-09-15 07:11:38,3055,grocery,3,ios,0
T009455,U01536,2026-02-07 14:24:23,4192,fuel,2,android,0
T003022,U01429,2026-05-17 07:54:16,2211,shopping,2,ios,0
T000892,U01672,2026-04-19 14:53:52,12121,grocery,2,android,0
T001181,U01202,2026-09-13 15:50:43,344,recharge,2,android,0
T001123,U01225,2026-02-07 11:45:17,238,recharge,3,android,0
T000133,U01896,2026-04-26 11:58:29,4993,shopping,2,android,0
T001611,U00141,2026-01-02 07:01:16,4503,grocery,1,ios,0
T001062,U01338,2026-04-12 07:35:17,340,grocery,1,ios,0
T014192,U01107,2026-07-09 06:33:39,1378,grocery,3,android,0
T012546,U01379,2026-03-19 14:37:47,1073,fuel,1,web,0
T002471,U01727,2026-06-10 19:38:03,556,recharge,2,android,0
T008119,U00584,2026-01-15 18:52:46,595,grocery,2,android,0
T008096,U00167,2026-03-20 12:00:33,953,shopping,1,ios,0
T008947,U00787,2026-03-31 21:56:06,3059,transfer,3,ios,0
T013875,U00832,2026-06-06 18:46:04,87,recharge,3,ios,0
T003812,U01656,2026-09-07 01:36:04,486,recharge,3,android,0
T007362,U01280,2026-06-03 12:09:46,4235,shopping,2,ios,0
T000936,U01563,2026-02-18 03:26:56,20750,transfer,3,ios,0
T002141,U01879,2026-07-12 07:31:34,3441,transfer,3,android,0
T000903,U01048,2026-03-29 04:24:46,50000,transfer,1,web,1
T004017,U00385,2026-03-24 17:43:29,492,recharge,3,ios,0
T005198,U01659,2026-07-04 11:54:52,6243,grocery,1,ios,0
T003070,U01037,2026-04-13 06:59:14,901,fuel,1,ios,0
T004838,U01459,2026-08-13 13:55:37,1983,shopping,3,android,0
T000788,U00894,2026-07-09 18:17:08,415,recharge,3,ios,0
T003178,U01490,2026-01-25 07:03:37,6468,shopping,2,android,0
T011749,U00082,2026-04-14 17:43:09,683,fuel,3,android,0
T009430,U01758,2026-06-01 03:10:26,1872,grocery,1,ios,0
T006601,U01930,2026-04-05 17:04:52,377,fuel,3,android,0
T011033,U01588,2026-06-05 16:00:32,767,fuel,2,android,0
T010864,U00503,2026-09-05 09:59:35,302,recharge,3,ios,0
T010961,U00843,2026-09-18 01:48:02,284,grocery,1,ios,0
T003712,U01527,2026-02-22 16:25:28,319,shopping,2,ios,0
T006669,U01075,2026-01-27 23:31:09,999,grocery,3,ios,0
T001233,U00790,2026-07-28 16:23:07,1302,grocery,2,ios,0
T007962,U01654,2026-06-11 14:59:32,16007,transfer,2,ios,0
T003815,U00374,2026-02-06 20:05:32,5516,fuel,3,ios,0
T003000,U01957,2026-03-11 03:09:33,1384,recharge,2,android,0
T011310,U01093,2026-08-26 00:03:59,139,recharge,1,ios,0
T014638,U00379,2026-05-28 14:39:42,1667,shopping,3,ios,0
T009648,U00689,2026-06-17 08:10:18,4033,grocery,2,ios,0
T007561,U00785,2026-04-11 00:01:12,613,recharge,2,ios,0
T008435,U01466,2026-07-05 12:37:59,1299,grocery,3,android,0
T012346,U00048,2026-07-22 04:10:15,4742,shopping,1,android,0
T000404,U01901,2026-09-21 09:15:36,433,grocery,3,android,0
T010006,U00201,2026-03-11 16:55:07,97,grocery,1,android,0
T005812,U00085,2026-08-08 19:12:44,1435,fuel,2,android,0
T015033,U00606,2026-01-11 23:01:00,10000,transfer,3,web,1
T010004,U01386,2026-06-21 18:47:46,972,grocery,3,android,0
T007656,U01410,2026-09-21 04:11:55,1003,grocery,3,android,0
T012834,U00324,2026-02-11 07:48:13,2889,fuel,2,android,0
T002312,U00826,2026-08-26 17:59:28,8237,transfer,1,android,0
T012618,U00643,2026-08-02 20:26:59,350,grocery,1,android,0
T004730,U01703,2026-04-15 16:49:12,4120,shopping,1,ios,0
T007797,U01823,2026-06-19 10:45:10,1888,shopping,3,android,0
T001881,U01373,2026-04-14 17:52:25,1676,transfer,3,ios,0
T000074,U00784,2026-02-25 11:29:13,326,fuel,3,android,0
T010358,U00080,2026-04-14 14:46:03,3843,shopping,3,ios,0
T004491,U00901,2026-02-12 20:46:58,7562,shopping,3,ios,0
T013891,U00297,2026-03-01 11:57:05,809,recharge,2,ios,0
T005849,U01478,2026-05-29 10:52:20,98,recharge,2,android,0
T011782,U01737,2026-03-22 11:20:17,2276,recharge,2,ios,0
T010545,U00839,2026-05-21 01:49:44,222,recharge,2,ios,0
T010738,U00160,2026-08-11 00:54:24,1862,transfer,3,android,0
T003275,U00258,2026-05-09 03:26:31,428,shopping,1,android,0
T014905,U01187,2026-01-18 08:05:32,7417,shopping,3,android,0
T007460,U01017,2026-03-17 18:47:16,4046,shopping,3,android,0
T000071,U00626,2026-02-06 23:10:34,720,fuel,2,ios,0
T012424,U00411,2026-01-17 22:03:53,2234,shopping,1,android,0
T003155,U01100,2026-05-11 14:24:32,2786,transfer,3,ios,0
T013835,U01759,2026-01-30 10:18:42,1085,grocery,2,ios,0
T004914,U00895,2026-07-07 15:41:01,777,grocery,3,android,0
T010591,U00954,2026-02-21 02:22:26,315,recharge,3,ios,0
T007470,U01423,2026-06-16 05:44:01,1077,grocery,2,android,0
T010944,U00367,2026-09-06 07:59:42,7517,transfer,2,ios,0
T000841,U01275,2026-04-12 05:39:42,751,transfer,1,ios,0
T013427,U01078,2026-08-22 00:11:54,7577,transfer,1,ios,0
T012740,U00057,2026-08-28 13:58:36,144,recharge,1,ios,0
T001241,U00604,2026-02-19 22:12:05,693,fuel,3,ios,0
T000761,U00206,2026-06-01 18:58:53,315,fuel,2,ios,0
T013716,U00549,2026-08-26 15:22:15,8073,shopping,3,android,0
T009261,U01579,2026-06-24 13:35:00,7847,fuel,1,android,0
T012034,U01445,2026-04-13 13:14:22,489,fuel,1,android,0
T006126,U01748,2026-03-30 21:41:35,9110,transfer,2,ios,0
T014564,U01385,2026-03-20 06:43:20,358,grocery,2,android,0
T008317,U01465,2026-05-09 22:56:31,13416,shopping,1,ios,0
T009388,U01509,2026-01-01 10:46:31,111,recharge,3,android,0
T003165,U01864,2026-02-15 15:43:04,5160,shopping,2,android,0
T008175,U01451,2026-08-13 21:21:46,1106,shopping,3,ios,0
T003316,U00679,2026-07-05 04:15:44,1446,fuel,1,android,0
T003836,U01813,2026-02-28 09:27:55,430,fuel,3,android,0
T011024,U01289,2026-03-29 15:32:57,495,recharge,2,ios,0
T010009,U01546,2026-07-15 17:32:17,2319,fuel,1,android,0
T004093,U01520,2026-03-04 02:27:37,503,recharge,3,android,0
T004018,U00089,2026-01-18 11:17:08,9739,transfer,2,ios,0
T004070,U00287,2026-04-09 16:58:38,257,grocery,1,android,0
T001510,U01352,2026-07-05 14:09:43,1092,shopping,2,android,0
T001056,U00698,2026-09-07 10:02:22,1582,fuel,3,android,0
T012195,U01529,2026-08-10 21:46:46,494,recharge,2,ios,0
T008163,U01026,2026-08-30 18:59:43,2077,grocery,2,android,0
T007176,U01094,2026-07-21 20:34:29,557,recharge,2,android,0
T010556,U01006,2026-02-21 11:24:08,2012,shopping,2,android,0
T008655,U00584,2026-05-13 22:17:15,7276,transfer,1,web,0
T010639,U00086,2026-02-25 03:42:00,2750,shopping,1,ios,0
T009609,U01823,2026-08-23 15:25:19,883,grocery,3,android,0
T001259,U00885,2026-06-22 02:54:28,137,recharge,1,ios,0
T015014,U01573,2026-02-08 14:53:00,2000,transfer,2,web,1
T006959,U00643,2026-05-15 18:44:34,450,recharge,1,android,0
T000164,U01451,2026-03-28 08:34:30,5538,shopping,1,ios,0
T002652,U00136,2026-07-11 21:27:44,427,recharge,3,android,0
T000396,U01239,2026-05-03 21:53:13,124,recharge,2,ios,0
T007110,U01824,2026-02-18 00:15:04,43,recharge,2,ios,0
T011571,U00285,2026-06-28 14:58:59,5963,shopping,3,ios,0
T012848,U00272,2026-02-12 19:53:50,23835,transfer,3,ios,0
T007278,U00778,2026-03-01 23:20:03,743,grocery,3,web,0
T002799,U01660,2026-01-18 21:35:28,560,fuel,3,android,0
T005008,U01076,2026-04-20 15:52:23,12219,transfer,2,android,0
T013197,U01562,2026-07-15 01:18:34,2162,fuel,3,ios,0
T004517,U00662,2026-04-01 23:56:36,2000,recharge,3,ios,1
T013361,U01338,2026-08-20 14:58:47,3244,transfer,3,ios,0
T013024,U01174,2026-05-11 23:48:46,1283,grocery,2,ios,0
T012344,U01750,2026-06-11 22:38:38,136,recharge,1,android,0
T012996,U00397,2026-08-24 16:31:02,854,shopping,2,ios,0
T006276,U01834,2026-08-03 04:52:39,950,shopping,1,android,0
T011839,U01288,2026-03-18 16:11:20,431,grocery,2,web,0
T008377,U01169,2026-01-22 17:05:23,528,fuel,2,ios,0
T014545,U01546,2026-01-28 00:49:59,861,fuel,2,android,0
T002122,U00005,2026-01-31 15:13:37,13296,shopping,2,ios,0
T014435,U00966,2026-06-06 03:04:14,4501,fuel,1,web,0
T006323,U00146,2026-01-20 03:11:38,392,grocery,1,ios,0
T005068,U01373,2026-03-26 03:00:21,2228,fuel,3,ios,0
T001760,U00060,2026-06-24 14:58:44,873,recharge,1,android,0
T005750,U00666,2026-06-15 03:27:09,531,grocery,1,ios,0
T012549,U00004,2026-05-17 01:39:50,1693,shopping,3,android,0
T007963,U00824,2026-06-04 08:33:05,145,recharge,1,android,0
T012804,U01556,2026-01-16 12:41:58,572,grocery,1,ios,0
T013550,U00250,2026-07-05 12:11:18,18879,shopping,1,ios,0
T010261,U01680,2026-03-01 20:58:48,5597,transfer,3,ios,0
T001141,U00512,2026-07-03 21:28:35,1002,grocery,1,ios,0
T003340,U00593,2026-01-31 11:35:53,524,grocery,1,android,0
T002676,U00624,2026-04-27 13:00:12,2219,fuel,1,android,0
T012016,U00209,2026-03-06 17:56:21,2003,fuel,2,android,0
T010978,U00001,2026-02-26 15:38:57,773,fuel,3,android,0
T006464,U00831,2026-07-26 13:49:52,1466,recharge,3,android,0
T006936,U00632,2026-08-14 09:14:11,6772,shopping,3,ios,0
T007420,U00717,2026-01-24 12:58:39,7985,transfer,3,ios,0
T008898,U01403,2026-09-29 17:35:46,1743,shopping,1,android,0
T013743,U00199,2026-04-24 01:33:09,4152,fuel,3,ios,0
T009381,U01835,2026-04-01 15:49:17,3026,shopping,3,ios,0
T008205,U00399,2026-07-29 07:32:03,1958,shopping,1,ios,0
T000443,U00970,2026-09-12 21:20:40,3272,shopping,1,ios,0
T006086,U01304,2026-05-05 14:41:12,1279,fuel,2,android,0
T007348,U00330,2026-09-17 02:26:16,3916,shopping,3,android,0
T011102,U01956,2026-08-06 07:58:15,317,recharge,2,ios,0
T003247,U01924,2026-09-12 19:08:31,1222,grocery,1,android,0
T000701,U01377,2026-08-17 10:05:28,1054,shopping,3,android,0
T009708,U00941,2026-06-08 16:53:07,6267,fuel,3,android,0
T014774,U00471,2026-09-27 14:26:39,1828,transfer,2,ios,0
T014658,U01159,2026-06-16 10:22:22,9756,shopping,1,ios,0
T010243,U00976,2026-08-03 01:33:59,5030,transfer,3,ios,0
T006036,U00778,2026-01-23 15:55:19,3142,transfer,1,ios,0
T013264,U00210,2026-08-01 14:24:43,797,fuel,1,ios,0
T012760,U01201,2026-02-17 17:22:06,783,fuel,2,ios,0
T006144,U00773,2026-06-18 01:09:03,8188,shopping,3,android,1
T002353,U01643,2026-02-16 00:09:47,2104,fuel,1,ios,0
T014369,U01012,2026-07-10 17:19:59,661,shopping,1,android,0
T009017,U01094,2026-05-05 22:26:06,1358,transfer,3,android,0
T014001,U01376,2026-07-13 16:21:29,4444,fuel,2,android,0
T005952,U00134,2026-04-17 06:04:31,494,recharge,2,android,0
T003073,U00123,2026-09-16 12:32:21,1037,fuel,2,ios,0
T005077,U01988,2026-07-02 01:26:12,482,grocery,2,web,0
T001132,U00331,2026-08-03 17:52:42,220,recharge,2,ios,0
T010965,U00813,2026-07-19 00:16:40,10720,transfer,2,ios,0
T005477,U01518,2026-01-02 01:35:32,5000,fuel,1,ios,1
T002349,U00006,2026-05-12 00:27:09,18275,transfer,1,android,0
T013280,U00839,2026-01-20 07:10:41,908,fuel,2,ios,0
T007960,U00799,2026-05-13 02:56:45,7200,transfer,1,ios,0
T005635,U00677,2026-02-07 18:36:18,577,recharge,2,android,0
T002622,U00272,2026-01-28 16:28:52,243,recharge,3,ios,0
T010486,U01524,2026-03-21 02:59:06,2204,transfer,2,ios,0
T006744,U00023,2026-06-01 22:18:49,305,recharge,1,ios,0
T003748,U00148,2026-08-04 17:07:32,1148,fuel,3,ios,0
T009731,U00444,2026-07-16 01:45:30,17711,shopping,3,ios,0
T001216,U01143,2026-05-15 12:22:04,1439,grocery,2,android,0
T008955,U00370,2026-05-02 15:09:27,7864,shopping,3,ios,0
T014438,U01959,2026-01-03 04:51:59,2784,shopping,3,android,0
T003369,U01679,2026-06-23 22:21:42,4913,shopping,3,android,0
T012208,U01497,2026-03-06 23:10:48,627,fuel,2,android,0
T010953,U00171,2026-09-14 07:14:48,819,grocery,1,android,0
T006212,U01756,2026-07-26 16:36:59,756,recharge,2,android,0
T005699,U01323,2026-02-10 14:59:40,1493,fuel,2,ios,0
T005827,U01262,2026-08-05 10:46:57,1806,shopping,3,android,0
T003034,U00891,2026-04-07 17:40:52,458,recharge,2,android,0
T013202,U01409,2026-08-26 16:54:49,2670,shopping,1,ios,0
T001373,U01020,2026-07-24 21:07:24,561,recharge,3,android,0
T008423,U00458,2026-06-27 13:46:25,775,recharge,3,android,0
T000433,U00356,2026-05-30 08:41:08,11450,transfer,1,android,0
T006284,U00820,2026-05-12 00:59:14,4027,shopping,3,ios,0
T003227,U01809,2026-05-26 11:23:14,4090,transfer,2,ios,0
T010282,U01901,2026-05-25 16:13:10,5680,transfer,2,android,0
T000095,U00309,2026-07-30 07:34:01,182,grocery,2,ios,0
T006420,U00526,2026-01-29 14:55:23,59,recharge,2,android,0
T004897,U01726,2026-07-03 09:10:38,71,recharge,2,ios,0
T005364,U00463,2026-03-11 10:32:27,2328,shopping,3,ios,0
T010409,U01895,2026-03-21 16:41:36,811,shopping,2,android,0
T002499,U00088,2026-07-19 07:09:38,6142,transfer,1,ios,0
T012232,U00090,2026-06-18 13:23:21,1059,grocery,3,android,0
T014332,U00244,2026-01-30 10:20:51,613,recharge,2,ios,0
T014058,U01603,2026-05-30 17:39:32,624,grocery,1,ios,0
T003579,U01010,2026-07-04 08:59:01,1511,grocery,2,android,0
T004868,U00722,2026-09-08 10:32:37,5041,shopping,3,ios,0
T002813,U00214,2026-07-13 18:34:52,660,grocery,3,android,0
T014086,U00922,2026-08-15 06:56:15,322,recharge,3,ios,0
T006176,U00371,2026-04-13 15:10:02,7098,shopping,2,ios,0
T002528,U00310,2026-05-11 19:31:00,116,grocery,3,ios,0
T005203,U01871,2026-01-02 11:25:29,231,recharge,3,ios,0
T014222,U00097,2026-05-04 22:26:53,4782,transfer,1,android,0
T004691,U01351,2026-08-21 20:37:52,7228,shopping,3,ios,0
T003248,U00740,2026-01-26 22:50:15,214,recharge,2,ios,0
T000141,U00072,2026-08-10 22:37:48,5145,shopping,3,ios,0
T004033,U01736,2026-01-22 04:22:29,1806,transfer,2,web,1
T008315,U01155,2026-05-23 18:18:54,6050,fuel,2,android,0
T005443,U00238,2026-04-14 05:58:15,1148,fuel,3,web,1
T002313,U00517,2026-01-09 23:42:18,1877,grocery,2,ios,0
T012999,U00549,2026-08-23 23:36:35,94,grocery,2,android,0
T012603,U00244,2026-01-04 21:13:54,3294,transfer,2,ios,0
T004050,U01555,2026-03-02 00:34:33,3474,transfer,2,android,0
T009497,U00700,2026-09-15 15:59:08,935,recharge,2,android,0
T001662,U01501,2026-03-18 18:10:54,523,fuel,1,android,0
T002100,U00256,2026-08-16 14:47:14,3423,fuel,1,android,0
T013389,U01169,2026-02-11 08:05:21,153,recharge,3,ios,0
T013303,U01521,2026-04-19 05:32:11,964,grocery,3,android,0
T012717,U01970,2026-08-14 11:09:48,12116,transfer,3,android,0
T007350,U01131,2026-04-11 06:12:32,1466,grocery,2,ios,0
T000357,U00231,2026-03-15 23:29:35,2529,transfer,2,android,0
T001965,U00189,2026-02-23 12:07:00,2216,shopping,3,android,0
T008944,U01923,2026-07-28 18:37:42,2065,fuel,1,android,0
T001806,U00751,2026-05-24 05:47:06,1068,shopping,3,android,0
T008883,U00282,2026-09-21 17:06:38,3516,shopping,1,ios,0
T009642,U00215,2026-07-14 17:02:12,4516,shopping,2,ios,0
T014326,U00517,2026-02-25 11:21:33,3468,transfer,1,ios,0
T010980,U00151,2026-02-18 07:19:22,1088,grocery,1,ios,0
T014258,U01403,2026-04-02 11:18:50,3523,shopping,2,android,0
T011290,U00708,2026-06-04 00:56:45,1740,transfer,3,ios,0
T011820,U01803,2026-08-28 23:28:59,3472,fuel,3,android,0
T007398,U01898,2026-08-22 21:40:05,6234,transfer,1,ios,0
T012485,U00116,2026-03-18 07:12:08,764,grocery,2,android,0
T008059,U00905,2026-02-16 07:03:16,4081,transfer,2,ios,0
T011648,U00506,2026-06-07 11:53:14,9876,transfer,2,ios,0
T014092,U01314,2026-04-11 06:00:52,6460,shopping,2,android,0
T004159,U00784,2026-04-16 02:45:07,1282,fuel,2,android,0
T008549,U01552,2026-02-18 11:21:34,4539,fuel,3,android,0
T000564,U00501,2026-08-19 02:47:43,497,fuel,1,android,0
T011126,U01033,2026-06-25 18:03:42,586,grocery,2,ios,0
T002192,U01109,2026-03-11 04:53:54,1038,recharge,2,ios,0
T010889,U01197,2026-01-06 10:26:57,1220,grocery,3,android,0
T012461,U01045,2026-09-22 13:40:44,171,recharge,3,android,0
T010301,U01091,2026-06-29 09:31:04,580,fuel,3,android,0
T013053,U01383,2026-09-20 04:42:28,1791,fuel,1,ios,0
T005047,U01984,2026-04-15 23:32:23,196,grocery,3,android,0
T001692,U01389,2026-08-10 22:01:27,586,recharge,3,android,0
T011442,U00637,2026-06-22 13:30:34,388,grocery,1,ios,0
T011073,U00464,2026-09-08 22:28:19,460,fuel,1,ios,0
T002577,U00111,2026-01-25 00:22:31,235,recharge,3,android,0
T012390,U01213,2026-06-20 17:26:11,294,recharge,2,android,0
T010597,U00816,2026-08-07 10:15:14,629,shopping,3,ios,0
T001058,U01790,2026-07-20 21:05:24,561,grocery,3,android,0
T004620,U00648,2026-05-17 04:00:50,23038,transfer,3,ios,0
T010002,U00484,2026-07-24 21:00:57,1382,fuel,3,ios,0
T002200,U01953,2026-07-15 18:15:27,4572,shopping,1,ios,0
T009290,U00376,2026-04-02 18:04:57,948,transfer,3,ios,0
T011784,U01841,2026-04-29 12:17:03,1326,transfer,2,ios,0
T005300,U01391,2026-07-17 23:07:15,1219,shopping,2,android,0
T010831,U00762,2026-02-03 13:30:35,4814,transfer,3,ios,0
T010940,U01117,2026-05-02 19:18:06,734,fuel,1,android,0
T003830,U00007,2026-09-07 14:05:28,3116,fuel,1,android,0
T005103,U01532,2026-07-09 00:33:57,625,recharge,1,ios,0
T007680,U01159,2026-09-19 07:13:59,321,recharge,3,ios,0
T012444,U00900,2026-04-23 19:55:11,1254,fuel,2,ios,0
T014947,U00550,2026-01-07 09:41:06,630,recharge,2,ios,0
T007896,U00016,2026-07-27 01:34:22,97,grocery,1,android,0
T003168,U01462,2026-01-17 05:02:45,309,recharge,3,ios,0
T006301,U01055,2026-02-24 01:29:29,9837,fuel,1,ios,0
T014377,U01253,2026-06-18 19:29:59,2344,fuel,3,ios,0
T013749,U01095,2026-02-21 16:18:16,6258,transfer,2,web,0
T011071,U01096,2026-06-15 07:32:54,765,grocery,2,ios,0
T000863,U01841,2026-07-09 07:00:38,723,fuel,2,ios,0
T014190,U00196,2026-09-04 11:45:49,1203,recharge,2,ios,0
T004497,U00827,2026-02-17 20:50:32,3836,transfer,1,android,0
T007016,U01702,2026-06-21 03:05:04,2579,fuel,1,ios,0
T013384,U01997,2026-08-24 02:49:49,5188,shopping,3,ios,0
T000136,U00965,2026-09-07 06:37:41,5435,transfer,3,android,0
T007622,U01909,2026-02-23 20:42:40,1945,transfer,2,ios,0
T014552,U00282,2026-02-11 02:53:42,192,grocery,2,ios,0
T005001,U00288,2026-05-19 07:23:31,1845,transfer,3,android,0
T014701,U00466,2026-03-28 10:24:34,1302,grocery,1,ios,0
T012683,U01331,2026-06-21 04:26:24,91,recharge,2,android,0
T005151,U01189,2026-08-06 10:57:06,50000,recharge,2,ios,1
T002983,U00401,2026-04-22 06:19:54,3931,shopping,3,android,0
T013764,U01719,2026-01-20 08:06:28,6009,shopping,2,ios,0
T010595,U01007,2026-05-14 05:10:51,428,fuel,1,android,0
T008901,U00145,2026-01-23 00:18:48,7296,transfer,2,ios,0
T010750,U01088,2026-07-18 18:56:53,3576,shopping,2,ios,0
T003198,U00880,2026-08-27 00:24:11,14534,transfer,2,ios,0
T007540,U00745,2026-05-15 05:20:35,75,recharge,1,ios,0
T001319,U01948,2026-09-08 21:56:42,1104,fuel,2,ios,0
T002254,U00510,2026-07-04 04:53:41,1078,shopping,1,ios,0
T014994,U01966,2026-08-01 16:03:50,614,fuel,3,web,0
T000338,U00740,2026-06-11 12:57:53,2959,shopping,3,ios,0
T001976,U00068,2026-08-19 13:12:16,12914,transfer,1,ios,0
T014414,U00954,2026-06-04 14:43:03,659,fuel,1,ios,0
T007446,U01526,2026-07-28 12:20:40,2958,transfer,2,android,0
T009391,U01773,2026-06-15 14:17:52,1019,grocery,2,ios,0
T011276,U00106,2026-08-06 19:03:15,9111,transfer,3,ios,0
T013424,U01507,2026-03-21 01:12:52,1119,grocery,2,ios,0
T002275,U01071,2026-08-01 23:14:29,699,grocery,3,ios,0
T013195,U01194,2026-01-14 01:31:09,183,recharge,3,web,0
T009331,U01489,2026-05-26 04:14:24,10649,transfer,3,android,0
T006763,U01012,2026-05-15 18:18:53,632,fuel,1,web,0
T011327,U00534,2026-07-07 16:39:33,283,recharge,3,android,0
T013137,U00386,2026-04-03 11:08:41,362,recharge,1,android,0
T001147,U00818,2026-04-25 06:21:47,474,grocery,2,ios,0
T004664,U00670,2026-05-04 16:10:56,477,recharge,1,ios,0
T010797,U00210,2026-01-19 05:24:21,6382,transfer,2,ios,0
T011027,U00126,2026-06-05 02:05:32,951,shopping,3,android,0
T010008,U01586,2026-06-08 06:58:38,117,recharge,1,ios,0
T001667,U01212,2026-03-03 03:02:52,8735,shopping,2,android,0
T010238,U01386,2026-09-21 12:16:42,9099,transfer,1,android,0
T009508,U00101,2026-06-04 23:35:00,4615,transfer,3,ios,0
T002887,U00294,2026-09-11 02:18:24,11299,transfer,1,ios,0
T009827,U00832,2026-08-31 11:27:27,148,recharge,1,ios,0
T007489,U01693,2026-04-02 19:27:51,4300,transfer,3,ios,0
T002153,U01324,2026-01-01 14:03:10,25217,transfer,1,android,0
T000021,U01893,2026-07-30 21:24:46,885,grocery,3,ios,0
T002060,U01088,2026-02-16 16:47:08,111,recharge,1,ios,0
T011452,U01707,2026-03-27 06:47:18,1644,transfer,1,ios,0
T011992,U01084,2026-07-25 07:57:46,607,grocery,3,android,0
T004316,U00935,2026-04-27 00:58:23,509,transfer,2,ios,0
T008166,U00645,2026-06-20 09:41:54,414,grocery,3,ios,0
T010674,U00290,2026-03-31 02:08:05,1763,fuel,3,ios,0
T008544,U01109,2026-05-09 17:31:52,112,grocery,2,ios,0
T007028,U00450,2026-05-12 20:21:46,5443,transfer,1,ios,0
T011728,U00245,2026-09-02 15:38:08,168,recharge,2,ios,0
T014475,U01607,2026-08-13 21:00:09,1442,fuel,2,ios,0
T010586,U00764,2026-07-20 19:10:50,8952,shopping,2,ios,0
T005027,U01165,2026-02-27 00:20:39,329,fuel,3,android,0
T002159,U00857,2026-02-02 12:16:47,197,grocery,2,android,0
T000889,U01131,2026-07-27 05:11:37,1975,grocery,1,ios,0
T002149,U00462,2026-08-17 06:17:30,3602,shopping,1,android,0
T014696,U00278,2026-03-01 15:08:49,5729,fuel,1,android,0
T006919,U00829,2026-02-10 17:37:32,4497,recharge,1,android,0
T012859,U00772,2026-07-07 06:50:25,318,shopping,2,android,0
T012283,U00330,2026-09-27 06:26:12,1813,shopping,3,android,0
T006406,U00358,2026-01-30 04:32:57,6632,shopping,3,ios,0
T010194,U00619,2026-06-15 09:04:34,4870,shopping,3,android,0
T011205,U00409,2026-08-11 22:12:23,694,grocery,1,android,0
T009925,U00233,2026-02-22 23:39:39,214,recharge,2,android,0
T013278,U00804,2026-08-24 12:54:23,639,recharge,2,ios,0
T000063,U00877,2026-03-22 05:50:05,1890,fuel,3,android,0
T009941,U01874,2026-08-19 23:41:04,19502,transfer,2,ios,0
T009128,U00656,2026-07-25 06:04:20,524,recharge,2,ios,0
T007148,U00235,2026-06-26 02:15:31,395,recharge,1,android,0
T011975,U00047,2026-02-05 05:37:22,1219,recharge,2,ios,0
T013555,U00991,2026-09-01 04:47:22,72,recharge,2,ios,0
T012927,U00981,2026-04-29 09:32:08,4174,shopping,2,android,0
T006879,U01873,2026-05-22 21:13:05,2240,shopping,1,ios,0
T006019,U01371,2026-01-22 21:44:31,4189,shopping,3,android,0
T004797,U00288,2026-01-03 12:48:19,12948,transfer,3,android,0
T001769,U01495,2026-06-18 05:15:31,2732,fuel,3,ios,0
T007261,U00617,2026-04-13 12:54:27,2868,grocery,1,android,0
T010211,U01147,2026-05-22 03:41:26,78,recharge,3,ios,0
T007325,U01264,2026-03-23 11:12:12,4471,transfer,3,android,0
T007335,U01876,2026-03-17 10:21:57,11328,transfer,3,ios,0
T000507,U01067,2026-09-23 00:27:37,861,grocery,2,android,0
T008772,U00452,2026-09-28 00:18:22,6432,shopping,1,ios,0
T003055,U00173,2026-04-25 03:46:26,3897,shopping,3,ios,0
T009850,U01506,2026-06-05 18:13:14,2101,fuel,2,ios,0
T001340,U01316,2026-07-29 00:53:39,678,shopping,2,ios,0
T012541,U00393,2026-05-26 19:00:02,721,fuel,2,ios,0
T003713,U00699,2026-09-25 00:11:16,2548,shopping,2,ios,0
T001727,U01750,2026-04-25 18:42:09,7003,transfer,1,android,0
T004162,U00188,2026-09-07 19:06:18,295,recharge,1,android,0
T004575,U01529,2026-05-07 10:30:54,1035,grocery,1,ios,0
T014919,U01875,2026-03-13 23:02:42,2206,grocery,1,android,0
T001989,U01289,2026-08-22 01:13:45,134,recharge,3,android,0
T004739,U00605,2026-04-08 02:37:21,464,recharge,2,android,0
T006982,U00904,2026-04-19 11:26:41,150,recharge,3,android,0
T010920,U00581,2026-08-17 13:24:16,201,grocery,2,ios,0
T012508,U01977,2026-05-26 00:45:02,1290,grocery,2,ios,0
T014317,U01701,2026-04-22 02:29:31,419,recharge,3,web,0
T002105,U01206,2026-08-28 09:48:41,2025,transfer,2,android,0
T009206,U00441,2026-04-05 15:08:16,607,transfer,1,ios,0
T014458,U00254,2026-06-07 07:33:28,1130,fuel,2,ios,0
T013378,U01631,2026-04-23 09:07:37,349,recharge,3,android,0
T004157,U00261,2026-09-14 11:27:20,739,grocery,1,ios,0
T005963,U00347,2026-08-27 11:20:18,7695,transfer,3,android,0
T008633,U00692,2026-01-03 12:55:39,9063,shopping,1,ios,0
T004623,U01581,2026-05-30 04:02:42,4677,shopping,2,ios,0
T008979,U01849,2026-05-04 02:50:27,392,recharge,3,ios,0
T002762,U00487,2026-01-20 23:04:29,531,grocery,2,android,0
T001511,U00476,2026-09-30 10:12:38,1146,fuel,1,ios,0
T013325,U00161,2026-07-27 00:48:42,430,recharge,3,android,0
T006449,U00632,2026-02-21 22:23:36,440,grocery,3,ios,0
T011124,U00771,2026-03-04 06:32:34,265,recharge,2,ios,0
T006536,U01212,2026-09-17 05:35:02,7049,transfer,2,android,0
T004469,U01259,2026-04-10 20:51:49,690,grocery,2,android,0
T011407,U00028,2026-02-11 04:19:53,783,fuel,3,ios,0
T000982,U01963,2026-04-24 23:22:18,9234,shopping,2,web,0
T014575,U00966,2026-09-05 22:57:13,1543,transfer,3,android,0
T014321,U00714,2026-04-08 13:29:12,1022,fuel,2,ios,0
T014761,U01223,2026-04-06 15:07:12,4941,transfer,1,android,0
T011297,U00291,2026-05-20 05:01:59,713,recharge,2,android,0
T008421,U00199,2026-08-18 08:32:22,2070,grocery,1,ios,0
T000386,U00687,2026-03-04 23:06:21,5001,shopping,3,ios,0
T009043,U01582,2026-04-22 17:01:48,15761,transfer,3,android,0
T013250,U01708,2026-05-28 06:28:09,10809,transfer,2,android,0
T006769,U00201,2026-09-03 14:39:55,853,grocery,2,android,0
T009975,U00223,2026-04-04 13:18:46,1459,recharge,3,ios,0
T012835,U00344,2026-08-01 06:42:38,2178,fuel,2,ios,0
T012121,U00870,2026-08-23 04:48:11,285,recharge,3,android,0
T003694,U00693,2026-09-22 07:27:37,646,grocery,1,ios,0
T001133,U00618,2026-09-25 05:16:39,467,grocery,1,android,0
T012665,U01452,2026-04-03 10:17:54,178,recharge,2,android,0
T013213,U01507,2026-08-09 14:40:46,218,recharge,1,ios,0
T006861,U01043,2026-01-11 07:37:02,139,recharge,2,ios,0
T003863,U01073,2026-08-01 04:05:12,1216,shopping,3,android,0
T003941,U00521,2026-02-27 18:01:13,3490,transfer,3,android,0
T007027,U01311,2026-03-16 17:52:26,1429,shopping,1,android,0
T010907,U00687,2026-01-14 22:46:28,374,grocery,1,ios,0
T010799,U00297,2026-09-06 14:50:28,2158,shopping,2,ios,0
T008572,U01787,2026-01-23 05:42:02,2774,shopping,1,android,0
T010428,U00732,2026-03-29 18:29:31,3431,transfer,1,ios,0
T008757,U00497,2026-03-16 10:42:53,4092,shopping,2,ios,0
T007258,U00370,2026-09-07 02:09:35,6186,shopping,2,ios,0
T006007,U01641,2026-08-24 18:47:08,1293,fuel,3,web,0
T004099,U00061,2026-08-02 21:48:44,1564,fuel,1,android,0
T004767,U01313,2026-04-05 00:31:52,11617,transfer,3,ios,0
T008398,U01402,2026-01-01 00:56:08,393,grocery,1,ios,0
T006328,U00494,2026-07-13 01:32:01,5377,shopping,3,ios,0
T006677,U01157,2026-06-29 12:13:44,1584,fuel,2,ios,0
T006917,U00687,2026-03-17 13:02:50,10782,shopping,2,ios,0
T007118,U01938,2026-07-01 18:17:30,13292,shopping,2,android,0
T009674,U01225,2026-01-06 23:01:42,4896,fuel,1,android,0
T004960,U00214,2026-08-31 20:30:09,4333,grocery,3,android,0
T012841,U01473,2026-06-29 19:09:55,5086,transfer,3,android,0
T003126,U01396,2026-09-06 05:12:12,4962,transfer,2,ios,0
T006307,U00419,2026-05-10 17:16:26,229,grocery,2,ios,0
T012024,U00486,2026-05-28 02:09:57,708,fuel,2,android,0
T013238,U01310,2026-08-24 14:58:39,3237,transfer,1,android,0
T014045,U01840,2026-07-17 13:13:52,2914,transfer,1,android,0
T014490,U00932,2026-07-12 21:24:24,321,grocery,1,ios,0
T010067,U00840,2026-08-18 21:50:48,1959,shopping,2,ios,0
T010040,U01732,2026-03-11 02:34:17,1861,fuel,3,android,0
T012202,U00886,2026-09-18 12:08:36,180,recharge,2,android,0
T000101,U00669,2026-01-30 00:08:14,477,recharge,2,ios,0
T002725,U00615,2026-05-24 11:44:47,386,grocery,2,ios,0
T011309,U01256,2026-03-22 14:44:04,785,grocery,2,android,0
T001702,U00210,2026-06-26 14:31:13,925,grocery,1,ios,0
T008341,U01805,2026-04-12 07:32:38,1362,grocery,3,ios,0
T001031,U00895,2026-09-27 13:47:31,1483,grocery,1,android,0
T010992,U00040,2026-02-13 02:15:26,2570,recharge,3,android,0
T001919,U01907,2026-06-08 15:56:58,1160,grocery,2,android,0
T004265,U01472,2026-04-27 14:34:40,204,recharge,1,ios,0
T014509,U01330,2026-03-09 02:47:56,914,fuel,3,ios,0
T011204,U01655,2026-04-14 15:08:28,1497,fuel,2,ios,0
T006315,U00248,2026-05-30 10:39:54,1727,shopping,3,android,0
T007042,U01549,2026-04-11 15:29:32,399,recharge,3,web,0
T000366,U00721,2026-07-14 16:00:08,206,recharge,3,ios,0
T006716,U00141,2026-08-27 07:14:21,36,recharge,1,ios,0
T013768,U01519,2026-01-12 03:38:35,1915,fuel,3,ios,0
T005172,U01306,2026-08-19 02:13:38,848,transfer,2,ios,0
T011621,U01329,2026-05-25 15:58:15,6314,fuel,1,ios,0
T013426,U00259,2026-02-27 21:47:27,256,recharge,3,android,0
T004959,U01190,2026-07-14 04:11:58,1598,shopping,1,android,0
T000158,U00552,2026-09-22 22:33:44,8845,transfer,3,ios,0
T008227,U01194,2026-03-09 10:02:15,8026,transfer,1,android,0
T004572,U00268,2026-05-04 04:49:16,581,grocery,1,android,0
T001424,U01255,2026-03-19 11:40:24,142,grocery,1,ios,0
T010790,U01814,2026-08-16 20:31:03,891,grocery,1,android,0
T005614,U00796,2026-08-28 06:15:43,1577,fuel,2,android,0
T010459,U00550,2026-01-06 14:30:33,1653,recharge,2,ios,0
T003819,U01677,2026-01-14 21:47:52,22910,transfer,2,android,0
T001284,U00304,2026-01-11 04:25:47,3800,fuel,2,ios,0
T014364,U00469,2026-05-11 22:22:57,4544,transfer,1,android,0
T008704,U01155,2026-02-27 17:23:37,191,grocery,1,ios,0
T000067,U01000,2026-02-06 04:08:35,50000,recharge,3,ios,1
T002024,U00345,2026-03-10 05:18:09,50000,transfer,1,ios,1
T000316,U01522,2026-01-27 14:07:49,1253,shopping,2,android,0
T005708,U00720,2026-08-14 09:28:26,499,fuel,1,ios,0
T003861,U00658,2026-08-13 21:27:52,1375,fuel,1,android,0
T009961,U00797,2026-01-27 00:26:49,2859,fuel,3,android,0
T010640,U01122,2026-04-25 23:50:17,448,fuel,3,android,0
T004509,U01411,2026-03-24 17:13:04,8688,transfer,1,ios,0
T000634,U00041,2026-04-25 12:01:40,9531,transfer,3,ios,0
T009554,U00409,2026-02-08 08:26:12,699,recharge,2,android,0
T005684,U01102,2026-08-14 13:03:41,794,recharge,3,android,0
T009796,U01068,2026-08-01 02:50:58,702,fuel,3,ios,0
T013229,U00464,2026-06-15 07:07:03,875,grocery,3,ios,0
T009426,U01483,2026-08-21 00:47:46,276,recharge,1,ios,0
T001646,U01478,2026-02-08 09:12:18,106,recharge,3,android,0
T006043,U01818,2026-09-20 22:07:15,3552,shopping,1,ios,0
T008827,U00743,2026-07-22 04:42:39,29243,transfer,3,android,0
T014259,U01444,2026-04-25 09:16:22,444,recharge,3,android,0
T003649,U00820,2026-02-24 07:09:00,3931,fuel,3,ios,0
T007519,U00062,2026-05-21 17:47:07,840,fuel,2,android,0
T009199,U01645,2026-08-19 11:09:24,4404,shopping,3,android,0
T006463,U01175,2026-07-23 16:18:11,57,recharge,2,ios,0
T009792,U01258,2026-03-06 09:46:04,1410,transfer,3,ios,0
T004111,U00895,2026-06-16 12:37:34,3497,transfer,3,android,0
T010580,U00855,2026-09-08 18:14:20,915,grocery,2,android,0
T009207,U01241,2026-05-06 12:35:27,2681,transfer,3,ios,0
T014274,U01256,2026-04-29 07:02:34,3429,transfer,1,android,0
T008851,U00414,2026-08-01 19:35:30,3096,shopping,1,android,0
T000445,U00229,2026-02-28 16:41:09,3692,shopping,1,android,0
T001853,U00928,2026-03-31 00:11:46,1576,grocery,1,ios,0
T008818,U00836,2026-09-14 07:14:55,2491,fuel,3,android,0
T012747,U00821,2026-06-14 23:11:46,2513,transfer,1,ios,0
T015029,U00549,2026-01-21 16:16:00,10000,transfer,1,web,1
T002268,U00439,2026-06-12 23:52:22,475,grocery,2,android,0
T008570,U00911,2026-08-01 05:44:42,371,recharge,3,android,0
T014294,U00635,2026-04-26 01:21:53,609,shopping,3,web,0
T005493,U00082,2026-02-22 12:13:12,110,grocery,3,android,0
T001140,U00681,2026-02-07 01:05:24,1688,fuel,3,web,0
T010734,U00696,2026-06-06 00:13:46,1832,shopping,3,android,0
T006433,U00544,2026-09-22 15:19:44,955,transfer,3,android,0
T005201,U00106,2026-01-29 05:20:06,5049,fuel,1,ios,0
T014004,U01537,2026-08-14 17:55:22,1054,shopping,2,ios,0
T013943,U00369,2026-09-02 05:39:57,395,grocery,2,android,0
T001530,U00148,2026-08-02 20:44:29,1004,recharge,1,web,0
T007775,U00939,2026-07-28 07:44:13,12073,shopping,3,ios,0
T014885,U01894,2026-01-28 16:19:29,129,recharge,2,android,0
T009507,U00448,2026-06-07 21:12:52,11629,transfer,2,ios,0
T010760,U00267,2026-04-12 00:23:23,1050,fuel,3,web,0
T002583,U01956,2026-01-20 02:21:13,337,grocery,2,ios,0
T014006,U00911,2026-06-30 02:28:12,4121,fuel,1,android,0
T003458,U00723,2026-04-10 03:51:12,1710,fuel,3,android,1
T012898,U00146,2026-04-09 08:14:57,332,grocery,3,ios,0
T002015,U00018,2026-07-22 04:54:35,782,fuel,2,android,0
T001872,U01171,2026-08-16 01:55:10,2277,shopping,3,ios,0
T005354,U01494,2026-08-23 14:00:55,762,recharge,3,android,0
T000062,U00900,2026-08-17 07:50:52,6543,grocery,1,ios,0
T002664,U00206,2026-01-17 14:04:05,997,recharge,2,ios,0
T006318,U00323,2026-08-08 22:23:03,1541,shopping,2,android,0
T002722,U01701,2026-02-05 18:34:31,1099,fuel,2,ios,0
T003353,U01063,2026-07-20 16:35:39,3686,shopping,2,ios,0
T004035,U00449,2026-01-14 23:38:55,84,recharge,2,android,0
T004076,U01865,2026-04-12 23:16:06,85,recharge,3,ios,0
T009044,U01281,2026-03-07 05:38:47,343,fuel,2,android,0
T008961,U01342,2026-08-11 23:13:57,3421,shopping,2,android,0
T008897,U01839,2026-01-29 18:33:11,5734,shopping,1,android,0
T000060,U01588,2026-01-17 03:50:17,5128,shopping,2,android,0
T012575,U00744,2026-07-27 07:19:51,485,grocery,2,ios,0
T006868,U00145,2026-07-08 05:26:08,3341,shopping,3,ios,0
T008509,U01260,2026-05-07 19:27:46,1894,fuel,3,android,0
T002706,U01376,2026-06-14 08:55:35,3160,transfer,3,android,0
T003829,U01965,2026-05-20 02:49:09,6143,shopping,1,android,0
T011933,U00391,2026-01-02 23:52:24,14243,transfer,2,ios,0
T000273,U00164,2026-06-05 14:16:50,3609,shopping,1,android,0
T013018,U00430,2026-06-01 20:01:37,217,recharge,1,android,0
T005506,U00298,2026-09-09 15:20:24,907,recharge,3,ios,0
T010842,U00337,2026-07-26 17:12:12,19129,shopping,2,ios,0
T005219,U00479,2026-09-22 12:41:34,19475,transfer,1,ios,0
T009943,U00298,2026-07-14 15:00:32,5341,transfer,3,android,0
T010530,U00488,2026-08-23 13:38:13,4008,transfer,2,ios,0
T010505,U01401,2026-09-25 07:33:00,229,grocery,3,android,0
T004431,U00337,2026-04-03 19:58:53,121,recharge,3,ios,0
T011988,U00912,2026-09-13 02:18:06,8085,fuel,2,ios,0
T006634,U00401,2026-04-11 16:09:14,294,recharge,3,android,0
T009669,U01925,2026-06-05 02:41:02,183,grocery,3,ios,0
T008299,U01938,2026-01-13 00:28:27,11389,transfer,1,android,0
T004635,U00981,2026-04-18 20:03:09,96,recharge,2,android,0
T000838,U01937,2026-06-22 18:57:27,839,shopping,2,android,0
T009632,U00326,2026-04-16 06:38:27,597,recharge,3,ios,0
T012811,U01670,2026-06-25 10:34:28,600,recharge,1,android,0
T005462,U00744,2026-04-17 19:50:52,1884,fuel,2,ios,0
T012129,U00147,2026-07-05 00:29:33,1696,shopping,1,android,0
T012770,U01787,2026-09-01 16:29:47,6043,fuel,1,android,0
T001969,U00037,2026-03-27 06:25:20,47,grocery,1,ios,0
T000315,U00865,2026-08-27 03:35:21,6762,fuel,3,ios,0
T002345,U00859,2026-02-12 21:35:18,2219,transfer,3,android,0
T005179,U01262,2026-01-16 15:31:50,509,grocery,3,android,0
T013992,U01812,2026-06-23 17:21:34,19839,transfer,3,android,0
T011864,U00373,2026-05-10 02:18:00,460,recharge,3,ios,0
T005136,U00811,2026-08-16 18:29:29,4814,transfer,1,ios,0
T014682,U01575,2026-09-09 08:37:06,2275,shopping,3,android,0
T013818,U01135,2026-02-17 11:08:51,1597,fuel,3,android,0
T009457,U00444,2026-04-26 14:25:16,628,shopping,2,ios,0
T010359,U01525,2026-05-12 00:01:01,120,grocery,2,ios,0
T000815,U00127,2026-05-31 17:46:42,7427,shopping,3,ios,0
T001643,U00289,2026-01-06 08:19:24,251,recharge,2,ios,0
T012261,U01097,2026-02-08 08:53:42,3822,transfer,1,ios,0
T014090,U01848,2026-09-08 22:21:25,31840,transfer,3,android,0
T013431,U01096,2026-02-21 17:29:53,1493,fuel,2,ios,0
T012936,U00436,2026-09-13 08:54:59,349,grocery,1,ios,0
T003486,U00764,2026-09-29 14:46:04,3318,transfer,3,ios,0
T002317,U01223,2026-03-27 02:19:42,1610,shopping,3,android,0
T004930,U00012,2026-09-30 11:02:22,354,recharge,2,ios,0
T011506,U00968,2026-01-20 06:49:24,3744,transfer,1,android,0
T009267,U00192,2026-05-24 11:29:13,780,recharge,3,android,0
T007494,U00765,2026-05-24 05:23:41,5046,shopping,1,android,0
T001192,U00771,2026-02-07 05:09:08,3875,transfer,3,ios,0
T010726,U01217,2026-06-10 21:00:18,1578,grocery,3,ios,0
T014950,U01865,2026-05-07 03:07:39,1241,shopping,1,ios,0
T007842,U01108,2026-03-22 10:43:00,4644,shopping,3,ios,0
T003455,U01129,2026-08-20 21:03:11,447,shopping,1,android,0
T009690,U01705,2026-08-31 04:47:30,17052,transfer,2,android,0
T009839,U01225,2026-07-19 05:07:17,1164,grocery,3,android,0
T001664,U01710,2026-03-03 18:37:45,4799,transfer,1,ios,0
T012171,U01660,2026-06-16 18:11:51,339,recharge,3,android,0
T000109,U01699,2026-06-29 00:47:02,205,recharge,1,android,0
T014201,U01578,2026-03-19 15:38:49,7488,shopping,3,android,0
T004490,U00371,2026-01-28 05:47:33,674,fuel,2,ios,0
T010322,U00138,2026-02-26 21:16:35,129,recharge,2,ios,0
T001484,U01189,2026-05-15 22:20:55,8114,transfer,2,ios,0
T009377,U00469,2026-01-30 21:03:28,66,recharge,1,android,0
T008787,U00158,2026-09-22 10:21:16,204,recharge,2,android,0
T006734,U01471,2026-01-25 22:31:59,102,grocery,2,android,0
T002995,U01387,2026-07-22 04:42:51,21117,transfer,3,ios,0
T010062,U01609,2026-09-11 04:08:32,745,grocery,3,ios,0
T013446,U01394,2026-03-20 21:37:40,527,grocery,2,ios,0
T006897,U01471,2026-03-02 18:44:45,1662,grocery,3,android,0
T009444,U01490,2026-07-24 18:02:27,7103,transfer,2,ios,0
T000680,U01818,2026-07-27 04:59:21,3293,shopping,2,ios,0
T003256,U00091,2026-08-25 15:07:43,1046,grocery,3,android,0
T009140,U00946,2026-04-10 02:59:10,4069,transfer,1,ios,0
T008148,U01486,2026-01-30 10:36:44,146,recharge,1,ios,0
T009089,U00637,2026-05-08 18:12:12,1472,transfer,3,ios,0
T004449,U01699,2026-05-28 11:23:07,1828,shopping,1,android,0
T011394,U01097,2026-03-20 10:23:00,5460,transfer,1,ios,0
T007383,U01575,2026-05-19 13:19:51,222,recharge,3,android,0
T007923,U00538,2026-02-26 13:29:33,378,recharge,2,android,0
T010792,U01151,2026-08-28 13:19:39,4022,transfer,2,ios,0
T013390,U01947,2026-05-07 22:52:48,2099,fuel,1,ios,0
T000588,U00805,2026-04-02 10:39:01,32,recharge,2,ios,0
T010331,U01848,2026-03-25 21:03:13,396,fuel,3,android,0
T014043,U00898,2026-04-29 08:24:25,4906,transfer,1,android,0
T004856,U01902,2026-09-28 02:43:36,11210,transfer,1,ios,0
T009724,U01664,2026-03-05 05:49:16,49,recharge,1,android,0
T010862,U00988,2026-07-14 06:16:36,12815,transfer,3,ios,0
T003203,U01493,2026-06-05 22:31:21,2552,fuel,2,android,0
T004418,U01090,2026-07-15 17:39:56,1634,grocery,3,ios,0
T001499,U00189,2026-09-03 04:07:53,2644,grocery,1,android,0
T013724,U00336,2026-06-25 08:21:17,585,fuel,1,ios,0
T001142,U00121,2026-05-12 05:09:44,10346,transfer,2,android,0
T015066,U00798,2026-07-07 05:22:00,2000,transfer,3,web,1
T011081,U00484,2026-07-19 14:04:57,2960,fuel,2,ios,0
T000438,U00078,2026-02-13 22:46:06,63773,shopping,2,android,0
T000427,U00671,2026-02-05 03:49:43,3013,transfer,3,ios,0
T010928,U01608,2026-06-22 19:13:12,1002,shopping,1,ios,0
T006223,U00671,2026-06-12 11:04:00,4781,fuel,1,ios,0
T014749,U01182,2026-09-21 19:23:14,215,recharge,3,ios,0
T014324,U01351,2026-02-08 01:19:19,4428,transfer,2,ios,0
T013757,U00431,2026-06-19 04:40:18,2515,grocery,1,android,0
T014132,U00607,2026-06-04 15:40:56,785,fuel,2,ios,0
T011008,U01564,2026-02-05 18:22:14,1582,fuel,3,ios,0
T014216,U01645,2026-02-06 18:51:50,1602,grocery,2,ios,0
T014528,U01891,2026-02-01 18:13:40,1087,fuel,1,ios,0
T001914,U00383,2026-03-12 07:27:06,314,grocery,1,android,0
T000937,U00588,2026-09-22 07:30:35,2023,transfer,2,ios,0
T003170,U00081,2026-05-29 19:50:49,595,grocery,2,ios,0
T003122,U01046,2026-07-25 08:01:57,4807,shopping,2,android,0
T002703,U00766,2026-09-28 13:48:36,12205,shopping,1,android,0
T003856,U01857,2026-05-22 13:43:52,573,grocery,1,ios,0
T000172,U00889,2026-07-05 09:41:35,4146,transfer,2,ios,0
T007538,U00419,2026-01-14 16:57:49,834,fuel,1,ios,0
T010349,U01013,2026-05-01 07:21:57,5521,transfer,2,ios,0
T006837,U00089,2026-04-28 22:21:52,10746,transfer,2,ios,0
T014277,U01117,2026-03-01 15:15:04,528,fuel,3,android,0
T002570,U00675,2026-08-05 11:41:53,3450,fuel,3,android,0
T010329,U01045,2026-09-12 07:57:10,21958,shopping,1,android,0
T011520,U01390,2026-05-17 23:15:28,1654,grocery,3,ios,0
T007029,U01006,2026-03-05 04:03:11,636,recharge,1,android,0
T010584,U01346,2026-01-02 14:20:24,841,grocery,3,android,0
T011524,U01396,2026-04-29 07:14:24,1639,fuel,1,android,0
T003201,U01511,2026-03-14 22:41:08,210,recharge,3,ios,0
T008229,U01622,2026-04-15 20:13:12,584,shopping,1,android,0
T002412,U00098,2026-01-24 02:34:38,108,recharge,3,ios,0
T013102,U01138,2026-06-26 19:05:01,296,recharge,1,ios,0
T011707,U00098,2026-09-14 22:43:13,239,grocery,2,ios,0
T011548,U01849,2026-04-16 00:32:01,1660,fuel,2,ios,0
T007062,U01875,2026-03-07 12:09:53,3911,transfer,2,android,0
T009544,U00513,2026-09-18 06:47:19,530,recharge,2,android,0
T005834,U00918,2026-02-14 10:30:23,151,recharge,2,android,0
T007406,U01423,2026-01-30 09:31:29,759,recharge,3,android,0
T001578,U01111,2026-06-05 06:52:43,2075,shopping,2,ios,0
T001059,U01232,2026-04-23 14:01:51,5972,shopping,2,ios,0
T003051,U01005,2026-05-27 04:13:42,11433,transfer,3,android,0
T014099,U00428,2026-08-01 22:45:35,761,grocery,1,ios,0
T009134,U00090,2026-03-02 01:24:26,335,recharge,2,ios,0
T014941,U00498,2026-08-10 19:56:39,654,grocery,1,android,0
T009992,U01412,2026-06-02 18:13:45,2269,shopping,2,android,0
T013284,U00482,2026-04-12 09:36:39,836,grocery,3,android,0
T002065,U00664,2026-01-02 07:44:22,6330,transfer,1,android,0
T000583,U00439,2026-08-17 22:21:38,68,recharge,2,android,0
T004808,U00186,2026-01-27 19:56:49,2437,grocery,3,web,0
T006110,U01817,2026-02-25 04:18:44,20000,recharge,1,ios,1
T000334,U00316,2026-09-06 21:39:27,1844,shopping,2,ios,0
T008124,U01346,2026-09-22 07:01:34,2551,fuel,1,android,0
T010594,U00127,2026-08-09 14:51:34,2210,shopping,3,ios,0
T002376,U01564,2026-06-07 00:09:41,3864,shopping,2,ios,0
T003904,U00231,2026-05-19 08:27:34,866,grocery,1,android,0
T007389,U01308,2026-07-17 03:10:27,231,grocery,1,android,0
T007857,U01927,2026-01-19 08:38:37,768,fuel,3,ios,0
T005434,U01865,2026-06-09 20:53:54,119,recharge,3,ios,0
T000598,U00884,2026-04-20 21:26:45,2310,fuel,3,ios,0
T005184,U00447,2026-03-16 20:49:25,533,grocery,3,ios,0
T012298,U00550,2026-03-21 15:06:27,22511,shopping,3,ios,0
T005768,U01843,2026-07-08 06:20:02,4158,fuel,2,web,0
T005583,U00981,2026-05-24 15:06:35,551,recharge,2,android,0
T013351,U01194,2026-07-10 02:49:55,3557,fuel,3,ios,0
T001999,U00623,2026-08-13 20:28:05,354,grocery,1,android,0
T014873,U01754,2026-07-17 06:59:04,4624,fuel,3,ios,0
T002584,U01651,2026-01-10 21:59:19,1060,grocery,3,ios,0
T004561,U01533,2026-09-05 10:39:15,1494,transfer,2,android,0
T008295,U00489,2026-01-31 20:52:11,2518,fuel,2,ios,0
T012199,U00587,2026-01-26 04:04:56,7639,fuel,3,ios,0
T007272,U01749,2026-01-22 06:52:50,3290,grocery,2,ios,0
T007337,U00054,2026-06-13 12:47:35,11563,transfer,3,ios,0
T009241,U00199,2026-03-17 18:45:07,3981,fuel,3,ios,0
T014175,U00194,2026-08-05 14:58:01,4470,fuel,2,android,0
T010001,U00762,2026-01-21 21:09:59,955,grocery,3,ios,0
T009032,U00269,2026-09-15 19:33:02,47,recharge,2,ios,0
T001795,U01054,2026-05-16 06:32:34,632,shopping,3,web,0
T008822,U01820,2026-07-25 09:23:54,365,recharge,1,android,0
T013593,U01374,2026-04-18 13:48:34,13208,transfer,2,android,0
T000225,U01273,2026-05-05 15:20:59,610,fuel,1,ios,0
T005870,U00282,2026-04-11 12:24:04,484,grocery,3,ios,0
T009743,U00544,2026-05-26 03:36:26,8239,transfer,3,ios,0
T008445,U01413,2026-07-11 10:57:37,83,recharge,3,android,0
T000305,U01491,2026-09-30 02:58:07,2444,fuel,3,ios,0
T014698,U00742,2026-06-25 02:29:12,150,fuel,1,android,0
T004114,U01224,2026-04-11 11:04:28,2270,shopping,1,android,0
T008117,U01247,2026-06-04 10:46:37,555,fuel,2,android,0
T006330,U00321,2026-01-03 23:40:03,3107,fuel,2,android,0
T005252,U00827,2026-04-02 11:27:24,3885,shopping,2,android,0
T009292,U00034,2026-05-16 15:05:15,132,recharge,1,ios,0
T013887,U00467,2026-03-18 14:09:41,296,grocery,1,ios,0
T007549,U00815,2026-09-18 03:00:50,1377,fuel,2,android,0
T009824,U01274,2026-09-13 06:45:53,1417,shopping,3,ios,0
T005153,U01879,2026-09-25 03:56:56,141,recharge,1,android,0
T008913,U01296,2026-02-06 02:34:11,548,grocery,1,ios,0
T002326,U00144,2026-02-22 19:04:56,3940,transfer,2,ios,0
T000468,U00052,2026-01-25 11:08:01,8879,shopping,1,ios,0
T006024,U01694,2026-02-10 07:52:24,11050,transfer,2,web,0
T006690,U01320,2026-01-06 11:28:30,277,recharge,1,android,0
T006261,U01171,2026-03-26 09:36:50,3178,shopping,3,ios,0
T001183,U01871,2026-08-01 08:20:28,719,recharge,2,ios,0
T012270,U01470,2026-02-28 23:41:42,1526,fuel,3,ios,0
T003307,U01099,2026-07-23 12:05:03,377,fuel,2,ios,0
T012320,U00235,2026-09-02 03:03:53,899,recharge,1,android,0
T000602,U01861,2026-08-21 07:55:37,1639,recharge,3,ios,0
T001678,U00172,2026-09-05 09:38:08,345,recharge,1,ios,0
T005402,U00278,2026-01-16 10:50:07,186,recharge,1,android,0
T011832,U01354,2026-03-06 04:41:26,1579,shopping,1,ios,0
T001313,U00311,2026-07-27 01:22:35,1897,shopping,3,web,0
T013781,U00154,2026-01-27 13:13:36,1353,fuel,3,android,0
T002724,U00799,2026-09-06 09:19:34,1567,fuel,2,ios,0
T010234,U00390,2026-01-20 05:17:58,4024,fuel,2,ios,0
T008869,U01522,2026-04-28 01:26:55,63,recharge,1,android,0
T005453,U00490,2026-01-15 10:31:43,588,grocery,3,android,0
T005820,U01241,2026-06-25 06:57:14,2811,fuel,2,ios,0
T011489,U01902,2026-07-14 03:54:35,471,grocery,3,ios,0
T002701,U00438,2026-01-04 03:17:06,366,grocery,1,ios,0
T006477,U00699,2026-06-12 22:38:04,2712,shopping,3,ios,0
T001663,U00463,2026-03-21 06:56:33,1072,shopping,1,ios,0
T008356,U00839,2026-06-06 16:59:56,614,grocery,1,ios,0
T011625,U00927,2026-09-02 05:51:53,1940,grocery,1,ios,0
T001009,U00451,2026-03-21 01:27:39,214,recharge,2,android,0
T003587,U01601,2026-01-26 12:22:52,554,grocery,3,android,0
T004966,U01249,2026-03-26 06:03:44,1342,transfer,3,ios,0
T009186,U00103,2026-01-24 16:54:46,4787,shopping,1,ios,0
T008828,U01514,2026-06-08 11:24:37,2229,shopping,3,android,0
T009814,U01687,2026-06-12 19:27:04,1423,fuel,2,android,0
T000390,U00014,2026-09-02 03:18:24,2494,fuel,3,android,0
T013146,U01570,2026-04-24 06:08:20,902,fuel,1,android,0
T000174,U00510,2026-05-02 04:54:38,592,fuel,3,ios,0
T008258,U00582,2026-04-29 19:20:30,955,recharge,3,android,0
T003907,U00471,2026-05-24 22:00:47,920,fuel,1,ios,0
T001096,U01713,2026-05-08 15:33:41,453,shopping,2,ios,0
T009586,U01010,2026-01-27 07:21:37,313,grocery,1,android,0
T009019,U01872,2026-05-06 19:36:06,500,grocery,1,android,0
T001863,U01247,2026-04-26 14:06:07,4389,shopping,1,android,0
T007117,U01878,2026-06-14 14:04:26,10500,transfer,1,android,0
T005780,U01814,2026-08-05 18:47:54,3937,transfer,2,android,0
T008834,U01755,2026-06-23 19:33:20,3274,fuel,3,ios,0
T008102,U00190,2026-07-03 09:54:25,946,fuel,3,android,0
T004677,U01603,2026-04-12 05:17:30,113,recharge,3,ios,0
T002686,U01529,2026-01-31 06:38:07,812,transfer,2,android,0
T000440,U01292,2026-08-14 02:31:43,589,grocery,3,android,0
T004487,U01838,2026-08-14 11:11:07,25482,transfer,3,ios,0
T013597,U01790,2026-07-09 17:04:29,5848,fuel,1,android,0
T011113,U00140,2026-04-11 17:13:06,730,recharge,2,ios,0
T004309,U00295,2026-05-16 15:58:34,1351,shopping,1,ios,0
T007922,U00107,2026-04-24 13:08:07,890,grocery,3,ios,0
T011121,U01684,2026-01-03 20:41:19,3081,transfer,3,ios,0
T005642,U01115,2026-03-25 05:55:15,728,grocery,1,ios,0
T007992,U00735,2026-03-24 16:27:48,3204,shopping,2,ios,0
T011690,U00438,2026-07-14 06:11:52,1848,grocery,1,ios,0
T002230,U01410,2026-07-22 09:36:56,1334,fuel,1,android,0
T009420,U01769,2026-04-04 21:24:48,2243,transfer,2,ios,0
T012393,U00322,2026-05-19 18:33:37,3623,shopping,3,ios,0
T011525,U01904,2026-06-15 10:44:29,729,shopping,2,ios,0
T007374,U01988,2026-01-16 03:08:33,1725,fuel,2,android,0
T012896,U01311,2026-05-02 11:43:04,3617,transfer,3,android,0
T000932,U00738,2026-09-23 04:50:31,2007,shopping,2,ios,0
T010687,U01317,2026-08-08 11:22:55,217,recharge,3,android,0
T005076,U00874,2026-07-01 04:59:29,28268,transfer,1,ios,0
T013672,U01049,2026-01-15 23:12:49,836,grocery,3,ios,0
T000419,U01455,2026-03-28 21:54:55,2780,transfer,2,ios,0
T010746,U01696,2026-09-30 15:06:25,359,grocery,1,ios,0
T007998,U01086,2026-01-21 18:31:47,34,recharge,3,android,0
T013090,U00766,2026-01-24 11:36:25,441,recharge,1,android,0
T005500,U00851,2026-05-19 22:13:28,1091,grocery,2,android,0
T007492,U01520,2026-03-06 05:12:45,48,recharge,2,android,0
T009697,U00070,2026-03-29 07:11:44,2660,fuel,2,android,0
T006512,U00876,2026-02-24 20:52:45,3094,fuel,3,ios,0
T000703,U00930,2026-09-10 10:43:09,268,grocery,2,android,0
T002732,U00846,2026-02-27 03:12:39,441,grocery,2,ios,0
T005905,U01879,2026-08-04 17:56:27,4419,shopping,3,android,0
T013745,U00721,2026-05-10 08:26:52,1669,shopping,1,ios,0
T002949,U01729,2026-01-29 15:26:01,1233,fuel,3,android,0
T013681,U01437,2026-05-13 12:30:22,2034,shopping,3,android,0
T003246,U00664,2026-07-24 16:39:29,777,grocery,3,android,0
T008689,U00403,2026-09-21 21:38:36,1563,fuel,2,ios,0
T009825,U01336,2026-04-04 08:08:23,593,grocery,1,ios,0
T001926,U01577,2026-07-10 18:48:50,5248,shopping,3,ios,0
T001550,U00344,2026-03-17 21:07:12,1780,fuel,1,ios,0
T008460,U00864,2026-06-19 04:39:05,883,recharge,1,ios,0
T000657,U00914,2026-08-29 01:55:29,3258,fuel,3,android,0
T008219,U00328,2026-06-18 04:02:49,2434,shopping,2,ios,0
T002088,U00588,2026-07-03 21:35:15,7418,transfer,1,ios,0
T003367,U00655,2026-02-17 03:51:27,3854,transfer,3,android,0
T010298,U01905,2026-06-12 06:46:23,209,recharge,3,android,0
T003658,U00197,2026-07-29 11:22:48,692,recharge,2,android,0
T006893,U01400,2026-08-15 00:16:52,1726,recharge,3,android,0
T005644,U00421,2026-06-28 03:53:57,1357,grocery,2,android,0
T005527,U00383,2026-08-18 08:13:47,3193,recharge,1,android,0
T006559,U01898,2026-06-14 18:00:21,1525,shopping,3,ios,0
T013343,U01934,2026-06-13 23:44:17,1960,transfer,3,ios,0
T000579,U00172,2026-01-25 16:37:27,848,recharge,3,ios,0
T013969,U00327,2026-05-14 03:37:12,1777,grocery,3,android,0
T002898,U01032,2026-08-16 00:12:36,114,recharge,1,android,0
T007235,U01717,2026-08-03 16:59:42,709,recharge,3,ios,0
T002784,U00200,2026-06-22 16:16:40,355,fuel,3,android,0
T010881,U00275,2026-07-11 06:52:48,1236,fuel,2,ios,0
T013452,U01134,2026-05-10 19:58:46,1578,shopping,2,ios,0
T006494,U01356,2026-06-10 19:12:09,403,fuel,2,android,0
T009051,U01382,2026-02-05 12:15:09,5111,shopping,3,ios,0
T004430,U00514,2026-05-13 17:07:01,643,grocery,3,ios,0
T004912,U00029,2026-06-27 12:59:17,1613,grocery,3,android,0
T006209,U00872,2026-01-03 19:09:42,3652,shopping,2,android,0
T004885,U00205,2026-05-19 21:06:56,220,recharge,3,android,0
T009539,U00255,2026-08-16 07:08:25,2974,shopping,1,android,0
T006354,U01015,2026-01-20 01:18:58,5608,transfer,2,android,0
T005988,U01055,2026-07-23 10:41:17,2661,fuel,1,ios,0
T012081,U00059,2026-09-20 02:18:22,4152,fuel,1,ios,0
T001348,U00659,2026-02-07 12:34:36,1533,fuel,3,android,0
T000738,U00467,2026-01-15 20:48:30,890,grocery,1,ios,0
T009343,U01281,2026-01-22 09:50:12,10080,transfer,1,android,0
T006904,U00428,2026-02-22 21:42:59,1869,transfer,3,ios,0
T012311,U01416,2026-07-21 22:07:05,5363,recharge,1,android,0
T001649,U00306,2026-08-04 02:27:53,662,grocery,2,ios,0
T002674,U01864,2026-02-10 13:38:35,2160,fuel,3,android,0
T006132,U00617,2026-05-22 11:47:54,572,grocery,2,android,0
T007711,U01290,2026-09-14 14:05:19,2505,transfer,3,ios,0
T001742,U00601,2026-05-05 19:35:52,782,shopping,1,android,0
T014358,U01355,2026-01-29 08:58:17,7208,transfer,1,ios,0
T002134,U00419,2026-03-18 14:40:34,391,grocery,1,ios,0
T001449,U01151,2026-07-08 05:42:36,2063,fuel,2,ios,0
T010262,U00697,2026-09-01 02:38:47,135,grocery,1,ios,0
T010449,U00364,2026-07-21 01:30:59,929,fuel,1,android,0
T000770,U00209,2026-02-06 19:05:00,6406,shopping,3,web,0
T010127,U00166,2026-01-03 07:20:42,16991,transfer,3,ios,0
T007945,U01670,2026-04-10 20:00:22,19725,transfer,3,android,0
T005378,U00028,2026-07-31 04:06:57,2544,shopping,1,ios,0
T008311,U01569,2026-09-16 05:17:13,5314,fuel,2,ios,0
T012941,U01980,2026-07-13 05:05:03,1031,grocery,1,ios,0
T003866,U00487,2026-07-14 02:14:00,1770,fuel,3,ios,0
T012577,U00308,2026-04-28 12:11:35,1552,fuel,1,android,0
T005164,U00784,2026-08-04 13:43:34,848,fuel,2,android,0
T009545,U00425,2026-07-02 23:16:06,1709,shopping,3,ios,0
T011302,U00825,2026-03-18 00:08:31,6094,fuel,2,ios,0
T006866,U00667,2026-01-01 18:51:21,4160,fuel,3,android,0
T010452,U01671,2026-05-08 13:19:20,1141,grocery,1,ios,0
T003964,U01625,2026-03-07 20:56:47,2403,transfer,3,ios,0
T008821,U01499,2026-03-18 19:16:38,989,grocery,3,android,0
T012636,U01930,2026-07-30 04:11:08,510,grocery,3,android,0
T000683,U00629,2026-08-27 15:19:33,7993,transfer,3,android,0
T004511,U01409,2026-09-02 07:23:58,235,recharge,1,android,0
T003670,U00412,2026-04-22 01:40:54,1980,shopping,3,android,0
T005222,U00799,2026-02-16 19:32:08,2346,transfer,3,web,0
T011247,U00990,2026-07-13 02:06:38,7790,transfer,2,android,0
T005958,U01305,2026-02-25 14:36:58,649,grocery,2,android,0
T012111,U00983,2026-09-08 14:48:22,2505,fuel,3,ios,0
T003209,U00388,2026-07-19 07:37:27,4255,grocery,3,ios,0
T004172,U00948,2026-05-15 06:35:02,436,grocery,1,ios,0
T011942,U01042,2026-06-22 20:35:18,1581,grocery,2,android,0
T006869,U00381,2026-07-20 02:04:40,135,recharge,1,ios,0
T002870,U01454,2026-06-04 20:43:17,1897,shopping,2,ios,0
T013382,U01919,2026-03-04 11:12:52,2849,shopping,1,android,0
T007895,U01700,2026-08-04 20:15:28,352,recharge,3,android,0
T001382,U01284,2026-06-24 10:10:41,789,transfer,1,ios,0
T002337,U00420,2026-04-11 18:27:48,118,recharge,2,ios,0
T007399,U00604,2026-01-28 21:25:01,4117,shopping,3,ios,0
T012234,U01318,2026-03-15 09:11:16,1219,fuel,3,ios,0
T007944,U01655,2026-05-19 10:25:42,2095,recharge,2,ios,0
T003882,U01902,2026-05-30 12:51:11,90,recharge,2,ios,0
T010421,U01119,2026-09-24 01:36:48,2002,shopping,2,ios,0
T011163,U00096,2026-05-05 00:02:58,6153,shopping,2,android,0
T010162,U01972,2026-04-02 06:44:45,989,shopping,2,ios,0
T013410,U01313,2026-02-02 17:11:51,150,recharge,1,ios,0
T014884,U00926,2026-07-16 13:29:03,1601,shopping,3,ios,0
T013296,U00858,2026-02-10 04:21:33,9150,shopping,2,ios,0
T003555,U00754,2026-09-09 20:48:53,270,grocery,2,ios,0
T005803,U01488,2026-01-25 06:57:20,797,grocery,2,ios,0
T005906,U01312,2026-08-01 01:45:59,11131,transfer,2,android,0
T004646,U01665,2026-06-19 20:20:54,6193,shopping,3,ios,0
T000121,U01734,2026-05-26 02:07:06,6366,shopping,2,android,0
T008540,U01109,2026-03-17 12:47:42,1733,shopping,2,ios,0
T014987,U01148,2026-09-20 04:47:57,245,recharge,2,ios,0
T010206,U00848,2026-08-14 10:14:57,238,recharge,1,android,0
T008113,U00766,2026-01-20 20:20:39,501,fuel,2,android,0
T008049,U00449,2026-02-13 04:33:33,3190,fuel,1,android,0
T008728,U01127,2026-02-26 05:52:16,1050,transfer,2,android,0
T014106,U01829,2026-04-19 08:13:37,4228,fuel,2,ios,0
T014923,U00616,2026-01-13 07:11:06,2145,fuel,1,ios,0
T001194,U01372,2026-08-25 07:50:21,1305,shopping,1,android,0
T009604,U00076,2026-01-12 10:06:30,4556,transfer,3,android,0
T006896,U01448,2026-02-20 00:07:51,774,recharge,1,ios,0
T000275,U01606,2026-03-31 23:19:47,4314,shopping,3,android,0
T009603,U00907,2026-02-21 04:11:37,1873,transfer,2,android,0
T013917,U01819,2026-03-03 07:54:30,661,shopping,1,ios,0
T005801,U01321,2026-09-12 14:32:53,232,grocery,3,android,0
T007105,U00378,2026-01-25 15:48:02,3127,fuel,1,ios,0
T013061,U01645,2026-05-10 07:43:53,847,shopping,1,android,0
T005332,U01534,2026-09-05 11:44:50,1033,recharge,3,android,0
T007817,U01331,2026-08-17 21:27:25,1007,fuel,3,android,0
T003301,U00861,2026-01-31 00:55:16,963,shopping,2,ios,0
T009581,U01176,2026-09-04 15:35:31,1311,fuel,1,android,0
T000009,U01153,2026-04-12 06:35:27,1828,fuel,3,android,0
T002092,U00658,2026-03-13 19:02:45,6596,transfer,3,android,0
T003436,U00018,2026-08-17 02:49:47,360,grocery,2,android,0
T008611,U01956,2026-08-03 15:02:08,2544,shopping,3,ios,0
T005510,U01710,2026-02-12 22:50:03,12564,shopping,2,ios,0
T005128,U01994,2026-03-12 05:51:07,1224,grocery,2,ios,0
T008416,U01929,2026-03-04 22:51:04,333,grocery,1,android,0
T006978,U00671,2026-04-28 17:48:56,1100,shopping,3,ios,0
T007624,U00707,2026-01-28 06:11:27,718,grocery,1,android,0
T003875,U00787,2026-08-09 23:48:21,3277,shopping,1,ios,0
T000994,U01664,2026-09-25 06:52:24,644,recharge,3,android,0
T010061,U00616,2026-05-26 11:50:32,3243,shopping,3,ios,0
T014270,U01616,2026-04-30 21:50:38,5193,transfer,2,android,0
T005622,U00611,2026-08-06 00:29:49,6907,transfer,2,ios,0
T006965,U01855,2026-09-14 05:02:29,12328,shopping,3,android,0
T002950,U00688,2026-08-28 01:17:52,2352,grocery,3,ios,0
T005998,U01537,2026-06-04 04:07:15,901,grocery,3,ios,0
T007603,U00562,2026-01-06 18:54:03,1520,shopping,3,android,0
T007322,U00614,2026-04-26 11:13:03,55,recharge,1,ios,0
T015088,U00517,2026-03-01 08:46:00,2000,transfer,3,web,1
T008204,U00895,2026-09-22 20:51:36,2325,transfer,3,android,0
T007364,U00401,2026-08-07 06:34:21,1590,shopping,2,android,0
T002552,U01039,2026-07-16 08:25:55,1889,grocery,2,android,0
T010891,U00894,2026-04-11 23:59:29,3991,shopping,3,ios,0
T005788,U01375,2026-08-24 12:44:35,232,recharge,3,ios,0
T012131,U01299,2026-06-29 00:47:58,340,grocery,2,ios,0
T013120,U01624,2026-05-19 07:35:33,503,recharge,3,android,0
T014451,U01019,2026-01-24 09:51:00,6735,transfer,2,ios,0
T010811,U00359,2026-04-20 22:42:32,1279,fuel,2,ios,0
T003516,U00132,2026-04-07 18:40:21,2564,shopping,1,android,0
T007127,U00179,2026-01-06 13:55:34,1896,transfer,3,ios,0
T008294,U01490,2026-02-22 05:17:20,845,recharge,1,ios,0
T004773,U00744,2026-09-30 18:43:24,1248,fuel,1,ios,0
T008724,U00083,2026-04-02 22:07:37,5508,transfer,2,ios,0
T001234,U00985,2026-01-16 11:57:18,380,grocery,2,android,0
T006722,U00278,2026-07-25 13:24:56,1881,transfer,3,android,0
T014370,U00581,2026-05-28 15:54:37,973,shopping,3,ios,0
T014639,U01506,2026-09-30 08:18:35,146,recharge,3,ios,0
T004432,U00058,2026-06-17 10:04:23,1415,fuel,1,android,0
T006948,U00912,2026-01-13 11:31:28,824,shopping,2,ios,0
T006254,U00849,2026-01-16 18:37:58,506,shopping,3,android,0
T014481,U01744,2026-07-28 02:55:07,530,recharge,2,android,0
T000713,U00930,2026-02-11 22:41:39,549,shopping,2,android,0
T003931,U01805,2026-06-15 18:05:13,2180,grocery,1,ios,0
T007731,U00766,2026-03-09 00:34:11,5881,shopping,3,android,0
T011015,U01849,2026-01-04 01:28:50,4395,shopping,2,ios,0
T010916,U01382,2026-03-01 00:28:30,8600,transfer,1,ios,0
T004163,U01550,2026-04-17 06:38:38,8812,shopping,2,android,0
T011512,U01426,2026-06-09 16:35:02,1930,fuel,2,ios,0
T005350,U00659,2026-07-22 20:12:07,4975,transfer,3,android,0
T000627,U00922,2026-03-14 16:45:12,1540,shopping,2,ios,0
T008823,U01433,2026-08-25 05:30:36,192,recharge,1,ios,0
T006244,U00510,2026-01-25 21:08:06,190,recharge,1,ios,0
T013469,U01327,2026-09-18 15:40:50,534,recharge,3,android,0
T006360,U00354,2026-02-05 20:49:50,621,recharge,3,android,0
T009382,U00341,2026-06-21 17:23:07,2354,transfer,3,android,0
T000113,U01643,2026-05-20 11:10:02,2165,shopping,1,ios,0
T000459,U01592,2026-01-24 07:47:13,108,grocery,2,android,0
T014517,U00807,2026-01-13 05:16:03,1761,grocery,1,ios,0
T002045,U01266,2026-06-08 06:46:15,390,grocery,3,android,0
T015032,U00606,2026-01-11 23:18:00,2000,transfer,1,web,1
T012293,U00255,2026-05-14 11:08:36,663,recharge,3,android,0
T007848,U01705,2026-06-08 10:40:19,969,shopping,2,android,0
T005356,U00543,2026-06-20 03:11:01,2389,shopping,1,android,0
T010883,U00165,2026-09-27 08:41:39,597,recharge,2,android,0
T002727,U01366,2026-08-14 11:12:48,4167,fuel,2,ios,0
T006320,U00348,2026-03-03 08:53:29,2076,shopping,1,ios,0
T004474,U01144,2026-06-19 02:32:11,167,grocery,3,android,1
T003241,U00985,2026-05-07 14:48:21,10927,grocery,1,web,0
T011875,U00688,2026-08-26 18:10:45,29974,transfer,3,ios,0
T012027,U01620,2026-02-09 12:54:41,305,grocery,1,ios,0
T005964,U01560,2026-08-08 22:13:33,1315,shopping,1,android,0
T012087,U00117,2026-07-03 13:53:15,332,recharge,1,ios,0
T009466,U01819,2026-02-24 09:26:38,170,grocery,2,ios,0
T008357,U00844,2026-06-10 02:10:46,620,fuel,2,ios,0
T012315,U00336,2026-06-10 14:22:48,1190,grocery,2,ios,0
T011070,U00632,2026-01-09 12:39:20,1361,transfer,3,ios,0
T006658,U00526,2026-02-14 12:52:14,5016,shopping,3,android,0
T009181,U00332,2026-01-24 21:51:28,215,grocery,2,android,0
T002363,U00230,2026-08-03 13:54:16,6958,transfer,1,ios,0
T003251,U00350,2026-06-04 15:53:37,183,grocery,1,ios,0
T000748,U00144,2026-01-05 06:57:58,4246,transfer,1,ios,0
T011603,U01331,2026-05-26 08:01:33,8544,grocery,1,android,0
T008765,U00070,2026-03-19 20:47:22,739,fuel,3,android,0
T012895,U00303,2026-01-06 18:42:05,859,recharge,1,android,0
T002680,U00236,2026-05-11 17:59:34,1729,transfer,1,android,0
T007233,U00243,2026-08-21 13:07:33,501,fuel,2,ios,0
T009078,U01959,2026-05-22 06:47:38,4032,transfer,2,android,0
T009423,U01148,2026-08-12 08:37:58,928,fuel,1,ios,0
T011542,U01537,2026-01-20 21:05:33,436,transfer,1,ios,0
T010847,U01655,2026-06-30 13:55:04,205,grocery,1,ios,0
T010164,U00281,2026-05-24 15:18:31,342,recharge,1,android,0
T008106,U01676,2026-07-19 16:47:49,3050,shopping,2,ios,0
T000035,U01724,2026-05-08 23:33:05,2125,shopping,2,android,0
T001290,U00230,2026-06-13 01:22:49,5000,transfer,1,ios,1
T006862,U00808,2026-06-21 00:31:28,75,recharge,3,ios,0
T012661,U01693,2026-02-09 12:23:32,2352,grocery,3,ios,0
T006598,U01852,2026-07-20 13:38:00,150,recharge,1,android,0
T000171,U00429,2026-07-10 03:11:21,11076,fuel,3,android,0
T014145,U00337,2026-09-22 03:24:17,200,grocery,1,ios,0
T001453,U00910,2026-06-27 01:41:56,92,recharge,1,ios,0
T014914,U00711,2026-01-30 08:10:02,1439,transfer,2,android,0
T010702,U01034,2026-01-28 20:53:36,5460,transfer,2,android,0
T003843,U01813,2026-08-11 04:26:19,140,recharge,3,android,0
T006932,U01028,2026-01-04 02:25:10,1277,fuel,3,android,0
T003116,U01889,2026-04-18 14:42:18,474,recharge,2,android,0
T004714,U01380,2026-06-13 04:54:42,10000,transfer,2,web,1
T001209,U01486,2026-04-28 06:42:47,707,grocery,2,ios,0
T011583,U00806,2026-07-25 09:49:10,3441,fuel,1,android,0
T012501,U00630,2026-02-14 11:00:10,832,grocery,1,ios,0
T001699,U01497,2026-09-28 20:17:47,801,grocery,2,ios,0
T004463,U01967,2026-09-21 18:19:35,822,recharge,2,ios,0
T012970,U01633,2026-05-06 14:21:43,2483,grocery,3,android,0
T007791,U01573,2026-07-09 02:20:09,104,recharge,1,ios,0
T012798,U00620,2026-03-02 13:00:43,1034,grocery,1,ios,0
T000333,U00657,2026-05-31 11:40:35,176,grocery,3,ios,0
T004401,U00447,2026-09-17 20:39:39,3665,shopping,2,ios,0
T014399,U01644,2026-02-02 18:13:17,1401,grocery,3,ios,0
T013054,U01822,2026-08-04 19:33:59,3139,transfer,2,android,0
T006425,U01931,2026-01-02 20:49:42,7014,transfer,1,ios,0
T006001,U01530,2026-08-20 17:53:36,825,grocery,2,android,0
T010572,U01439,2026-09-30 02:40:29,8288,transfer,3,web,0
T012456,U00243,2026-09-18 16:37:54,4116,shopping,1,ios,0
T009434,U01749,2026-06-03 13:50:15,623,fuel,1,ios,0
T007780,U00361,2026-07-02 08:31:31,421,shopping,3,ios,0
T000806,U00714,2026-09-29 15:48:36,3367,transfer,2,ios,0
T001706,U00946,2026-07-23 16:27:09,18163,shopping,2,ios,0
T001701,U01697,2026-02-17 10:48:14,2028,shopping,2,android,0
T002856,U00414,2026-07-05 01:12:44,3489,fuel,1,android,0
T013486,U00508,2026-01-17 21:28:37,1140,grocery,1,ios,0
T003647,U00702,2026-09-03 18:50:25,322,shopping,1,android,0
T009616,U00857,2026-08-05 17:09:48,240,recharge,3,android,0
T011560,U01758,2026-06-28 07:17:17,1426,fuel,1,ios,0
T009533,U00740,2026-06-05 05:33:52,225,recharge,2,ios,0
T006403,U01058,2026-05-23 21:59:14,3211,shopping,3,android,0
T010863,U01959,2026-05-03 06:01:05,3643,fuel,3,android,0
T006659,U01376,2026-02-15 16:02:27,2381,shopping,2,android,0
T009152,U01819,2026-07-15 21:22:31,4736,transfer,3,ios,0
T000599,U01623,2026-04-12 16:08:52,712,fuel,1,ios,0
T003652,U01836,2026-01-05 07:50:14,512,grocery,1,android,0
T014014,U00542,2026-09-23 20:37:03,27863,transfer,1,ios,0
T007372,U00806,2026-09-22 00:04:35,4014,shopping,2,android,0
T015083,U00517,2026-03-01 08:55:00,5000,transfer,2,web,1
T011005,U01982,2026-08-18 07:03:01,116,recharge,2,ios,0
T002689,U01265,2026-06-25 16:06:34,1039,grocery,1,android,0
T001744,U00755,2026-01-07 12:45:15,4471,fuel,3,android,0
T003479,U00003,2026-01-29 22:41:12,92,recharge,1,ios,0
T007079,U00886,2026-07-16 20:43:21,421,fuel,3,android,0
T001971,U01814,2026-07-08 12:57:11,528,recharge,1,android,0
T012307,U00146,2026-04-21 23:35:57,2264,shopping,3,ios,0
T003976,U00444,2026-06-04 02:10:40,10971,shopping,2,ios,0
T004534,U01802,2026-04-28 07:13:26,425,recharge,1,android,0
T014415,U01852,2026-07-01 03:49:52,660,recharge,2,android,0
T010050,U01549,2026-01-02 20:28:11,177,recharge,2,android,0
T000350,U00713,2026-02-16 19:31:08,10462,transfer,2,ios,0
T002456,U01624,2026-02-06 04:15:12,6968,shopping,2,web,0
T008336,U00920,2026-04-15 07:09:00,13956,shopping,1,ios,0
T001923,U01423,2026-04-09 08:09:39,634,fuel,3,android,0
T002843,U01307,2026-01-04 09:20:31,3619,grocery,3,ios,0
T014148,U00657,2026-07-25 05:21:13,157,recharge,2,ios,0
T012769,U00011,2026-06-30 10:56:42,332,grocery,3,android,0
T008603,U00282,2026-09-09 23:36:44,4225,shopping,3,ios,0
T009854,U01004,2026-03-29 15:12:30,272,recharge,2,android,0
T003129,U01838,2026-05-09 01:31:15,359,recharge,3,ios,0
T006782,U00205,2026-05-03 02:50:15,1051,recharge,1,android,0
T010508,U01463,2026-06-25 02:11:11,1923,shopping,2,ios,0
T014810,U00767,2026-05-07 15:48:50,995,grocery,1,ios,0
T007591,U01736,2026-07-10 06:27:14,1936,transfer,3,ios,0
T014206,U00693,2026-03-20 04:58:00,1890,grocery,3,ios,0
T007773,U00235,2026-01-27 10:02:12,471,recharge,3,android,0
T002243,U00228,2026-01-28 18:01:42,2009,shopping,1,android,0
T008889,U00145,2026-04-07 18:49:09,2494,transfer,1,ios,0
T004119,U00780,2026-01-01 07:49:50,1909,grocery,1,android,0
T009786,U01899,2026-09-19 15:52:34,1003,grocery,1,ios,0
T008338,U00386,2026-08-27 03:42:04,423,recharge,2,android,0
T008849,U01695,2026-08-31 09:19:21,8556,transfer,1,android,0
T010361,U01571,2026-03-16 18:20:10,5382,shopping,2,ios,0
T008144,U01529,2026-02-19 13:41:45,1549,transfer,2,ios,0
T008452,U00935,2026-09-30 07:05:56,9304,transfer,1,ios,0
T013398,U00151,2026-04-23 21:04:01,1354,fuel,2,android,0
T000640,U01888,2026-02-20 22:29:11,1870,shopping,3,web,0
T006122,U01294,2026-08-23 10:15:57,316,recharge,1,ios,0
T003925,U00961,2026-02-27 04:02:57,5819,shopping,3,android,0
T000885,U01982,2026-08-08 21:07:52,1475,fuel,2,ios,0
T000907,U01877,2026-04-14 01:42:58,26343,transfer,3,ios,0
T004922,U01348,2026-09-10 00:29:04,1858,grocery,1,ios,0
T006612,U01128,2026-09-16 17:21:25,1841,fuel,3,android,0
T008293,U00211,2026-08-23 08:25:00,2297,grocery,1,android,0
T009601,U01213,2026-03-09 21:21:49,21890,transfer,1,android,0
T004185,U00678,2026-06-10 11:11:24,148,recharge,2,ios,0
T014921,U00114,2026-01-02 18:37:11,478,grocery,3,ios,0
T010121,U00307,2026-06-11 06:31:25,1130,fuel,1,android,0
T001157,U01792,2026-01-21 06:26:18,643,grocery,2,android,0
T013739,U00470,2026-08-11 21:09:33,5093,transfer,3,ios,0
T009406,U00535,2026-04-02 07:07:05,275,recharge,2,android,0
T010604,U01068,2026-06-22 23:34:01,11255,transfer,1,web,0
T002714,U00378,2026-02-24 07:23:09,1954,fuel,1,ios,0
T011747,U00727,2026-05-17 21:54:03,911,shopping,2,android,0
T011092,U00434,2026-03-05 00:32:09,477,recharge,1,ios,0
T006714,U01966,2026-06-06 06:48:49,14913,transfer,1,android,0
T004152,U01419,2026-08-15 11:23:28,2480,grocery,3,android,0
T004850,U01608,2026-02-13 02:26:15,2893,transfer,2,ios,0
T006663,U00556,2026-05-30 07:13:38,1088,fuel,1,ios,0
T000618,U00247,2026-05-01 10:21:13,1440,recharge,2,ios,0
T003033,U00760,2026-06-19 09:29:31,1841,grocery,3,android,0
T012532,U01139,2026-03-07 05:41:03,3119,transfer,3,android,0
T014273,U01620,2026-05-27 03:29:23,142,recharge,2,ios,0
T006686,U01261,2026-09-14 00:41:41,94,grocery,1,ios,0
T003900,U00909,2026-03-11 18:08:07,238,recharge,1,ios,0
T008866,U00996,2026-03-22 20:06:08,1638,grocery,2,android,0
T004970,U00123,2026-09-18 04:32:18,1218,fuel,1,ios,0
T000068,U01742,2026-06-16 20:33:50,2158,grocery,3,ios,0
T006047,U01535,2026-04-29 22:06:41,1767,fuel,1,android,0
T011903,U00303,2026-07-07 03:43:12,1178,shopping,1,android,0
T001797,U01545,2026-04-26 23:37:16,9574,transfer,3,ios,0
T011588,U01117,2026-09-02 12:11:54,1728,transfer,1,android,0
T010156,U01504,2026-08-16 06:09:39,4575,transfer,3,android,0
T014276,U01900,2026-01-31 08:28:39,265,recharge,1,android,0
T000676,U00794,2026-01-18 19:04:14,4196,fuel,2,ios,0
T012924,U00203,2026-09-06 02:20:23,4266,shopping,2,android,0
T006485,U01648,2026-08-22 13:19:54,549,recharge,2,ios,0
T002427,U00417,2026-02-07 23:27:31,5879,transfer,2,android,0
T013170,U01909,2026-02-19 19:55:54,1204,grocery,2,web,0
T014708,U01373,2026-07-15 00:03:32,2040,recharge,1,ios,0
T005273,U01856,2026-01-06 15:54:12,128,recharge,1,android,0
T010834,U00221,2026-04-08 05:11:29,1291,shopping,1,android,0
T015021,U01573,2026-02-08 14:50:00,10000,transfer,3,web,1
T014960,U01278,2026-09-30 01:19:16,2647,shopping,2,ios,0
T007940,U00643,2026-04-16 02:20:34,4484,fuel,1,android,0
T001338,U01550,2026-07-08 12:38:04,1523,transfer,1,android,0
T009755,U01112,2026-02-05 16:53:45,300,grocery,3,ios,0
T002606,U00426,2026-06-19 12:38:53,1046,fuel,2,android,0
T012553,U00168,2026-06-27 04:35:27,1340,grocery,3,android,0
T000823,U01754,2026-05-06 14:28:46,6324,shopping,2,ios,0
T014388,U01808,2026-07-31 21:52:24,7844,shopping,2,ios,0
T012978,U00612,2026-01-14 16:45:08,2507,fuel,3,ios,0
T011853,U00299,2026-04-10 14:04:27,2096,shopping,3,android,0
T004719,U01253,2026-06-14 03:24:01,5428,transfer,3,ios,0
T007515,U00591,2026-05-15 20:12:59,734,recharge,2,web,0
T005429,U00753,2026-05-05 15:54:21,555,shopping,2,ios,0
T003451,U00287,2026-07-09 05:57:16,480,fuel,1,android,0
T002011,U01046,2026-02-15 04:28:26,2000,recharge,1,android,1
T008427,U01463,2026-07-19 05:18:09,655,grocery,2,ios,0
T010897,U01784,2026-06-15 14:27:11,8628,shopping,2,android,0
T013456,U00524,2026-04-29 12:57:30,629,grocery,1,android,0
T002017,U00013,2026-03-07 08:11:22,2283,fuel,1,android,0
T010807,U01554,2026-09-12 14:03:16,132,recharge,1,ios,0
T009822,U01565,2026-02-10 23:27:37,3370,transfer,2,ios,0
T003484,U00003,2026-07-08 16:54:20,940,shopping,3,ios,0
T001782,U01180,2026-03-28 07:01:39,603,recharge,2,web,0
T006694,U00351,2026-09-08 22:26:32,900,fuel,3,android,0
T003086,U00982,2026-03-21 01:16:38,209,recharge,1,ios,0
T000847,U01079,2026-07-10 03:34:34,114,recharge,3,ios,0
T003473,U00555,2026-08-09 01:41:54,5000,transfer,2,web,1
T001852,U01664,2026-08-19 04:48:21,278,recharge,2,android,0
T013457,U01325,2026-09-28 10:50:51,4194,fuel,1,ios,0
T001145,U00261,2026-02-17 04:15:14,319,grocery,1,android,0
T009299,U00492,2026-09-02 15:54:10,162,recharge,3,android,0
T005207,U00502,2026-02-27 17:28:09,2041,transfer,3,ios,0
T008876,U01175,2026-05-10 10:58:55,10729,fuel,3,ios,0
T007634,U00292,2026-06-22 00:15:02,498,grocery,1,android,0
T010741,U00137,2026-03-05 11:36:57,1394,fuel,1,android,0
T005937,U00779,2026-08-08 20:55:33,363,recharge,1,android,0
T007119,U00961,2026-07-27 02:07:51,4443,transfer,3,android,0
T000093,U01731,2026-06-27 09:10:58,344,recharge,2,android,0
T009853,U01267,2026-05-09 16:53:40,1969,transfer,1,android,0
T009704,U01193,2026-08-31 17:19:06,1505,fuel,3,android,0
T012589,U00111,2026-09-16 08:12:42,4657,grocery,3,android,0
T003671,U00754,2026-07-19 10:36:41,1477,fuel,1,ios,0
T006025,U00643,2026-04-17 21:53:47,2867,transfer,3,android,0
T006961,U00660,2026-02-06 17:59:52,280,recharge,2,ios,0
T002255,U00249,2026-08-11 21:46:02,351,fuel,3,ios,0
T000139,U01550,2026-05-31 08:05:25,5823,shopping,1,android,0
T008614,U00823,2026-08-14 14:01:09,2004,transfer,1,ios,0
T001655,U01999,2026-03-27 17:22:22,4000,shopping,2,ios,0
T011192,U00738,2026-06-24 11:20:39,3626,fuel,2,ios,0
T013530,U01094,2026-02-16 10:41:51,832,shopping,1,android,0
T010583,U00802,2026-07-26 18:15:53,754,grocery,3,android,0
T011806,U01815,2026-08-21 12:30:32,112,grocery,1,ios,0
T014710,U01857,2026-02-12 01:23:37,3572,transfer,3,ios,0
T009000,U00230,2026-02-02 04:24:18,1387,recharge,1,ios,0
T007850,U00964,2026-07-07 17:33:47,184,grocery,1,ios,0
T005912,U01696,2026-02-01 11:25:18,745,grocery,1,ios,0
T002208,U00537,2026-04-02 20:55:17,702,grocery,3,ios,0
T010431,U00198,2026-01-20 08:32:42,703,fuel,1,android,0
T012945,U00436,2026-02-24 16:58:21,1169,recharge,1,ios,0
T013291,U01077,2026-09-01 19:52:46,718,recharge,2,ios,0
T013694,U00733,2026-02-22 16:06:15,667,grocery,3,android,0
T008099,U01270,2026-07-22 05:26:56,797,grocery,3,android,0
T009676,U01902,2026-07-17 22:23:06,1385,grocery,3,ios,0
T013199,U00878,2026-07-29 04:59:49,163,recharge,3,android,0
T010673,U00419,2026-03-16 14:01:24,1111,fuel,3,web,0
T002290,U00695,2026-01-12 15:51:14,1302,transfer,2,android,0
T005139,U00454,2026-07-15 21:04:22,4789,shopping,1,ios,0
T003835,U01452,2026-05-20 09:20:08,3040,transfer,1,android,0
T012329,U00730,2026-04-06 07:30:54,6410,transfer,1,ios,0
T008457,U01500,2026-02-22 10:32:39,840,grocery,3,ios,0
T007748,U01303,2026-04-04 03:42:09,2188,fuel,2,ios,0
T005949,U00042,2026-08-30 19:53:30,2469,grocery,3,ios,0
T009730,U00181,2026-08-13 16:42:36,1702,fuel,3,ios,0
T008687,U00674,2026-06-10 21:32:56,466,grocery,3,android,0
T002151,U00522,2026-03-12 14:23:09,665,fuel,1,android,0
T003935,U01513,2026-09-18 06:53:39,6494,transfer,2,ios,0
T007543,U00083,2026-03-11 09:22:49,1154,grocery,3,ios,0
T010283,U01126,2026-05-01 10:07:55,484,fuel,2,android,0
T000955,U01329,2026-05-17 18:50:47,12085,transfer,2,ios,0
T008562,U00202,2026-01-25 05:45:20,1384,shopping,3,android,0
T008369,U01785,2026-09-01 03:17:02,8681,shopping,3,ios,0
T010606,U01378,2026-05-30 18:07:31,3227,shopping,1,android,0
T000402,U00360,2026-09-19 03:54:08,1410,fuel,2,ios,0
T007472,U01117,2026-08-14 20:39:58,18996,transfer,1,android,0
T001822,U01221,2026-02-13 16:41:52,1103,transfer,3,android,0
T013983,U01808,2026-08-08 23:05:29,1948,fuel,2,ios,0
T000760,U00140,2026-06-19 23:52:48,1510,grocery,3,ios,0
T007926,U01440,2026-09-05 15:25:05,967,fuel,1,ios,0
T013657,U00245,2026-01-02 02:43:23,864,grocery,2,ios,0
T001239,U01164,2026-02-24 09:05:24,139,recharge,3,android,0
T013204,U01987,2026-05-06 00:39:00,41240,transfer,1,ios,0
T010849,U01397,2026-08-18 01:50:21,626,recharge,3,android,0
T012126,U01800,2026-01-09 10:26:32,2636,shopping,2,android,0
T007210,U00817,2026-04-06 00:39:10,2111,fuel,2,android,0
T009930,U01588,2026-08-11 11:25:04,645,shopping,2,android,0
T012295,U01822,2026-02-08 07:33:20,7327,shopping,3,android,0
T012634,U00675,2026-07-08 12:32:31,1457,grocery,2,android,0
T004703,U00311,2026-04-07 02:28:39,1756,transfer,2,android,0
T000581,U00248,2026-07-23 23:46:45,1577,shopping,3,android,0
T014955,U00529,2026-09-21 20:24:36,367,grocery,1,android,0
T006418,U01488,2026-02-25 08:06:28,2662,shopping,1,ios,0
T005180,U01651,2026-04-01 17:03:45,677,grocery,2,ios,0
T004726,U01924,2026-03-22 11:21:57,457,fuel,1,android,0
T011765,U00849,2026-08-14 20:21:50,2794,fuel,3,android,0
T009064,U00182,2026-02-06 17:51:23,654,fuel,3,android,0
T000330,U01114,2026-04-17 22:12:35,1230,recharge,2,android,0
T007866,U01123,2026-02-24 18:32:27,940,recharge,2,android,0
T014130,U01082,2026-05-17 10:10:36,771,transfer,1,android,0
T007623,U01839,2026-06-08 03:47:22,268,recharge,1,android,0
T011613,U00657,2026-01-10 18:12:08,1556,shopping,1,ios,0
T000704,U00741,2026-03-29 04:56:27,2689,shopping,1,ios,0
T005357,U01894,2026-02-20 17:36:07,1785,fuel,2,android,0
T005517,U00933,2026-07-11 12:40:14,5124,transfer,3,android,0
T008580,U01828,2026-01-14 00:23:09,1467,fuel,2,ios,0
T009861,U00945,2026-03-16 17:00:49,1958,fuel,3,android,0
T000126,U00655,2026-02-04 10:59:10,6756,fuel,3,android,0
T005199,U00999,2026-05-22 06:39:47,1849,shopping,1,android,0
T012984,U00275,2026-02-25 07:35:10,8624,shopping,3,web,0
T011594,U00071,2026-09-19 17:56:11,1220,shopping,3,android,0
T003205,U01772,2026-05-23 22:32:30,3328,shopping,1,ios,0
T001177,U01186,2026-07-23 03:06:41,242,recharge,2,ios,0
T000137,U00757,2026-06-20 18:40:40,1398,fuel,2,android,0
T004712,U01789,2026-05-18 07:53:50,1204,recharge,1,android,0
T008891,U01471,2026-09-08 17:25:09,343,grocery,2,android,0
T010188,U00966,2026-08-29 06:50:28,186,recharge,2,android,0
T005954,U01952,2026-03-28 06:26:35,110,grocery,2,android,0
T009446,U00820,2026-03-08 04:23:43,192,recharge,3,ios,0
T013358,U01681,2026-03-31 05:07:40,391,grocery,1,ios,0
T013380,U01913,2026-07-11 11:49:52,1795,fuel,3,android,0
T001325,U01795,2026-02-10 00:29:49,4860,transfer,2,android,0
T009938,U00857,2026-02-04 17:32:40,4011,fuel,2,android,0
T001901,U01998,2026-08-02 10:11:49,666,shopping,2,android,0
T005994,U01793,2026-01-25 22:26:12,764,transfer,2,android,0
T008785,U00941,2026-06-30 05:56:31,228,grocery,1,android,0
T009071,U01912,2026-05-20 16:16:00,25558,shopping,3,ios,0
T012036,U00557,2026-01-24 16:28:33,2132,shopping,3,ios,0
T014672,U01168,2026-04-11 23:57:41,101,recharge,1,android,0
T000277,U01201,2026-01-27 15:33:30,50000,fuel,3,ios,1
T015065,U00798,2026-07-07 05:53:00,10000,transfer,2,web,1
T001433,U01521,2026-07-09 22:37:31,1569,transfer,2,android,0
T008259,U00301,2026-03-15 01:45:07,2544,transfer,3,ios,0
T011655,U01482,2026-05-24 04:37:05,3776,transfer,2,ios,0
T014098,U00384,2026-05-10 16:05:30,982,grocery,2,ios,0
T003612,U01169,2026-05-11 06:00:19,976,recharge,3,ios,0
T002658,U00795,2026-01-19 06:46:25,2306,shopping,1,android,0
T004681,U00105,2026-06-23 21:57:28,1027,shopping,3,android,0
T011774,U00736,2026-01-14 22:44:51,148,recharge,3,android,0
T007636,U01431,2026-01-29 18:01:27,4345,fuel,3,android,0
T008836,U00010,2026-09-18 06:16:15,2200,shopping,1,android,0
T014025,U01036,2026-04-30 23:51:18,75,recharge,1,ios,0
T014292,U01763,2026-08-11 12:59:54,5107,shopping,1,android,0
T011259,U00930,2026-06-01 10:40:40,56,recharge,2,android,0
T001669,U01503,2026-05-26 20:09:25,1756,grocery,1,android,0
T008864,U01010,2026-02-23 20:49:47,947,recharge,2,android,0
T014243,U00158,2026-02-22 19:20:12,4160,transfer,3,android,0
T013571,U00682,2026-05-31 03:50:39,3163,grocery,2,android,0
T008195,U00245,2026-02-12 18:09:26,373,recharge,1,ios,0
T009015,U01523,2026-01-14 02:20:07,1861,fuel,3,android,0
T011533,U00952,2026-07-06 15:53:36,483,recharge,1,ios,0
T009582,U00888,2026-07-14 13:39:53,112,recharge,3,ios,0
T014410,U01107,2026-06-08 17:44:36,2547,fuel,2,android,0
T013730,U00283,2026-04-04 19:30:23,3224,shopping,1,android,0
T010844,U01468,2026-09-20 13:31:18,3459,shopping,1,ios,0
T009066,U00481,2026-08-06 20:08:50,2262,shopping,3,ios,0
T010075,U00527,2026-04-29 15:57:52,438,grocery,3,android,0
T012738,U00088,2026-07-18 18:56:43,234,recharge,1,ios,0
T008635,U00682,2026-01-01 22:46:06,1918,fuel,2,android,0
T002404,U00159,2026-01-28 17:59:20,415,grocery,2,android,0
T003913,U01482,2026-03-20 20:52:05,1327,fuel,1,ios,0
T006488,U01032,2026-05-27 19:20:21,2776,transfer,1,android,0
T002876,U00170,2026-02-07 08:29:16,92,recharge,1,ios,0
T010578,U01687,2026-04-20 15:14:59,3337,transfer,1,android,0
T003404,U01819,2026-01-26 17:14:15,208,fuel,3,ios,0
T009483,U01947,2026-07-12 22:30:52,3946,fuel,3,ios,0
T005138,U01629,2026-07-20 23:14:42,15069,transfer,1,android,0
T011990,U00195,2026-07-03 04:10:50,10984,shopping,2,ios,0
T008165,U01239,2026-07-22 05:28:08,546,grocery,1,ios,0
T005774,U00791,2026-01-05 05:06:32,553,grocery,2,android,0
T012302,U00359,2026-03-04 07:43:07,384,grocery,1,ios,0
T007595,U00784,2026-05-14 15:08:14,451,shopping,3,android,0
T013289,U00269,2026-04-08 20:07:12,3081,fuel,3,android,0
T009003,U00920,2026-04-07 00:51:50,5835,transfer,2,ios,0
T014233,U00068,2026-03-27 17:34:21,6227,transfer,2,ios,0
T000425,U01458,2026-08-20 11:49:34,2198,shopping,2,ios,0
T008803,U01089,2026-09-17 03:35:00,1701,recharge,3,android,0
T013121,U01903,2026-01-22 22:26:18,508,recharge,1,android,0
T006099,U00106,2026-07-26 07:57:59,14944,transfer,2,ios,0
T006434,U01952,2026-06-04 18:24:08,223,recharge,1,android,0
T008619,U01349,2026-04-05 00:42:52,1546,fuel,2,android,0
T000030,U00212,2026-02-06 03:25:18,1601,grocery,1,android,0
T004026,U00086,2026-01-16 01:58:01,201,recharge,3,ios,0
T006992,U00657,2026-04-15 05:03:14,5608,shopping,1,ios,0
T000476,U00345,2026-04-05 14:55:56,652,recharge,3,ios,0
T006483,U01340,2026-01-27 22:51:36,1130,shopping,2,web,0
T010387,U01616,2026-08-01 18:37:15,11562,shopping,1,android,0
T009752,U00820,2026-03-05 21:56:41,4013,shopping,3,ios,0
T006609,U00765,2026-06-17 16:23:34,185,fuel,2,android,0
T012615,U00002,2026-07-06 06:09:43,9743,transfer,2,android,0
T011706,U00480,2026-09-03 04:08:01,6067,shopping,2,android,0
T000266,U00581,2026-03-15 09:48:12,2625,shopping,3,ios,0
T010967,U01056,2026-04-25 19:39:54,17147,transfer,1,ios,0
T004302,U01559,2026-03-23 04:15:34,10418,transfer,2,android,0
T004361,U00804,2026-07-16 22:41:04,1043,shopping,2,ios,0
T014191,U00428,2026-01-17 01:12:48,475,fuel,2,ios,0
T012147,U01305,2026-01-01 22:14:19,554,grocery,3,android,0
T005874,U00970,2026-02-13 21:13:09,2772,shopping,2,ios,0
T003150,U00759,2026-09-25 04:33:13,546,grocery,1,ios,0
T014725,U01771,2026-03-11 05:17:21,394,shopping,3,ios,0
T012616,U01178,2026-08-08 19:05:03,95,grocery,2,ios,0
T005951,U00418,2026-04-06 09:57:08,1173,fuel,1,ios,0
T000666,U01458,2026-01-25 03:41:13,4375,transfer,2,ios,0
T003850,U01791,2026-04-21 09:00:54,332,recharge,2,android,0
T006538,U01638,2026-01-23 22:29:26,711,recharge,3,android,0
T008853,U00690,2026-07-25 20:13:24,2836,fuel,1,android,0
T003481,U01782,2026-02-26 01:23:42,2240,shopping,2,ios,0
T002522,U01999,2026-02-18 22:54:54,2140,shopping,1,ios,0
T003477,U01118,2026-01-24 19:19:36,507,recharge,1,ios,0
T003006,U01378,2026-04-25 21:33:17,617,fuel,3,android,0
T002371,U01641,2026-01-26 17:53:51,3651,transfer,3,android,0
T007196,U01023,2026-01-23 12:31:50,1024,grocery,3,android,0
T002667,U00429,2026-04-30 20:04:09,1750,grocery,1,android,0
T008795,U00933,2026-09-02 18:06:36,1428,shopping,1,android,0
T014036,U01418,2026-06-14 09:52:20,564,recharge,1,ios,0
T001687,U00426,2026-08-27 12:50:27,1898,fuel,2,android,0
T002556,U01348,2026-06-06 14:49:20,3267,grocery,1,ios,0
T009628,U00909,2026-09-29 10:43:32,3741,transfer,1,ios,0
T000448,U01306,2026-05-15 00:20:19,588,fuel,1,ios,0
T002409,U00666,2026-05-16 20:19:00,474,recharge,1,ios,0
T001221,U00776,2026-03-26 18:45:13,1514,shopping,1,ios,0
T013605,U00055,2026-06-04 04:14:10,2211,fuel,2,android,0
T006442,U00296,2026-03-23 06:16:37,430,grocery,2,android,0
T012163,U01109,2026-06-18 10:54:43,453,grocery,2,ios,0
T007504,U01490,2026-03-23 22:43:00,932,shopping,2,ios,0
T006774,U01050,2026-04-12 23:28:39,823,grocery,1,web,0
T001246,U00570,2026-09-10 10:24:28,982,shopping,3,ios,0
T011557,U00038,2026-03-25 22:21:14,839,grocery,2,android,0
T013708,U00186,2026-06-20 10:53:41,6248,shopping,2,ios,0
T003154,U00621,2026-03-23 15:38:33,3403,shopping,2,ios,0
T000229,U01800,2026-01-29 00:12:42,7845,transfer,3,android,0
T005698,U01136,2026-02-19 09:23:08,165,recharge,2,ios,0
T013828,U01527,2026-03-16 17:58:14,1523,fuel,2,ios,0
T011624,U01578,2026-03-15 03:45:19,1268,fuel,2,android,0
T009358,U01843,2026-02-08 07:07:50,1111,fuel,3,android,0
T012807,U00570,2026-07-16 10:36:13,2372,shopping,3,ios,0
T014120,U01917,2026-06-04 09:48:55,773,grocery,1,android,0
T007985,U00377,2026-04-27 23:52:57,17860,transfer,1,ios,0
T007129,U00460,2026-07-22 19:21:29,3394,fuel,1,android,0
T003734,U01821,2026-04-18 15:21:11,8687,fuel,3,ios,0
T002418,U00531,2026-08-16 02:33:33,1871,shopping,3,ios,0
T001297,U01786,2026-05-27 10:14:14,6463,fuel,2,ios,0
T008717,U00409,2026-02-13 08:37:54,8829,shopping,2,android,0
T012065,U00409,2026-09-16 05:17:16,103,recharge,3,android,0
T008682,U00433,2026-05-14 10:09:08,4178,shopping,3,android,0
T012600,U00811,2026-01-13 05:20:33,1546,fuel,2,ios,0
T002961,U01259,2026-07-15 12:12:43,729,grocery,3,android,0
T014909,U00134,2026-01-18 16:48:27,2589,grocery,1,ios,0
T000449,U00108,2026-04-28 00:56:42,738,fuel,2,android,0
T012194,U00098,2026-08-05 12:02:02,6843,shopping,3,ios,0
T007211,U00822,2026-01-15 23:54:45,3666,fuel,1,ios,0
T000542,U01204,2026-01-12 08:42:53,1133,fuel,1,ios,0
T010860,U00477,2026-03-20 13:05:36,2716,shopping,1,ios,0
T007116,U01902,2026-02-05 05:26:31,1966,fuel,2,ios,0
T005242,U00922,2026-03-03 10:12:36,23808,shopping,1,ios,0
T011745,U00122,2026-02-02 17:16:42,1312,grocery,3,android,0
T005748,U00381,2026-02-07 12:24:07,1080,shopping,2,ios,0
T002374,U01773,2026-07-30 10:12:54,4526,fuel,3,ios,0
T015006,U00671,2026-07-25 05:09:00,5000,transfer,3,web,1
T013589,U00029,2026-09-12 20:50:23,228,fuel,2,android,0
T010042,U01124,2026-06-09 10:32:19,830,grocery,1,android,0
T010772,U00203,2026-02-06 12:29:46,2450,transfer,2,android,0
T008464,U00630,2026-01-11 22:22:30,3558,shopping,2,android,0
T007814,U01932,2026-09-20 19:03:09,973,shopping,3,ios,0
T010384,U00599,2026-07-02 07:18:53,655,fuel,2,android,0
T007704,U00538,2026-02-15 12:50:55,2319,fuel,2,android,0
T009795,U01134,2026-08-01 23:18:51,3700,shopping,2,ios,0
T011994,U01281,2026-06-07 02:51:31,1084,fuel,1,android,0
T010956,U00116,2026-09-17 03:42:04,103,grocery,1,android,0
T004106,U01625,2026-09-15 03:29:55,1128,fuel,3,ios,0
T003491,U00551,2026-09-15 17:18:15,11518,transfer,3,ios,0
T005664,U01075,2026-08-09 00:23:31,5863,transfer,3,ios,0
T001289,U01536,2026-02-05 06:13:59,616,recharge,2,android,0
T010784,U00715,2026-02-01 02:39:46,4468,transfer,1,ios,0
T004064,U01019,2026-09-02 20:14:22,904,shopping,1,ios,0
T014998,U00946,2026-01-20 01:08:07,386,fuel,1,ios,0
T004574,U01361,2026-08-10 04:11:12,837,grocery,3,ios,0
T012611,U00015,2026-03-13 20:25:52,1009,grocery,2,android,0
T012351,U01293,2026-03-07 08:50:00,4260,transfer,1,android,0
T011062,U01603,2026-03-15 01:05:37,1803,shopping,2,ios,0
T008971,U01387,2026-06-10 01:10:47,280,recharge,3,ios,0
T000638,U01821,2026-09-08 22:49:56,2287,transfer,1,ios,0
T012552,U01219,2026-01-21 00:16:43,88,recharge,1,android,0
T011671,U00839,2026-02-03 19:49:32,4437,transfer,2,ios,0
T008417,U01530,2026-02-11 13:49:47,555,recharge,1,android,0
T004174,U01256,2026-04-22 20:33:17,746,recharge,3,android,0
T001826,U01405,2026-08-09 22:43:51,3701,transfer,3,android,0
T009192,U01831,2026-07-13 23:35:07,357,fuel,1,ios,0
T008674,U01824,2026-02-13 01:32:16,2081,shopping,1,ios,0
T008297,U01192,2026-04-11 18:34:23,306,recharge,2,web,0
T008021,U01496,2026-01-04 10:25:50,1529,shopping,3,ios,0
T004928,U01020,2026-09-04 23:56:35,1173,grocery,3,android,0
T011963,U01516,2026-05-17 00:33:09,1731,fuel,2,ios,0
T011641,U01804,2026-09-06 08:04:18,666,grocery,1,ios,0
T014389,U01772,2026-09-09 16:19:21,429,shopping,3,ios,0
T013993,U01727,2026-01-02 12:02:50,1616,transfer,3,android,0
T008792,U00840,2026-09-07 06:10:47,13189,transfer,3,ios,0
T009913,U00695,2026-08-18 20:44:36,336,recharge,3,android,0
T010389,U01801,2026-09-08 08:30:27,481,recharge,3,android,0
T002125,U01698,2026-02-22 17:06:45,1917,transfer,1,android,0
T003543,U01781,2026-05-14 07:30:19,13493,transfer,1,ios,0
T005918,U00787,2026-01-30 22:33:27,744,shopping,3,ios,0
T013282,U00544,2026-09-24 20:54:14,1408,fuel,3,android,0
T003868,U01147,2026-04-26 09:40:40,2827,shopping,3,ios,0
T010630,U01434,2026-08-15 00:56:05,367,recharge,1,android,0
T010070,U01866,2026-08-10 19:25:07,85,recharge,2,ios,0
T011746,U01280,2026-02-02 20:41:13,1305,shopping,1,ios,0
T007013,U00521,2026-09-10 08:14:29,6578,transfer,1,android,0
T005616,U01474,2026-02-15 11:10:55,88,recharge,3,android,0
T006405,U00567,2026-07-28 22:10:03,5045,shopping,3,web,0
T010166,U00304,2026-05-18 04:35:48,924,recharge,3,ios,0
T011800,U00194,2026-06-07 23:01:51,5718,transfer,3,android,0
T001207,U00939,2026-07-23 07:55:16,2793,shopping,1,ios,0
T001491,U01536,2026-02-11 07:58:05,1522,transfer,3,android,0
T001754,U00811,2026-02-06 16:57:18,257,recharge,3,ios,0
T008977,U00930,2026-01-24 00:01:02,211,grocery,3,android,0
T012177,U01878,2026-03-30 19:06:27,2007,fuel,2,android,0
T006735,U00480,2026-06-21 03:22:45,2030,shopping,1,android,0
T014982,U01878,2026-05-16 14:27:37,6320,fuel,2,android,0
T004588,U01020,2026-02-20 12:26:30,1775,transfer,1,android,0
T009934,U00396,2026-04-02 09:33:45,1514,recharge,2,ios,0
T011949,U01552,2026-04-11 23:16:05,1092,fuel,3,android,0
T006606,U00922,2026-09-22 20:33:44,9021,transfer,1,ios,0
T011651,U01607,2026-08-20 23:52:55,336,recharge,3,ios,0
T014973,U01427,2026-05-26 15:56:40,1811,fuel,3,android,0
T010007,U01753,2026-04-15 11:38:45,2903,transfer,1,ios,0
T003513,U00932,2026-07-02 18:39:21,1739,shopping,3,ios,0
T014540,U01616,2026-06-05 18:55:47,287,fuel,3,android,0
T009540,U00350,2026-08-15 07:56:39,6298,transfer,1,ios,0
T012827,U01370,2026-01-25 21:41:36,1306,grocery,2,ios,0
T012397,U01690,2026-02-18 19:12:37,627,grocery,1,ios,0
T004256,U00401,2026-05-30 04:17:50,1574,shopping,3,android,0
T010022,U00921,2026-05-26 01:14:36,3254,shopping,3,android,0
T007195,U01548,2026-02-13 14:11:06,747,fuel,2,ios,0
T010079,U01958,2026-07-16 16:39:10,666,fuel,2,android,0
T002390,U00856,2026-03-26 14:51:51,4360,fuel,2,ios,0
T006465,U00549,2026-06-01 00:15:04,1212,recharge,2,android,0
T003679,U00992,2026-08-28 08:53:31,9662,transfer,1,android,0
T014140,U00796,2026-09-28 06:15:06,1127,fuel,1,android,0
T005916,U01205,2026-01-20 08:38:12,6193,transfer,3,ios,0
T007658,U00731,2026-05-24 01:31:05,2851,shopping,3,ios,0
T011881,U01221,2026-06-04 11:11:07,1159,grocery,2,android,0
T003826,U01846,2026-01-10 07:16:35,169,recharge,3,ios,0
T006096,U00178,2026-07-10 10:16:08,8169,transfer,2,ios,0
T006317,U00669,2026-01-12 08:37:17,4146,fuel,2,ios,0
T005041,U01990,2026-09-17 20:45:36,2646,transfer,1,web,0
T005204,U00855,2026-07-26 06:04:40,5110,transfer,3,android,0
T010184,U00163,2026-01-24 03:46:27,1728,fuel,3,ios,0
T007981,U01960,2026-02-15 21:44:12,4380,transfer,3,ios,0
T004451,U00364,2026-07-23 19:47:14,354,recharge,1,android,0
T006054,U00676,2026-06-10 13:14:32,171,recharge,3,android,0
T008829,U01410,2026-07-04 20:32:17,466,recharge,3,android,0
T012053,U00923,2026-03-19 05:21:35,1687,fuel,3,android,0
T001887,U00024,2026-05-30 21:10:36,592,fuel,3,ios,0
T005824,U01833,2026-05-13 00:56:48,1790,transfer,3,android,0
T005666,U01339,2026-01-13 17:15:51,969,fuel,3,ios,0
T011257,U00346,2026-07-28 07:21:40,1588,transfer,2,android,0
T001425,U00887,2026-01-31 20:10:23,941,fuel,1,android,0
T007627,U01476,2026-03-12 08:25:58,357,fuel,2,ios,0
T006923,U01040,2026-07-29 19:54:42,912,fuel,2,ios,0
T008854,U00713,2026-06-27 11:38:26,1218,grocery,2,ios,0
T002171,U01067,2026-09-05 16:46:54,18,recharge,3,android,0
T001420,U01606,2026-02-21 09:29:57,5857,transfer,2,android,0
T002021,U00193,2026-01-20 13:14:21,27484,transfer,3,ios,0
T012352,U00783,2026-09-08 04:34:18,856,fuel,2,android,0
T003687,U00810,2026-02-28 04:12:32,658,fuel,3,ios,0
T011504,U00889,2026-01-20 06:03:46,812,recharge,3,ios,0
T003986,U01667,2026-05-01 18:08:26,15104,transfer,2,ios,0
T007173,U01136,2026-09-04 16:36:05,1587,fuel,3,ios,0
T011638,U01905,2026-05-26 12:53:04,169,recharge,1,android,0
T000652,U00739,2026-07-25 16:41:54,1282,fuel,1,ios,0
T000233,U01405,2026-06-19 23:26:14,106,recharge,3,android,0
T004841,U01148,2026-04-05 17:21:31,724,grocery,3,ios,0
T005630,U00169,2026-06-11 16:41:33,89,recharge,3,android,0
T004873,U01765,2026-04-27 11:21:37,213,recharge,1,ios,0
T005021,U00758,2026-05-25 02:13:15,637,grocery,2,ios,0
T003431,U00015,2026-02-11 02:22:57,21781,transfer,2,android,0
T011477,U01451,2026-02-15 13:28:38,367,recharge,1,ios,0
T005538,U00003,2026-06-27 22:40:33,3364,shopping,1,ios,0
T002215,U00767,2026-05-27 17:37:44,2034,fuel,2,ios,0
T004148,U00932,2026-06-25 22:53:17,986,shopping,1,ios,0
T009579,U01270,2026-05-23 06:29:18,768,shopping,3,android,0
T010410,U00568,2026-05-21 00:28:29,294,recharge,1,ios,0
T000809,U00350,2026-01-12 08:22:00,447,grocery,1,ios,0
T011076,U00174,2026-02-25 01:36:24,17320,fuel,3,android,0
T012718,U00031,2026-04-27 15:57:50,675,grocery,2,ios,0
T009738,U00208,2026-02-24 10:52:18,994,fuel,2,web,0
T006507,U01523,2026-04-27 10:09:21,218,recharge,2,android,0
T001518,U01534,2026-07-17 21:19:29,8175,fuel,2,android,0
T000877,U00574,2026-04-08 23:15:43,7418,shopping,1,ios,0
T008430,U00750,2026-08-26 16:49:12,96,recharge,3,ios,0
T005894,U01350,2026-04-30 02:02:35,705,grocery,2,android,0
T001415,U01611,2026-07-12 03:24:11,686,grocery,2,android,0
T006990,U00883,2026-09-02 10:49:59,1375,recharge,2,android,0
T007913,U00339,2026-01-24 23:23:54,4621,shopping,2,android,0
T006516,U01277,2026-03-22 01:07:08,6299,fuel,3,android,0
T004604,U01568,2026-09-03 08:43:42,1933,fuel,3,android,0
T012487,U00176,2026-01-03 03:28:20,3504,grocery,1,android,0
T007692,U01634,2026-01-11 07:05:21,2057,shopping,2,ios,0
T011699,U00202,2026-01-31 18:34:45,7263,transfer,1,web,0
T000669,U01036,2026-02-20 05:57:26,6618,fuel,2,ios,0
T013689,U01423,2026-07-27 07:47:35,5214,transfer,2,android,0
T007066,U00179,2026-02-15 06:35:58,885,shopping,3,ios,0
T003593,U01956,2026-05-01 16:59:48,5182,transfer,1,ios,0
T010432,U00780,2026-07-07 21:26:23,21905,transfer,1,android,0
T006557,U00789,2026-03-03 07:03:28,14376,shopping,3,ios,0
T002370,U01370,2026-06-27 01:13:47,1643,transfer,3,ios,0
T012885,U00066,2026-04-22 09:15:18,2372,shopping,3,ios,0
T013239,U01319,2026-04-16 23:23:06,718,fuel,2,android,0
T006050,U01845,2026-04-03 22:20:20,117,recharge,3,ios,0
T005740,U00672,2026-06-11 18:52:46,458,recharge,1,ios,0
T007114,U01235,2026-06-20 13:23:08,3892,grocery,2,android,0
T006941,U01371,2026-09-22 22:07:55,228,grocery,2,android,0
T008517,U01688,2026-09-27 16:18:25,1141,fuel,3,android,0
T012282,U00296,2026-01-25 17:27:19,5074,transfer,1,android,0
T009307,U01506,2026-06-25 15:01:23,280,recharge,3,ios,0
T007608,U01475,2026-08-15 22:26:01,8149,shopping,1,android,0
T001658,U00091,2026-03-06 20:54:16,11111,transfer,3,android,0
T002514,U00842,2026-03-31 15:24:30,1253,fuel,1,android,0
T008138,U00331,2026-06-17 07:37:44,402,fuel,3,ios,0
T001378,U01853,2026-05-09 10:49:11,3347,fuel,3,ios,0
T002908,U00051,2026-04-23 23:27:59,106,recharge,1,ios,0
T003235,U00497,2026-01-13 19:38:26,2305,transfer,3,ios,0
T006595,U00081,2026-08-21 11:06:36,784,transfer,1,ios,0
T009970,U01519,2026-04-25 00:35:30,197,recharge,3,ios,0
T014569,U00622,2026-07-31 22:05:44,856,grocery,2,android,0
T004012,U00482,2026-01-08 06:24:45,1266,shopping,1,android,0
T005805,U01508,2026-09-19 22:15:02,2000,grocery,2,android,0
T003343,U01623,2026-04-25 22:06:05,1317,grocery,2,ios,0
T007454,U00838,2026-08-21 19:38:48,2469,transfer,1,ios,0
T000626,U00093,2026-04-26 14:16:33,282,grocery,2,android,0
T014615,U00970,2026-09-23 03:22:21,1221,grocery,1,ios,0
T000719,U00958,2026-08-13 15:10:44,2915,shopping,3,android,0
T002250,U01979,2026-02-10 22:05:01,2047,shopping,3,ios,0
T008108,U00623,2026-08-24 14:01:34,153,recharge,2,android,0
T004339,U00185,2026-06-01 22:49:18,319,recharge,3,ios,0
T002168,U01103,2026-07-28 01:52:56,1498,fuel,2,android,0
T006055,U01936,2026-05-10 14:45:14,885,fuel,2,ios,0
T007007,U00810,2026-01-28 15:04:21,1597,fuel,1,ios,0
T011521,U00186,2026-05-23 07:41:22,574,recharge,3,ios,0
T006268,U01738,2026-09-30 03:40:56,2486,grocery,2,android,0
T002356,U01276,2026-04-18 04:42:57,4727,shopping,1,ios,0
T005369,U00456,2026-01-31 20:58:59,8001,shopping,3,android,0
T007054,U01064,2026-02-01 04:08:22,4077,fuel,1,ios,0
T010609,U01764,2026-08-17 00:55:41,500,recharge,1,ios,0
T009337,U00473,2026-07-08 02:10:34,113,fuel,1,ios,0
T007699,U00712,2026-09-04 05:50:05,296,shopping,1,ios,0
T012561,U00292,2026-08-13 16:48:15,444,fuel,1,android,0
T010624,U01192,2026-08-27 11:59:04,4026,transfer,1,ios,0
T011082,U00125,2026-07-20 11:20:14,2344,grocery,2,android,0
T001679,U01952,2026-07-29 08:08:10,1018,grocery,2,android,0
T008254,U01661,2026-05-24 21:19:46,853,shopping,2,android,0
T005473,U00403,2026-04-01 23:44:23,116,recharge,3,ios,0
T008091,U00291,2026-04-24 22:50:49,1927,transfer,3,android,0
T010880,U00705,2026-05-23 06:35:43,2127,grocery,2,android,0
T010224,U01882,2026-03-02 04:40:47,2469,transfer,3,android,0
T005037,U00789,2026-07-20 05:53:37,2521,fuel,1,ios,0
T004132,U00030,2026-03-24 04:27:29,9552,transfer,3,android,0
T011171,U01290,2026-07-20 23:35:36,945,fuel,2,ios,0
T012291,U00074,2026-05-24 06:43:12,2471,fuel,3,ios,0
T001266,U00040,2026-04-10 09:26:03,904,fuel,1,android,0
T008345,U00551,2026-03-11 02:14:46,2748,fuel,1,ios,0
T013178,U00486,2026-08-10 16:57:58,269,recharge,3,android,0
T004879,U00163,2026-06-21 19:52:15,547,fuel,3,ios,0
T006222,U01824,2026-08-16 05:52:47,217,grocery,2,ios,0
T010081,U01722,2026-05-11 01:00:28,374,fuel,1,ios,0
T008467,U00241,2026-05-18 18:14:20,1749,fuel,3,android,0
T000502,U01541,2026-03-29 13:13:38,165,shopping,3,ios,0
T013221,U00193,2026-01-28 11:04:34,1036,fuel,2,ios,0
T001898,U00086,2026-01-02 02:34:42,7149,shopping,3,ios,0
T006908,U01169,2026-07-28 20:07:40,795,fuel,1,ios,0
T005516,U00388,2026-07-02 19:40:22,794,grocery,3,ios,0
T007435,U01837,2026-08-17 03:56:18,742,grocery,3,ios,0
T004520,U01822,2026-07-21 16:10:10,270,grocery,1,android,0
T008578,U01318,2026-01-23 02:45:35,674,shopping,3,ios,0
T011016,U00711,2026-07-24 15:19:05,3117,shopping,1,android,0
T001110,U00644,2026-02-16 00:58:34,422,grocery,2,android,0
T000115,U00733,2026-02-08 21:19:10,1496,shopping,1,android,0
T004217,U00597,2026-01-31 21:27:17,333,grocery,3,ios,0
T000538,U00906,2026-05-13 20:05:30,1207,shopping,3,ios,0
T003540,U01671,2026-03-05 09:17:33,7558,transfer,1,ios,0
T008878,U01279,2026-05-03 16:30:22,11171,shopping,3,android,0
T008055,U00463,2026-01-08 21:22:40,766,shopping,3,ios,0
T008239,U00126,2026-06-26 10:19:08,647,grocery,1,android,0
T005586,U00680,2026-06-04 11:00:55,50,recharge,2,android,0
T011235,U00543,2026-05-01 22:23:09,103,recharge,2,android,0
T009249,U00963,2026-08-12 10:55:55,2448,grocery,1,ios,0
T003027,U01184,2026-03-09 18:27:12,1311,shopping,1,ios,0
T003992,U01461,2026-09-29 14:05:52,502,fuel,3,ios,0
T010354,U01308,2026-05-27 18:36:45,64,recharge,1,android,0
T014403,U01430,2026-08-06 04:21:03,1319,grocery,1,android,0
T011954,U00880,2026-06-03 16:31:13,719,fuel,2,ios,0
T014520,U00872,2026-07-29 19:49:10,1017,fuel,1,android,0
T008680,U00129,2026-03-20 04:24:56,568,grocery,2,android,0
T003480,U01112,2026-01-29 20:15:11,2007,shopping,1,android,0
T004737,U01407,2026-05-31 13:58:59,3850,shopping,1,ios,0
T004996,U01382,2026-06-27 18:31:54,12903,shopping,3,ios,0
T002139,U00096,2026-01-27 10:45:02,1378,fuel,3,android,0
T009254,U01082,2026-07-26 23:14:24,4745,fuel,2,android,0
T001762,U01922,2026-07-21 06:41:42,8296,transfer,1,android,0
T009252,U01003,2026-04-11 06:43:18,191,recharge,3,android,0
T002016,U01424,2026-06-22 03:53:59,50000,shopping,1,ios,1
T002617,U00008,2026-06-03 09:24:03,2921,shopping,2,android,0
T011019,U00705,2026-02-15 23:59:07,120,recharge,3,android,0
T001808,U01800,2026-02-05 23:07:57,2761,grocery,3,android,0
T012947,U00377,2026-06-14 08:03:25,3765,grocery,3,ios,0
T013984,U01561,2026-07-02 04:18:57,316,grocery,2,android,0
T002695,U01743,2026-01-18 11:15:18,321,recharge,1,android,0
T000897,U01327,2026-03-11 00:36:12,1434,recharge,1,android,0
T012158,U01293,2026-09-17 15:39:18,571,grocery,2,android,0
T014239,U01109,2026-08-21 20:30:48,1065,shopping,3,ios,0
T001095,U00249,2026-09-14 00:10:06,2674,shopping,1,ios,0
T002524,U00138,2026-03-30 02:11:53,677,recharge,3,ios,0
T003750,U01841,2026-04-13 06:23:43,244,grocery,2,ios,0
T001850,U00122,2026-03-22 11:25:31,2201,grocery,3,android,0
T007938,U00073,2026-06-18 17:55:50,75,recharge,3,ios,0
T008386,U00572,2026-02-14 20:46:15,1539,fuel,3,android,0
T003886,U00396,2026-01-24 20:46:18,210,recharge,2,ios,0
T007633,U01138,2026-01-15 09:37:17,2246,shopping,2,ios,0
T011715,U00982,2026-09-20 23:48:36,3015,transfer,2,ios,0
T000902,U01114,2026-01-09 05:40:19,523,recharge,3,android,0
T009316,U00220,2026-09-18 07:29:46,5328,transfer,3,web,0
T013503,U01192,2026-04-07 00:55:04,6404,fuel,2,ios,0
T013831,U01288,2026-02-22 02:42:40,1432,grocery,1,android,0
T006419,U01763,2026-05-14 09:00:24,2046,shopping,3,android,0
T005467,U00328,2026-07-25 20:41:25,2963,fuel,1,ios,0
T015012,U00499,2026-07-27 13:25:00,5000,transfer,2,web,1
T014411,U01415,2026-03-28 02:35:36,342,grocery,2,android,0
T007234,U01143,2026-06-22 14:09:02,848,recharge,2,android,0
T002766,U00873,2026-08-10 10:46:16,8001,transfer,3,android,0
T012513,U01373,2026-04-22 01:47:33,7708,transfer,3,ios,0
T012791,U00881,2026-03-24 14:43:46,1883,shopping,2,ios,0
T007735,U00590,2026-02-07 15:46:33,859,transfer,1,android,0
T014202,U00523,2026-05-26 23:06:17,102,recharge,3,android,0
T005702,U00261,2026-06-12 11:39:56,379,grocery,2,ios,0
T004786,U00757,2026-08-28 09:40:08,1517,shopping,2,web,0
T000506,U01963,2026-02-13 12:08:41,1463,grocery,1,android,0
T012669,U01876,2026-07-16 03:57:20,244,grocery,2,ios,0
T009187,U01903,2026-07-18 06:17:22,1483,shopping,2,android,0
T007695,U00394,2026-09-04 21:26:51,2510,grocery,3,ios,0
T001044,U00581,2026-01-05 06:42:37,5686,transfer,1,ios,0
T001508,U00069,2026-06-13 23:42:14,1702,recharge,2,android,0
T004499,U00093,2026-02-17 18:47:27,451,fuel,1,android,0
T008337,U00690,2026-04-02 20:00:35,727,recharge,3,android,0
T009981,U01084,2026-09-29 08:27:05,1906,fuel,2,android,0
T013442,U00448,2026-09-22 15:28:50,562,fuel,2,ios,0
T009573,U01408,2026-03-31 03:18:06,86,recharge,3,android,0
T006150,U01229,2026-01-21 02:45:58,967,fuel,1,ios,0
T004147,U01427,2026-06-02 12:11:10,89,recharge,2,ios,0
T007369,U00386,2026-09-01 13:07:51,483,grocery,1,android,0
T014448,U00067,2026-07-21 12:33:37,519,recharge,2,android,0
T010412,U00907,2026-03-21 04:08:56,1378,fuel,1,android,0
T009594,U01455,2026-01-21 10:34:17,1000,recharge,3,ios,0
T010263,U01783,2026-03-31 13:21:48,265,recharge,3,android,0
T008397,U01080,2026-04-17 03:55:07,3219,fuel,3,ios,0
T001292,U00033,2026-05-06 13:06:12,309,recharge,3,ios,0
T009801,U01216,2026-01-23 18:14:56,8235,shopping,1,ios,0
T012855,U01227,2026-09-03 03:57:35,325,recharge,2,android,0
T014728,U00065,2026-02-08 20:16:08,751,fuel,3,android,0
T005978,U00065,2026-06-18 14:40:19,4075,fuel,3,ios,0
T008331,U01642,2026-01-24 02:14:22,2662,shopping,2,ios,0
T001366,U01915,2026-03-12 01:36:21,353,recharge,1,ios,0
T012694,U00448,2026-08-31 18:24:03,240,grocery,1,ios,0
T002373,U00298,2026-01-04 03:02:32,13951,transfer,1,ios,1
T001870,U00944,2026-06-09 12:23:31,3250,shopping,1,ios,0
T012040,U00240,2026-02-03 18:25:19,5728,fuel,2,android,0
T005007,U00604,2026-02-26 11:58:11,368,recharge,1,ios,0
T010479,U01668,2026-05-11 14:48:34,1837,shopping,2,ios,0
T005281,U01559,2026-06-09 18:09:23,2298,shopping,2,android,0
T003867,U01371,2026-06-23 19:25:59,2507,fuel,3,android,0
T001759,U01792,2026-07-20 02:56:49,522,shopping,1,android,0
T001454,U00334,2026-01-07 14:02:36,2843,shopping,1,android,0
T012772,U01354,2026-09-09 15:45:39,250,fuel,1,ios,0
T008041,U00382,2026-02-11 18:27:11,265,recharge,3,android,0
T009123,U01371,2026-09-16 01:14:36,9496,transfer,3,android,0
T009450,U01107,2026-03-16 10:53:53,346,grocery,3,android,0
T012679,U01343,2026-03-09 12:54:33,6241,shopping,1,android,0
T010172,U00347,2026-08-23 17:22:38,14451,transfer,3,ios,0
T010616,U01053,2026-09-05 00:04:52,8749,transfer,2,android,0
T006581,U00093,2026-07-20 06:49:19,17593,transfer,1,android,0
T013242,U00914,2026-06-10 00:30:14,326,recharge,2,android,0
T001064,U01130,2026-01-17 05:03:14,1484,transfer,1,android,0
T004887,U00908,2026-07-05 07:21:21,2078,fuel,1,android,0
T012910,U00216,2026-06-23 04:01:26,41,recharge,2,ios,0
T006875,U01581,2026-03-26 22:25:40,4483,transfer,1,ios,0
T014356,U01422,2026-05-27 16:31:01,2613,transfer,2,ios,0
T005754,U00748,2026-06-18 00:24:50,1157,grocery,2,ios,0
T009996,U01792,2026-03-26 14:58:15,971,fuel,3,android,0
T007449,U01419,2026-05-14 23:14:30,1075,grocery,3,android,0
T003398,U01942,2026-03-04 06:44:07,2026,shopping,2,ios,0
T008085,U01850,2026-04-02 14:16:25,6717,transfer,1,android,0
T012568,U00931,2026-08-21 22:05:41,234,grocery,2,ios,0
T007434,U01673,2026-06-24 22:15:31,688,fuel,3,ios,0
T009777,U00545,2026-02-13 13:12:33,3902,transfer,3,android,0
T013304,U01868,2026-04-16 15:22:36,3463,shopping,3,android,0
T005404,U00327,2026-04-23 04:13:54,274,recharge,3,android,0
T007887,U00384,2026-09-19 10:17:58,15059,transfer,3,ios,0
T013118,U01774,2026-09-17 21:44:58,937,fuel,1,android,0
T000695,U00805,2026-09-10 02:01:30,4147,shopping,1,ios,0
T010577,U01238,2026-01-20 08:05:09,1418,grocery,1,ios,0
T013669,U00685,2026-04-22 04:35:24,16156,shopping,3,android,0
T004118,U01614,2026-02-25 02:14:42,3684,shopping,1,ios,0
T008134,U00854,2026-09-01 11:54:18,576,grocery,3,android,0
T011956,U00376,2026-07-24 04:34:55,237,recharge,3,ios,0
T011454,U00417,2026-03-31 15:13:19,1839,grocery,1,ios,0
T000212,U01931,2026-07-27 08:20:05,574,transfer,3,ios,0
T013578,U01397,2026-08-02 18:56:46,941,shopping,3,android,0
T007189,U01800,2026-06-26 11:26:20,86,recharge,2,android,0
T005069,U01309,2026-02-03 07:38:42,2519,fuel,2,android,0
T012146,U01737,2026-08-21 21:49:53,194,recharge,1,ios,0
T001040,U00482,2026-09-22 14:22:00,1899,shopping,2,android,0
T003557,U01839,2026-05-14 23:23:28,1253,grocery,3,android,0
T003134,U00903,2026-01-04 01:58:17,7386,shopping,3,ios,0
T005022,U00368,2026-03-20 12:14:45,126,recharge,3,android,0
T003089,U01626,2026-08-04 03:39:34,2414,grocery,1,ios,0
T000778,U01068,2026-01-03 08:19:18,79,recharge,1,android,0
T010876,U01318,2026-07-07 12:24:59,894,shopping,2,ios,0
T003439,U01524,2026-05-14 08:20:43,3243,transfer,1,ios,0
T001713,U01528,2026-06-08 03:49:32,242,recharge,1,ios,0
T002531,U01078,2026-07-06 12:38:41,29980,transfer,3,ios,0
T011730,U01675,2026-06-17 03:21:15,1338,fuel,2,ios,0
T001038,U00138,2026-02-17 00:07:21,833,grocery,1,ios,0
T003018,U00352,2026-04-16 00:03:26,292,fuel,3,android,0
T010810,U00018,2026-09-02 13:07:10,960,fuel,2,android,0
T005072,U01226,2026-09-22 23:59:57,2093,recharge,1,android,0
T013755,U00628,2026-08-05 02:14:48,648,grocery,3,android,0
T008542,U01943,2026-08-24 21:52:20,1921,transfer,1,android,0
T014613,U01041,2026-02-23 17:01:25,4775,fuel,1,android,0
T009215,U00690,2026-02-13 06:48:09,519,fuel,3,android,0
T003676,U01124,2026-01-09 21:29:36,4052,shopping,2,android,0
T006412,U01232,2026-06-12 13:33:49,1599,transfer,3,ios,0
T008605,U00799,2026-09-25 16:35:03,529,shopping,3,ios,0
T000178,U01623,2026-04-10 08:07:40,2430,grocery,2,ios,0
T000801,U01397,2026-05-21 06:43:37,450,recharge,2,android,0
T004988,U01136,2026-03-19 23:19:22,657,grocery,3,ios,0
T013904,U01672,2026-05-12 07:46:04,822,grocery,1,android,0
T002319,U01238,2026-04-11 15:20:25,1840,shopping,3,ios,0
T011348,U01595,2026-04-05 01:47:26,338,recharge,1,ios,0
T010420,U01554,2026-08-21 05:55:14,672,grocery,3,ios,0
T008368,U01675,2026-06-25 14:03:35,11858,shopping,3,ios,0
T010346,U01043,2026-07-25 19:30:48,332,grocery,3,ios,0
T013240,U01181,2026-05-13 13:49:53,24358,transfer,1,android,0
T006602,U01785,2026-05-21 07:37:24,2319,shopping,2,ios,0
T001398,U00832,2026-06-25 15:51:05,4339,transfer,2,ios,0
T013001,U00675,2026-05-01 14:15:21,2192,transfer,1,android,0
T013023,U00984,2026-02-27 14:23:57,2900,transfer,2,ios,0
T011974,U00103,2026-04-06 01:53:00,209,recharge,3,ios,0
T005055,U00104,2026-08-23 12:45:43,1485,transfer,2,android,0
T001380,U01169,2026-09-11 17:32:10,494,recharge,1,ios,0
T013615,U00267,2026-04-07 20:18:49,2523,fuel,1,ios,0
T004997,U01585,2026-06-04 02:47:16,631,fuel,1,android,0
T009402,U00480,2026-05-05 04:13:42,140,recharge,3,android,0
T012115,U01459,2026-07-16 15:02:45,12471,transfer,2,android,0
T006991,U01385,2026-07-10 00:54:01,1151,shopping,3,android,0
T009243,U00359,2026-06-16 00:02:08,1166,fuel,3,ios,0
T008882,U01961,2026-02-10 19:40:50,3959,shopping,2,android,0
T000450,U00778,2026-07-26 00:04:44,16546,transfer,2,ios,0
T005865,U00748,2026-04-12 23:10:59,2182,grocery,1,ios,0
T002481,U00096,2026-08-11 09:24:07,4137,transfer,2,android,0
T014541,U01333,2026-02-07 02:37:57,14125,transfer,1,ios,0
T007012,U01642,2026-04-19 01:56:34,1372,grocery,2,ios,0
T010888,U01690,2026-07-23 16:20:57,140,recharge,1,ios,0
T010927,U00088,2026-09-13 13:22:46,8767,shopping,1,ios,0
T003954,U01807,2026-08-12 22:28:06,661,shopping,2,ios,0
T004627,U00642,2026-02-14 18:42:37,935,grocery,2,ios,0
T005624,U01067,2026-03-19 21:25:15,172,grocery,1,android,0
T010014,U00185,2026-04-21 02:06:36,147,recharge,3,web,0
T014440,U00907,2026-05-16 10:41:57,52,recharge,3,android,0
T012988,U01010,2026-02-08 00:40:32,2680,transfer,2,android,0
T014131,U02000,2026-09-16 06:10:21,3478,shopping,2,ios,0
T013779,U00233,2026-06-07 12:59:13,3085,shopping,2,android,0
T008123,U00945,2026-04-12 18:50:44,5371,transfer,3,android,0
T011383,U01309,2026-07-26 04:05:55,3848,grocery,3,android,0
T005885,U01823,2026-07-03 16:36:52,949,grocery,2,android,0
T012277,U01578,2026-09-13 16:08:24,768,grocery,1,android,0
T002653,U01045,2026-03-07 02:35:42,1804,shopping,3,android,0
T007089,U01116,2026-04-21 15:27:06,1086,grocery,2,android,0
T007252,U01728,2026-01-24 06:03:44,2059,transfer,1,ios,0
T000072,U00020,2026-02-16 20:00:55,2949,grocery,3,ios,0
T005313,U00700,2026-09-30 05:51:07,10081,transfer,2,android,0
T009873,U00728,2026-03-28 05:50:11,303,recharge,2,android,0
T000411,U01070,2026-01-18 02:23:20,1630,grocery,1,android,0
T011876,U01870,2026-06-02 09:15:18,1059,recharge,3,ios,0
T006414,U01783,2026-09-06 22:40:17,15123,shopping,3,android,0
T004751,U00853,2026-09-19 06:54:11,16732,transfer,1,ios,0
T003635,U00223,2026-07-03 10:57:42,519,grocery,1,ios,0
T009365,U01201,2026-03-13 21:57:28,619,recharge,2,ios,0
T007683,U01003,2026-09-17 15:51:59,158,grocery,1,android,0
T009271,U00135,2026-09-16 10:04:54,18702,transfer,3,android,0
T007277,U01499,2026-07-30 18:59:30,185,recharge,2,android,0
T010848,U01290,2026-02-25 11:12:34,944,shopping,2,ios,0
T012701,U00941,2026-07-23 09:30:36,2510,shopping,1,android,0
T010056,U00759,2026-07-01 08:42:24,1813,shopping,3,ios,0
T007083,U00931,2026-08-23 07:35:00,1900,transfer,3,ios,0
T008235,U00822,2026-09-30 16:46:10,4293,transfer,1,ios,0
T000950,U01223,2026-08-13 15:54:41,1957,fuel,1,web,0
T007323,U00318,2026-06-03 10:55:03,1578,transfer,1,android,0
T009106,U00720,2026-05-14 01:46:37,5166,shopping,1,ios,0
T006570,U00441,2026-01-13 09:10:03,3511,transfer,3,ios,0
T000328,U00712,2026-09-25 16:16:31,2521,transfer,3,ios,0
T001036,U01469,2026-02-25 23:35:35,14949,grocery,3,ios,0
T002792,U00815,2026-07-13 18:03:30,588,recharge,2,android,0
T008283,U00031,2026-06-26 19:55:19,483,grocery,2,ios,0
T007941,U00610,2026-08-26 11:11:55,2155,fuel,1,ios,0
T010348,U01617,2026-08-30 15:31:18,215,recharge,2,android,0
T008496,U00623,2026-01-30 23:00:45,1994,grocery,1,android,0
T001298,U00206,2026-02-05 18:39:25,700,grocery,2,ios,0
T008870,U00842,2026-01-09 22:11:46,1415,transfer,3,android,0
T010564,U00559,2026-02-13 14:21:27,753,recharge,1,ios,0
T011685,U01590,2026-09-06 14:12:12,544,recharge,2,web,0
T012339,U01964,2026-07-25 23:44:24,4026,transfer,3,android,0
T009692,U00650,2026-03-02 10:53:07,4103,shopping,3,android,0
T009928,U01836,2026-03-07 12:06:06,1969,fuel,3,android,0
T005082,U00078,2026-06-06 17:02:14,456,grocery,1,android,0
T011665,U01939,2026-08-13 23:17:58,908,fuel,1,ios,0
T001817,U01338,2026-08-13 07:40:12,987,recharge,3,ios,0
T009135,U00079,2026-09-14 17:19:00,1592,shopping,3,ios,0
T013504,U01051,2026-01-23 03:16:23,5835,transfer,3,ios,0
T010146,U01596,2026-01-27 08:40:23,242,recharge,3,android,0
T000179,U00099,2026-01-19 17:34:59,1322,grocery,3,android,0
T012766,U00413,2026-01-14 22:12:32,1097,recharge,3,ios,0
T001438,U00467,2026-07-13 20:17:34,209,fuel,2,ios,0
T007075,U00305,2026-08-10 03:59:40,1126,fuel,2,android,0
T009286,U00374,2026-02-28 18:19:18,535,grocery,1,ios,0
T001060,U00140,2026-08-12 10:42:19,655,fuel,2,ios,0
T011210,U01236,2026-06-21 14:49:17,1965,fuel,1,ios,0
T012494,U01292,2026-01-24 16:50:48,1607,grocery,3,android,0
T009486,U01307,2026-03-02 08:38:30,19177,shopping,1,ios,0
T002969,U00499,2026-03-09 00:01:56,1708,shopping,3,ios,0
T006252,U00161,2026-05-18 01:45:20,1253,grocery,3,android,0
T007676,U00130,2026-02-13 03:06:49,5033,transfer,2,android,0
T014137,U01469,2026-05-21 14:21:56,1453,grocery,2,ios,0
T002603,U00995,2026-03-26 12:04:46,3089,shopping,1,android,0
T005505,U01940,2026-09-29 08:57:59,635,recharge,2,android,0
T007619,U01820,2026-06-04 00:29:49,1172,shopping,3,android,0
T001335,U01575,2026-08-01 12:59:52,3627,fuel,1,android,0
T009105,U00492,2026-09-14 10:59:55,1178,grocery,2,android,0
T009318,U00107,2026-03-18 08:26:15,254,recharge,1,ios,0
T010107,U00106,2026-06-25 03:02:54,2607,fuel,2,ios,0
T012347,U00103,2026-05-27 04:50:41,6068,shopping,1,ios,0
T010690,U01978,2026-03-18 16:27:11,15144,shopping,2,android,0
T015000,U01657,2026-01-13 03:15:21,184,recharge,3,android,0
T010509,U01576,2026-03-15 06:33:10,2069,fuel,1,android,0
T009336,U00784,2026-03-15 07:45:46,3383,shopping,1,android,0
T003274,U01967,2026-01-05 22:49:19,1478,recharge,2,ios,0
T008942,U00098,2026-09-03 22:37:00,51,recharge,3,ios,0
T013192,U01399,2026-03-26 07:30:14,1213,grocery,1,ios,0
T009920,U00472,2026-04-23 10:07:03,955,grocery,1,android,0
T014030,U00266,2026-01-30 08:56:46,488,recharge,3,ios,0
T012585,U01984,2026-06-05 18:20:58,423,recharge,1,android,0
T014500,U01800,2026-05-23 19:44:28,3591,transfer,3,android,0
T001154,U01109,2026-02-09 23:48:30,2459,fuel,1,ios,0
T013971,U00327,2026-08-14 10:16:00,1299,shopping,3,ios,0
T006275,U00888,2026-02-23 23:04:53,2013,grocery,2,ios,0
T013847,U01253,2026-01-31 12:06:30,440,recharge,1,ios,0
T001304,U00270,2026-02-26 09:33:28,1948,recharge,2,ios,0
T003366,U00069,2026-08-06 04:15:43,7587,transfer,1,android,0
T003583,U01821,2026-08-11 15:49:59,17161,transfer,1,ios,0
T010084,U01546,2026-08-09 13:01:00,936,shopping,3,android,0
T006930,U01056,2026-03-29 07:58:47,1573,shopping,1,android,0
T002984,U01470,2026-01-27 17:42:20,70,recharge,3,ios,0
T011079,U01686,2026-08-18 18:11:37,1642,shopping,3,ios,0
T000827,U00729,2026-02-15 13:45:06,6947,transfer,1,android,0
T008879,U00878,2026-08-12 01:12:15,326,recharge,1,android,0
T009890,U01157,2026-08-19 05:01:01,1099,fuel,1,ios,0
T011248,U01771,2026-08-18 19:48:50,5841,shopping,3,ios,0
T002184,U00171,2026-09-03 02:20:01,13198,shopping,2,android,0
T006704,U01540,2026-05-30 03:07:19,237,grocery,2,android,0
T004335,U01743,2026-02-11 02:33:18,4212,transfer,1,android,0
T006154,U00232,2026-03-16 01:54:00,1081,grocery,2,android,0
T013225,U01154,2026-03-08 03:34:30,2014,fuel,3,ios,0
T012527,U01832,2026-05-18 16:26:26,1234,grocery,2,ios,0
T002634,U01198,2026-06-17 20:21:44,1592,shopping,1,ios,0
T004495,U01425,2026-05-10 23:57:07,613,recharge,3,android,0
T006380,U00195,2026-02-13 13:05:20,658,recharge,2,ios,0
T010512,U00890,2026-08-12 20:55:21,1273,fuel,1,ios,0
T002721,U01682,2026-08-02 15:44:12,2087,fuel,2,ios,0
T004422,U01576,2026-01-30 22:54:24,27,recharge,2,android,0
T008332,U00834,2026-05-13 05:49:49,3450,shopping,1,android,0
T008638,U01129,2026-03-21 02:34:45,921,shopping,2,android,0
T014550,U01850,2026-07-02 03:09:16,4682,transfer,2,android,0
T000038,U01155,2026-03-11 21:02:35,2798,fuel,3,ios,0
T002614,U00158,2026-08-12 12:22:14,2165,fuel,3,android,0
T014382,U00640,2026-08-28 10:46:47,295,recharge,3,ios,0
T008620,U00136,2026-02-27 07:24:41,8117,transfer,2,android,0
T009352,U01833,2026-09-29 00:56:45,1658,grocery,2,android,0
T013016,U00120,2026-05-20 17:09:50,902,fuel,3,ios,0
T006524,U01965,2026-03-30 18:08:17,13956,transfer,1,android,0
T006374,U00140,2026-01-25 06:52:34,1827,shopping,1,ios,0
T010618,U00678,2026-02-07 10:12:02,786,recharge,1,ios,0
T012828,U00718,2026-02-25 16:38:45,3322,transfer,1,android,0
T006615,U01316,2026-09-28 11:05:45,438,recharge,3,ios,0
T005231,U01365,2026-01-02 05:40:41,10318,transfer,3,ios,0
T014355,U01610,2026-04-09 00:54:49,1038,transfer,1,ios,0
T010255,U00254,2026-05-25 21:03:24,1792,transfer,1,ios,0
T008477,U01297,2026-09-30 13:36:31,1694,shopping,2,android,0
T003110,U00616,2026-06-05 00:14:55,10655,transfer,2,ios,0
T004521,U00238,2026-06-22 06:28:52,6383,fuel,2,ios,0
T013347,U00427,2026-05-26 02:07:22,284,recharge,1,android,0
T004357,U00310,2026-07-29 17:33:48,4306,grocery,1,ios,0
T013584,U01631,2026-09-30 11:42:54,1571,grocery,3,android,0
T012482,U00441,2026-01-15 13:08:33,3661,fuel,2,ios,0
T014944,U01388,2026-02-13 21:38:24,111,recharge,3,android,0
T011029,U00129,2026-03-05 06:08:29,238,recharge,2,android,0
T004358,U00675,2026-02-23 21:09:14,4415,shopping,3,android,0
T005457,U00589,2026-04-12 11:00:21,462,recharge,2,ios,0
T012343,U01107,2026-08-06 04:21:08,1178,grocery,2,android,0
T010124,U00779,2026-08-22 13:13:59,2223,transfer,3,android,0
T013275,U01452,2026-02-11 01:28:11,399,grocery,1,android,0
T013055,U00702,2026-08-16 09:02:00,1125,shopping,1,android,0
T001807,U01450,2026-03-15 22:52:39,4529,shopping,1,ios,0
T004775,U00917,2026-08-29 05:01:57,50000,recharge,3,android,1
T010258,U00510,2026-08-08 16:07:03,2895,transfer,2,ios,0
T001020,U00921,2026-09-21 17:21:26,1763,shopping,1,android,0
T010080,U01855,2026-01-15 19:59:20,10017,transfer,2,android,0
T008114,U01890,2026-04-02 16:25:31,2639,shopping,2,ios,0
T000635,U00017,2026-06-17 16:33:19,1978,grocery,3,ios,0
T012922,U00040,2026-04-09 01:35:10,565,recharge,1,android,0
T010802,U01498,2026-02-24 04:12:05,912,fuel,3,android,0
T011014,U00246,2026-09-29 08:45:36,3601,shopping,3,android,0
T013524,U01803,2026-08-03 05:48:14,12758,shopping,1,ios,0
T003665,U00826,2026-07-11 22:23:32,4344,transfer,1,android,0
T007130,U01391,2026-08-03 09:01:46,8196,fuel,2,android,0
T007879,U00450,2026-08-17 18:53:38,8381,transfer,1,ios,0
T009296,U01848,2026-01-10 12:37:40,1305,fuel,1,android,0
T008009,U01739,2026-08-25 16:08:23,805,transfer,1,ios,0
T007790,U00634,2026-06-07 04:18:42,1015,recharge,1,ios,0
T010757,U01685,2026-07-01 04:52:47,131,grocery,3,ios,0
T000311,U00466,2026-06-10 02:01:04,469,grocery,2,ios,0
T012854,U01620,2026-09-03 11:46:22,9626,fuel,1,ios,0
T009713,U00264,2026-04-29 18:57:07,831,recharge,3,android,0
T011598,U01589,2026-05-22 20:37:21,1056,shopping,3,ios,0
T006321,U01034,2026-06-14 11:51:58,340,recharge,1,android,0
T015071,U00798,2026-07-07 05:28:00,2000,transfer,1,web,1
T008914,U01022,2026-02-10 08:43:42,2311,transfer,1,android,0
T008187,U00775,2026-03-26 18:11:44,518,recharge,1,web,0
T011181,U00286,2026-07-26 00:47:56,316,recharge,1,ios,0
T002419,U00014,2026-01-16 19:41:47,638,fuel,1,android,0
T012021,U01220,2026-08-24 22:01:59,921,recharge,1,android,0
T006194,U00910,2026-07-08 09:53:40,816,grocery,1,ios,0
T006814,U00295,2026-04-11 14:28:15,2972,fuel,2,ios,0
T009682,U01570,2026-09-17 19:28:20,314,grocery,2,android,0
T002801,U00285,2026-06-08 04:02:23,696,fuel,1,ios,0
T003483,U01622,2026-02-03 05:50:56,209,grocery,1,android,0
T009079,U00923,2026-05-12 06:29:13,7795,fuel,1,android,0
T003811,U00761,2026-07-25 02:17:40,780,recharge,3,android,0
T005869,U00043,2026-06-14 22:39:10,4146,shopping,3,android,0
T011543,U01822,2026-07-07 23:58:01,1811,transfer,1,android,0
T011810,U01767,2026-02-11 14:24:09,1281,recharge,3,ios,0
T009103,U01455,2026-03-12 12:45:47,4187,shopping,2,ios,0
T005019,U00632,2026-07-18 09:36:44,625,fuel,1,ios,0
T007678,U01144,2026-02-24 17:14:03,2988,transfer,1,android,0
T012623,U01939,2026-02-23 12:23:29,348,grocery,2,ios,0
T007279,U00607,2026-06-12 19:15:53,4899,shopping,2,ios,0
T006836,U00682,2026-06-28 12:00:19,15108,transfer,2,android,0
T005176,U00239,2026-06-10 10:51:10,293,recharge,3,android,0
T011807,U00156,2026-08-01 03:45:14,2057,transfer,3,android,0
T004716,U01013,2026-02-26 03:50:19,8581,shopping,3,ios,0
T002927,U01662,2026-07-02 22:02:02,6245,transfer,2,ios,0
T011434,U01713,2026-09-29 07:39:54,4638,fuel,3,ios,0
T002957,U00510,2026-02-02 20:07:22,33395,transfer,3,ios,0
T004409,U01713,2026-05-27 19:52:51,652,grocery,1,ios,0
T001787,U01584,2026-03-17 09:41:53,135,recharge,2,ios,0
T001606,U01925,2026-09-06 13:24:55,34244,transfer,1,ios,0
T002143,U01787,2026-07-02 04:53:48,6758,transfer,1,android,0
T004901,U01616,2026-08-05 01:27:04,795,grocery,2,android,0
T004648,U00599,2026-06-22 07:29:39,658,recharge,2,ios,0
T011233,U00865,2026-05-02 10:28:52,909,fuel,2,ios,0
T005910,U00385,2026-02-08 08:47:57,631,recharge,3,ios,0
T007892,U01466,2026-06-03 12:03:54,3994,transfer,2,ios,0
T010083,U00585,2026-02-18 00:42:44,24253,shopping,3,ios,0
T005425,U01073,2026-02-01 13:43:10,1715,grocery,3,ios,0
T004687,U00574,2026-09-03 00:08:05,365,recharge,1,ios,0
T003637,U00337,2026-01-14 15:22:09,2142,grocery,2,ios,0
T014028,U01982,2026-02-09 02:14:36,1009,shopping,2,ios,0
T014693,U01244,2026-04-11 23:40:38,4706,grocery,3,ios,0
T005099,U01744,2026-06-13 16:00:32,1048,shopping,3,android,0
T009750,U01320,2026-05-22 15:15:39,392,recharge,1,android,0
T013738,U01070,2026-02-13 08:56:25,290,fuel,2,android,0
T011891,U01589,2026-03-23 10:48:16,1750,fuel,1,ios,0
T003240,U00370,2026-02-20 12:15:35,404,grocery,1,ios,0
T009408,U01745,2026-07-22 21:23:04,1509,grocery,2,android,0
T010579,U00331,2026-04-28 20:42:38,155,recharge,1,ios,0
T007073,U01656,2026-07-08 10:40:37,1649,shopping,3,android,0
T000428,U01547,2026-06-25 22:01:39,865,grocery,1,android,0
T008077,U00135,2026-05-17 23:52:20,1234,fuel,1,android,0
T007368,U01220,2026-02-20 21:21:39,5358,transfer,3,android,0
T009726,U01708,2026-05-25 20:58:30,12966,transfer,1,android,0
T012805,U01801,2026-06-27 18:11:35,2651,fuel,2,web,0
T005652,U00514,2026-05-14 03:00:18,3452,grocery,3,ios,0
T013171,U01057,2026-02-20 21:15:26,3847,fuel,1,android,0
T003616,U00945,2026-09-28 17:36:27,6367,shopping,3,android,0
T015038,U00606,2026-01-11 23:29:00,10000,transfer,2,web,1
T001974,U01997,2026-06-30 03:07:58,1365,grocery,3,ios,0
T011137,U00828,2026-01-31 01:03:31,4375,fuel,1,web,0
T006651,U00900,2026-01-18 06:27:48,4734,transfer,1,ios,0
T005779,U00401,2026-02-11 01:19:30,5986,grocery,3,android,0
T005689,U00634,2026-06-28 01:52:25,693,shopping,2,ios,0
T003598,U00682,2026-07-06 17:14:57,250,recharge,1,android,0
T012837,U01768,2026-05-15 21:40:44,519,fuel,1,ios,0
T003269,U00965,2026-09-01 07:15:22,1095,shopping,2,android,0
T013731,U01582,2026-03-03 02:15:04,3080,recharge,2,android,0
T003726,U01218,2026-02-18 12:29:15,3860,transfer,2,android,0
T009084,U01401,2026-01-12 14:42:05,506,fuel,2,android,0
T010292,U00054,2026-05-09 10:38:15,914,grocery,3,ios,0
T005925,U00098,2026-01-31 05:02:08,1606,fuel,1,ios,0
T002673,U00448,2026-02-16 05:23:43,2471,transfer,3,ios,0
T011878,U00923,2026-07-06 17:00:50,9957,transfer,3,android,0
T001084,U00909,2026-07-01 03:31:52,1640,transfer,1,ios,0
T000646,U01836,2026-08-23 16:23:10,3657,fuel,3,ios,0
T008927,U00960,2026-08-08 09:10:45,68,recharge,3,android,0
T006423,U01685,2026-08-08 05:03:57,3942,shopping,1,ios,0
T012570,U00153,2026-07-19 22:14:20,633,grocery,3,ios,0
T008624,U01545,2026-04-04 10:06:47,2273,recharge,2,ios,0
T001271,U00848,2026-08-11 22:53:20,902,fuel,1,android,0
T006977,U00113,2026-06-06 23:11:42,2544,shopping,2,android,0
T011694,U00225,2026-01-07 05:15:03,400,recharge,1,android,0
T010489,U00672,2026-09-21 16:15:38,1007,grocery,2,ios,0
T007613,U00194,2026-06-06 21:12:01,594,grocery,1,android,0
T011518,U00669,2026-09-16 01:40:37,229,recharge,1,ios,0
T007462,U00248,2026-08-02 02:52:59,3449,shopping,3,android,0
T004475,U01390,2026-04-29 21:23:44,1396,shopping,3,ios,0
T012789,U01686,2026-09-19 20:57:39,439,grocery,1,ios,0
T009213,U00390,2026-09-16 13:13:52,7053,fuel,3,ios,0
T000641,U01505,2026-03-04 22:11:22,388,recharge,2,ios,0
T005619,U01559,2026-09-15 18:08:47,231,recharge,1,android,0
T007823,U00767,2026-08-30 10:14:41,1589,recharge,2,ios,0
T007553,U00983,2026-01-28 05:19:19,1222,grocery,2,ios,0
T006239,U01434,2026-05-19 10:14:12,8554,shopping,2,android,0
T004953,U00492,2026-04-20 04:53:27,478,grocery,1,android,0
T000851,U01310,2026-09-21 09:25:26,529,recharge,3,android,0
T014089,U00682,2026-03-09 23:22:49,6173,shopping,1,android,0
T013705,U01894,2026-07-11 10:32:28,2190,recharge,2,android,0
T000916,U00111,2026-07-05 04:20:44,255,grocery,3,android,0
T014342,U00507,2026-03-24 00:26:48,438,fuel,2,ios,0
T003300,U00316,2026-09-14 03:16:10,317,grocery,2,ios,0
T006582,U00046,2026-01-31 14:11:17,1853,fuel,1,android,0
T011052,U01892,2026-03-27 05:03:19,569,fuel,2,android,0
T008548,U01690,2026-03-15 10:59:05,12079,transfer,3,ios,0
T002487,U01261,2026-07-28 08:36:53,2949,grocery,3,ios,0
T007107,U00302,2026-01-16 01:19:43,3424,grocery,1,android,0
T006770,U00401,2026-03-09 20:09:04,2125,grocery,2,android,0
T015073,U00965,2026-04-16 13:29:00,1000,transfer,2,web,1
T003263,U00267,2026-07-31 19:37:23,193,recharge,3,ios,0
T002937,U01538,2026-05-09 09:31:29,7355,transfer,3,android,0
T008811,U00360,2026-01-23 04:19:23,15801,transfer,1,ios,0
T010887,U00197,2026-04-15 21:57:35,916,fuel,1,android,0
T001279,U00180,2026-03-16 03:12:00,13281,shopping,2,ios,0
T001540,U01007,2026-01-09 01:05:07,4980,transfer,3,android,0
T005339,U01125,2026-07-01 05:09:12,1684,shopping,2,ios,0
T011978,U00866,2026-04-18 13:24:47,752,transfer,1,ios,0
T014948,U01618,2026-08-01 15:26:38,4632,shopping,1,ios,0
T005660,U01953,2026-05-25 17:38:33,3702,grocery,1,ios,0
T012950,U00942,2026-09-27 11:48:50,772,grocery,1,android,0
T000423,U00326,2026-03-22 20:55:12,16352,transfer,2,ios,0
T005711,U00836,2026-05-18 08:12:56,1135,grocery,2,android,0
T006410,U00608,2026-09-12 11:51:48,299,recharge,2,ios,0
T001982,U00141,2026-05-20 18:54:44,4087,transfer,2,ios,0
T005911,U00554,2026-03-25 18:33:54,452,grocery,3,ios,0
T009154,U00803,2026-02-20 12:15:13,6858,transfer,1,ios,0
T010143,U01345,2026-06-04 04:46:20,890,shopping,2,ios,0
T001738,U01109,2026-05-01 16:19:54,3149,fuel,1,ios,0
T010531,U00359,2026-07-12 18:43:57,1089,grocery,2,ios,0
T012023,U01939,2026-05-01 17:58:29,599,grocery,2,ios,0
T007475,U00795,2026-03-06 01:59:42,4440,fuel,1,android,0
T011695,U01346,2026-04-21 12:44:58,1140,fuel,3,android,0
T012820,U00086,2026-07-03 09:35:49,3891,shopping,1,ios,0
T007957,U00456,2026-09-22 01:41:55,298,grocery,1,android,0
T009855,U00788,2026-08-27 02:02:28,6556,shopping,2,ios,0
T006874,U00794,2026-08-13 10:01:10,7716,transfer,3,ios,0
T007750,U00839,2026-05-07 05:37:16,5597,shopping,2,ios,0
T000188,U01957,2026-02-06 02:22:08,1853,shopping,2,android,0
T000163,U01395,2026-07-13 03:51:02,1221,fuel,3,android,0
T001660,U01179,2026-05-16 12:31:54,331,recharge,1,android,0
T000261,U01033,2026-03-10 21:41:40,4539,transfer,1,ios,0
T003952,U00141,2026-08-17 04:55:36,74,recharge,2,ios,0
T000125,U01310,2026-02-24 14:53:28,1884,shopping,1,android,0
T001399,U00668,2026-03-21 23:16:03,1277,transfer,1,ios,0
T006888,U00546,2026-08-25 16:01:32,596,grocery,3,android,0
T008236,U01005,2026-01-29 07:50:13,4904,fuel,3,ios,0
T008310,U00510,2026-08-23 19:58:24,640,grocery,2,android,0
T011857,U01640,2026-03-23 15:32:57,3967,shopping,1,android,0
T014037,U01699,2026-06-06 18:48:08,2995,shopping,2,android,0
T009195,U00350,2026-01-31 21:50:22,353,recharge,1,ios,0
T002989,U01597,2026-07-30 05:07:47,383,fuel,1,android,0
T005752,U01966,2026-02-06 07:30:01,5119,transfer,1,android,0
T006607,U01659,2026-07-03 10:36:22,1681,grocery,1,web,0
T010415,U01546,2026-02-12 02:46:31,2421,grocery,3,android,0
T007266,U00224,2026-01-28 04:16:21,275,recharge,2,android,0
T000539,U00243,2026-02-25 06:53:06,2281,fuel,1,ios,0
T003799,U00471,2026-07-27 06:14:20,1794,shopping,1,ios,0
T008702,U00042,2026-03-09 07:13:47,2450,shopping,1,ios,0
T014895,U01185,2026-02-17 22:50:13,1377,fuel,2,android,0
T010764,U01243,2026-04-09 13:15:36,10915,transfer,3,ios,0
T002685,U01678,2026-03-15 05:57:01,1182,fuel,1,ios,0
T004792,U00673,2026-09-20 16:28:30,1060,fuel,2,ios,0
T008395,U01208,2026-03-16 07:22:50,364,grocery,2,ios,0
T000368,U01968,2026-06-12 01:49:43,1557,shopping,3,web,0
T002004,U00900,2026-09-28 02:04:51,5024,transfer,2,ios,0
T009314,U01292,2026-05-04 17:52:08,15676,shopping,3,android,0
T005285,U00005,2026-02-02 21:03:57,9961,transfer,3,web,0
T005363,U01453,2026-06-12 22:05:16,1462,shopping,1,android,0
T004732,U00035,2026-07-29 14:01:08,295,recharge,2,ios,0
T009427,U01447,2026-01-07 03:34:18,80,recharge,2,ios,0
T005577,U01569,2026-01-10 23:05:03,2707,grocery,3,ios,0
T000552,U01192,2026-09-08 00:56:29,7236,shopping,2,ios,0
T004859,U00952,2026-04-13 14:32:57,5964,transfer,3,ios,0
T002946,U01781,2026-02-09 10:04:57,625,fuel,2,ios,0
T005524,U01195,2026-01-18 02:31:02,1421,shopping,3,android,0
T005306,U01358,2026-08-16 08:30:43,438,fuel,1,android,0
T001567,U00898,2026-01-15 00:59:51,8824,transfer,2,android,0
T010128,U00203,2026-05-19 20:25:54,989,recharge,2,web,0
T010023,U00086,2026-05-13 15:16:51,1300,fuel,1,ios,0
T006201,U01528,2026-06-08 04:33:24,3109,transfer,2,ios,0
T008461,U00057,2026-02-21 15:17:27,1692,grocery,2,ios,0
T014576,U00407,2026-01-28 01:30:18,452,fuel,3,android,0
T006827,U00891,2026-05-22 03:24:19,14852,transfer,2,ios,0
T003381,U00249,2026-09-02 13:09:54,10037,transfer,2,ios,0
T005283,U01233,2026-05-10 16:36:14,2469,grocery,2,android,0
T001603,U01285,2026-06-12 01:00:22,995,grocery,2,android,0
T000957,U00584,2026-08-29 22:19:40,7609,transfer,3,android,0
T012026,U00206,2026-03-02 21:31:56,1107,fuel,1,ios,0
T000049,U00947,2026-03-14 09:15:07,2197,fuel,2,android,0
T014205,U00975,2026-02-01 02:33:14,459,recharge,2,ios,0
T000025,U00698,2026-06-04 01:32:25,7323,shopping,3,android,0
T007628,U01498,2026-01-19 07:31:57,655,grocery,1,android,0
T004621,U00228,2026-02-12 06:45:48,1048,grocery,2,android,0
T006263,U01226,2026-02-25 03:43:17,480,grocery,1,android,0
T014052,U00340,2026-09-15 06:54:01,1532,transfer,2,android,0
T005868,U00227,2026-09-18 17:47:37,1343,recharge,2,ios,0
T011569,U01751,2026-08-06 12:23:50,591,recharge,2,ios,0
T011249,U01052,2026-05-25 23:38:22,44,recharge,3,ios,0
T010782,U01133,2026-05-30 08:29:07,123,grocery,3,ios,0
T010642,U00100,2026-03-16 17:24:27,2601,transfer,1,ios,0
T000122,U00690,2026-03-03 04:02:33,565,recharge,2,android,0
T004085,U01280,2026-03-26 06:48:02,3414,fuel,2,ios,0
T003252,U00599,2026-08-11 11:29:16,10834,shopping,1,ios,0
T001162,U00784,2026-01-05 03:28:27,143,recharge,1,android,0
T003858,U01987,2026-09-13 13:15:26,636,fuel,1,ios,0
T011307,U01912,2026-01-25 01:36:52,4878,shopping,1,ios,0
T001572,U00136,2026-03-06 07:32:25,5476,fuel,2,android,0
T007208,U01510,2026-04-19 18:28:02,156,fuel,1,ios,0
T005521,U01726,2026-08-07 08:34:33,15097,transfer,1,ios,0
T009722,U00329,2026-03-26 05:33:44,2981,transfer,2,android,0
T009161,U01610,2026-05-08 12:36:12,1206,fuel,2,ios,0
T009557,U00171,2026-07-03 01:53:42,190,recharge,1,android,0
T011299,U01741,2026-01-19 10:24:26,5203,shopping,3,ios,0
T008276,U00390,2026-08-09 19:35:33,237,recharge,1,ios,0
T002150,U01815,2026-03-10 03:48:19,269,grocery,2,ios,0
T007827,U00160,2026-09-12 20:31:05,1468,grocery,3,web,0
T012155,U00833,2026-03-03 08:39:28,334,fuel,3,android,0
T006927,U00753,2026-08-17 07:29:54,959,fuel,2,ios,0
T006925,U00969,2026-02-02 19:04:20,13775,transfer,1,ios,0
T001278,U01300,2026-02-05 18:50:23,1020,grocery,3,ios,0
T009876,U01086,2026-05-02 04:22:53,1891,transfer,2,android,0
T003321,U01066,2026-05-27 14:36:57,1133,shopping,2,android,0
T013326,U01217,2026-07-05 12:26:27,3501,fuel,3,ios,0
T011123,U00893,2026-06-13 04:33:17,18246,transfer,3,ios,0
T008017,U01800,2026-04-06 11:48:39,3746,transfer,1,android,0
T013068,U01988,2026-03-11 11:52:03,11415,transfer,3,android,0
T003238,U01643,2026-06-22 10:59:55,2512,grocery,2,ios,0
T008858,U01916,2026-02-21 21:15:33,3470,fuel,3,android,0
T006779,U00329,2026-02-14 12:29:21,3471,fuel,3,android,0
T008874,U01279,2026-07-02 06:36:14,1241,shopping,3,android,0
T013799,U00156,2026-03-09 00:45:33,411,fuel,1,android,0
T010333,U00974,2026-03-25 03:36:21,2431,transfer,1,android,0
T000312,U01670,2026-07-27 19:28:59,5613,fuel,2,android,0
T003318,U00985,2026-02-25 18:14:15,1016,fuel,1,ios,0
T011910,U01832,2026-02-28 03:54:17,613,fuel,2,ios,0
T010200,U00286,2026-07-11 23:31:17,3030,transfer,1,ios,0
T005414,U00911,2026-08-16 04:16:15,947,shopping,3,android,0
T008020,U00425,2026-01-18 00:58:12,218,recharge,1,ios,0
T001316,U01985,2026-07-22 15:02:56,4722,transfer,2,android,0
T014498,U01228,2026-03-18 00:58:26,1668,fuel,3,ios,0
T005597,U01431,2026-02-15 13:56:44,1145,fuel,1,android,0
T004545,U01015,2026-07-10 16:09:34,1035,grocery,2,android,0
T012862,U00171,2026-04-22 03:43:36,16189,transfer,3,android,0
T014372,U00870,2026-09-10 23:44:22,17384,transfer,2,android,0
T003211,U01756,2026-01-13 16:23:51,3101,transfer,3,android,0
T006907,U00040,2026-07-22 22:51:46,184,recharge,3,ios,0
T005710,U01701,2026-05-27 03:26:32,4082,transfer,2,ios,0
T007199,U00978,2026-04-24 02:44:10,389,recharge,3,ios,0
T014538,U01402,2026-01-17 01:57:26,5695,transfer,3,ios,0
T001203,U01259,2026-04-20 09:45:51,4687,transfer,2,android,0
T002258,U00287,2026-05-16 09:55:24,5189,transfer,1,android,0
T008384,U01251,2026-04-11 14:46:38,15382,shopping,2,android,0
T010218,U00262,2026-02-20 04:47:48,3999,transfer,1,android,0
T006311,U01252,2026-09-13 23:23:41,2810,transfer,2,ios,0
T002747,U00577,2026-09-26 11:53:55,210,grocery,3,ios,0
T014763,U01127,2026-09-13 07:36:01,737,fuel,1,android,0
T008622,U01360,2026-03-06 10:28:23,88,grocery,3,ios,0
T014680,U01238,2026-06-11 10:19:54,2210,transfer,2,ios,0
T013269,U01196,2026-03-08 05:37:30,1596,shopping,3,ios,0
T002952,U01088,2026-04-30 20:08:28,2554,shopping,3,ios,0
T000394,U00662,2026-06-15 22:56:48,284,recharge,2,ios,0
T004926,U00125,2026-04-18 03:38:48,822,shopping,1,android,0
T010924,U00804,2026-03-02 12:30:53,275,recharge,2,ios,0
T009297,U01255,2026-08-04 00:52:33,19749,fuel,2,ios,0
T003012,U00497,2026-07-22 11:01:16,1165,grocery,2,android,0
T002089,U00567,2026-04-08 15:28:12,8480,transfer,1,web,0
T000981,U00880,2026-09-03 17:10:37,3672,fuel,3,ios,0
T006166,U01713,2026-01-12 07:10:24,1662,grocery,2,ios,0
T014217,U00761,2026-01-31 22:04:04,8029,transfer,1,android,0
T007697,U00637,2026-09-03 03:27:48,622,shopping,1,ios,0
T007017,U00675,2026-01-22 00:55:18,1378,shopping,2,android,0
T014640,U00465,2026-06-01 14:57:37,4414,fuel,3,ios,0
T008975,U01172,2026-06-22 08:02:28,7670,transfer,1,android,0
T012751,U01571,2026-04-19 21:13:12,1100,grocery,2,ios,0
T004228,U00740,2026-03-05 16:49:52,1198,fuel,3,ios,0
T010426,U00331,2026-03-05 19:00:20,5244,transfer,3,ios,0
T001353,U01462,2026-02-21 18:58:31,2129,shopping,2,ios,0
T013653,U01436,2026-09-15 19:29:08,1284,grocery,1,ios,0
T008274,U01940,2026-03-07 15:41:59,1795,grocery,3,android,0
T007032,U01883,2026-01-13 18:28:19,2519,fuel,2,ios,0
T009630,U00067,2026-08-17 22:13:50,3275,fuel,3,android,0
T006857,U00993,2026-02-14 12:30:44,1876,recharge,1,ios,0
T013140,U01522,2026-01-13 01:02:18,1242,fuel,2,android,0
T009165,U00307,2026-06-08 01:45:24,803,recharge,3,android,0
T011216,U00521,2026-06-29 11:39:14,2839,fuel,3,android,0
T010222,U01579,2026-09-07 20:12:23,7714,shopping,3,android,0
T004789,U01447,2026-09-18 17:57:24,5887,shopping,1,ios,0
T007314,U01709,2026-09-01 09:51:31,5684,shopping,2,ios,0
T005439,U01479,2026-03-30 10:54:20,376,grocery,2,android,0
T011091,U00237,2026-06-11 18:22:29,562,grocery,2,android,0
T001748,U00540,2026-09-20 00:01:47,845,grocery,2,ios,0
T006643,U00240,2026-03-14 12:58:42,242,recharge,1,android,0
T005591,U00492,2026-03-10 15:19:49,4487,shopping,2,android,0
T008731,U01882,2026-09-02 19:10:16,1955,shopping,1,android,0
T000577,U01147,2026-01-15 08:53:59,2655,transfer,2,ios,0
T014976,U00030,2026-06-01 04:33:25,443,grocery,1,android,0
T007779,U01819,2026-06-02 08:53:11,48,recharge,3,android,0
T006064,U01712,2026-02-03 21:26:21,470,fuel,2,ios,0
T002248,U01541,2026-02-01 19:30:45,6810,transfer,3,web,0
T004510,U01632,2026-06-28 01:42:30,44,recharge,1,ios,0
T014251,U00050,2026-06-09 19:55:06,40,recharge,2,android,0
T008185,U01591,2026-03-08 05:50:54,162,recharge,1,ios,0
T005437,U00005,2026-05-26 18:37:22,2668,fuel,3,android,0
T013417,U01559,2026-04-14 03:13:09,1811,shopping,3,android,0
T000080,U01821,2026-02-21 06:10:10,270,grocery,2,ios,0
T011779,U01763,2026-03-27 10:46:27,8146,transfer,2,android,0
T011824,U00836,2026-01-03 09:21:59,5408,transfer,3,android,0
T004317,U01843,2026-09-28 05:25:01,1370,shopping,1,android,0
T000731,U01022,2026-05-26 04:48:08,2697,shopping,2,ios,0
T000746,U01971,2026-02-06 05:04:25,1050,transfer,3,ios,0
T001780,U00550,2026-06-02 16:38:28,270,recharge,1,ios,0
T000456,U00445,2026-02-16 14:16:03,497,shopping,3,ios,0
T003783,U01889,2026-08-11 06:11:02,461,grocery,2,android,0
T009830,U01020,2026-04-06 00:47:29,622,grocery,1,ios,0
T002261,U01763,2026-07-09 06:22:11,5888,transfer,2,android,0
T004589,U01750,2026-09-16 11:59:20,1936,transfer,2,android,0
T006292,U00177,2026-01-14 18:41:27,7619,transfer,1,ios,0
T003461,U01520,2026-09-14 14:04:19,4985,fuel,2,android,0
T006015,U01003,2026-02-06 21:11:39,1213,grocery,1,android,0
T008188,U01859,2026-07-08 01:09:54,368,grocery,1,android,0
T001764,U00716,2026-06-02 18:21:02,672,recharge,3,ios,0
T005817,U01688,2026-01-24 14:11:37,3439,grocery,3,android,0
T015086,U00517,2026-03-01 08:13:00,10000,transfer,1,web,1
T000024,U01412,2026-05-15 07:38:39,235,grocery,3,android,0
T012313,U01881,2026-07-20 20:38:27,2598,transfer,3,ios,0
T008613,U01069,2026-02-19 15:40:57,487,recharge,2,ios,0
T008871,U00650,2026-03-10 12:45:20,19025,transfer,2,ios,0
T014853,U01927,2026-06-08 11:27:30,4020,transfer,1,ios,0
T009955,U01716,2026-08-25 22:40:14,581,grocery,3,ios,0
T003924,U00044,2026-01-03 14:30:32,6072,transfer,2,android,0
T004048,U01573,2026-02-02 12:29:35,1459,recharge,1,ios,0
T014970,U01039,2026-05-28 22:44:43,6396,transfer,1,android,0
T007741,U00445,2026-05-29 19:06:36,1747,transfer,2,ios,0
T005014,U01155,2026-07-25 08:41:39,4069,shopping,3,ios,0
T014893,U00775,2026-01-16 09:54:28,3152,transfer,1,android,0
T004126,U01492,2026-09-30 20:05:37,4620,transfer,1,ios,0
T011785,U01826,2026-07-30 11:24:06,2604,grocery,3,ios,0
T008005,U01059,2026-03-17 21:16:35,3038,grocery,2,ios,0
T008991,U01354,2026-03-19 16:52:53,2444,fuel,2,ios,0
T000363,U00738,2026-09-10 04:57:02,837,grocery,1,ios,0
T006161,U00724,2026-01-27 22:42:16,377,recharge,2,android,0
T013396,U01432,2026-02-09 13:15:17,4299,transfer,1,ios,0
T000800,U01235,2026-07-03 18:50:23,6813,shopping,2,android,0
T003175,U01596,2026-05-15 03:25:00,5936,grocery,1,android,0
T010662,U00343,2026-09-02 21:26:46,2328,shopping,1,ios,0
T003922,U01234,2026-05-30 19:03:02,132,recharge,3,ios,0
T010499,U00408,2026-02-24 12:10:57,3785,fuel,3,android,0
T002086,U01696,2026-05-03 10:23:32,581,fuel,1,ios,0
T014226,U00410,2026-03-12 19:47:45,2848,recharge,1,android,0
T011417,U00676,2026-03-24 17:28:01,4844,shopping,1,android,0
T010759,U01538,2026-02-15 17:45:20,2820,transfer,2,android,0
T014577,U01217,2026-05-10 15:28:40,606,recharge,2,ios,0
T007175,U01755,2026-03-29 16:00:17,603,grocery,2,ios,0
T013575,U01753,2026-04-13 06:06:18,374,recharge,3,android,0
T003896,U00442,2026-01-18 09:04:27,33,recharge,3,ios,0
T000237,U01264,2026-09-18 13:58:02,333,recharge,1,android,0
T010494,U01371,2026-07-02 06:07:33,1076,grocery,1,android,0
T014737,U01421,2026-08-01 21:20:50,3837,recharge,3,ios,0
T005217,U00975,2026-07-16 23:27:35,190,recharge,2,ios,0
T009590,U01697,2026-09-08 12:41:49,3197,transfer,1,android,0
T007861,U00466,2026-02-22 01:46:00,3341,grocery,2,ios,0
T004274,U01676,2026-01-06 03:27:51,517,grocery,2,ios,0
T013294,U00829,2026-07-17 22:37:35,158,recharge,3,android,0
T012144,U00636,2026-02-28 02:06:11,640,grocery,2,web,0
T002550,U01430,2026-05-29 09:46:14,164,recharge,1,android,0
T001109,U00662,2026-02-25 14:41:19,4309,transfer,2,ios,0
T008561,U00469,2026-05-18 20:54:47,1571,shopping,2,web,0
T009036,U01007,2026-08-14 02:36:46,10735,transfer,3,ios,0
T009514,U01551,2026-09-12 06:53:36,3620,shopping,3,android,0
T012703,U01879,2026-04-03 17:39:20,2133,transfer,1,android,0
T004360,U00993,2026-03-23 04:56:00,3614,shopping,1,ios,0
T010656,U01803,2026-02-05 07:36:31,23102,shopping,2,ios,0
T007445,U01023,2026-05-09 09:22:51,2172,transfer,2,android,0
T002642,U00064,2026-08-30 20:04:59,480,recharge,3,ios,0
T012149,U00365,2026-05-11 13:47:05,414,recharge,2,ios,0
T007198,U00136,2026-06-06 17:46:03,580,grocery,1,ios,0
T014815,U00201,2026-04-21 07:27:58,406,grocery,2,android,0
T008547,U00563,2026-02-10 23:42:59,412,grocery,3,ios,0
T014229,U00363,2026-09-12 04:44:16,6482,fuel,3,ios,0
T007455,U01333,2026-03-19 04:42:46,320,recharge,2,ios,0
T011378,U00726,2026-06-12 04:25:52,369,recharge,2,android,0
T011203,U01084,2026-05-30 20:16:49,288,recharge,2,android,0
T000403,U00279,2026-07-28 12:54:00,15590,transfer,1,ios,0
T008784,U01101,2026-03-17 14:16:08,303,grocery,2,ios,0
T006967,U01944,2026-02-20 09:25:57,4625,transfer,2,android,0
T010350,U00851,2026-04-03 21:05:33,2106,grocery,2,android,0
T011980,U00762,2026-05-17 22:26:50,2504,grocery,1,ios,0
T008242,U00255,2026-07-15 00:59:39,4069,fuel,1,android,0
T013634,U01708,2026-07-20 00:16:18,1657,shopping,2,android,0
T003030,U01247,2026-04-29 15:52:27,151,grocery,3,android,0
T006514,U00946,2026-06-19 17:58:26,1945,shopping,2,web,0
T014767,U01664,2026-04-14 22:27:31,21829,transfer,2,android,0
T007638,U00021,2026-03-16 10:22:57,5177,transfer,1,android,0
T013215,U01447,2026-01-30 16:47:38,1498,shopping,2,ios,0
T005953,U01455,2026-09-13 10:53:40,757,shopping,3,ios,0
T014623,U01329,2026-07-04 10:43:06,67,recharge,1,ios,0
T004541,U01483,2026-03-15 20:17:19,247,recharge,3,ios,0
T014041,U00925,2026-06-05 23:25:35,938,fuel,2,web,0
T011253,U01724,2026-01-04 09:42:26,201,shopping,3,web,0
T011207,U01714,2026-09-18 17:38:40,4978,transfer,2,ios,0
T009438,U00390,2026-01-02 13:58:36,1934,shopping,1,ios,0
T010611,U00476,2026-03-16 14:22:49,773,recharge,3,ios,0
T009016,U01701,2026-09-21 00:32:13,3697,fuel,2,ios,0
T002661,U00095,2026-06-13 09:25:25,1461,fuel,3,android,0
T001028,U01829,2026-03-09 07:17:29,406,recharge,2,ios,0
T000219,U00383,2026-05-27 11:44:32,560,fuel,3,android,0
T007756,U01657,2026-07-06 12:51:00,3800,fuel,1,android,0
T014945,U01064,2026-03-10 17:06:09,386,grocery,1,ios,0
T005637,U01868,2026-08-09 03:01:08,2736,shopping,1,android,0
T006571,U01706,2026-01-04 22:38:30,2136,shopping,3,ios,0
T013010,U00391,2026-04-05 00:17:19,9333,shopping,2,ios,0
T005323,U01516,2026-06-26 12:38:46,613,recharge,3,ios,0
T012062,U00879,2026-08-09 18:51:10,2881,shopping,2,ios,0
T002199,U01020,2026-08-28 22:22:40,636,recharge,3,android,0
T008894,U01164,2026-08-19 15:31:49,279,recharge,2,android,0
T014459,U00976,2026-01-03 16:56:42,1576,fuel,3,ios,0
T013085,U00501,2026-09-19 03:03:37,1684,fuel,3,android,0
T012754,U01268,2026-07-13 22:41:48,2157,shopping,3,android,0
T008778,U01190,2026-07-28 16:35:15,294,recharge,3,ios,0
T014760,U01099,2026-09-19 06:46:41,1468,fuel,3,ios,0
T005495,U01043,2026-09-11 13:34:40,1786,transfer,2,ios,0
T013359,U00564,2026-02-18 07:17:08,647,grocery,3,android,0
T000665,U00508,2026-03-16 18:44:42,1745,grocery,2,ios,0
T002429,U01948,2026-09-17 08:09:31,1302,recharge,2,ios,0
T008640,U00248,2026-05-16 23:16:07,349,recharge,2,android,0
T005703,U00332,2026-01-24 23:05:41,2155,transfer,2,android,0
T006495,U00353,2026-02-16 21:16:05,695,grocery,1,android,0
T014572,U01348,2026-04-13 02:32:11,766,grocery,3,ios,0
T002042,U00343,2026-03-07 14:39:56,3657,transfer,1,ios,0
T006817,U00362,2026-04-27 22:25:13,1107,shopping,3,android,0
T014718,U01438,2026-09-22 15:16:24,2862,fuel,3,android,0
T010858,U01313,2026-04-20 14:54:11,2847,transfer,3,ios,0
T008409,U00654,2026-04-17 04:27:03,13108,transfer,1,android,0
T009146,U00864,2026-08-27 03:26:54,692,grocery,1,ios,0
T007379,U00409,2026-06-10 09:53:17,1393,grocery,3,android,0
T004845,U01947,2026-02-01 16:41:56,7039,transfer,1,ios,0
T013518,U01865,2026-08-02 11:58:55,733,grocery,3,ios,0
T006631,U01762,2026-07-17 13:34:01,405,shopping,1,ios,0
T003305,U01072,2026-07-03 17:54:41,2669,grocery,2,ios,0
T010100,U01992,2026-02-14 10:02:53,1793,grocery,2,android,0
T001630,U01925,2026-03-07 09:24:48,3532,shopping,1,ios,0
T002889,U01663,2026-01-23 02:00:53,1845,grocery,1,android,0
T008873,U01692,2026-01-01 20:12:04,388,recharge,1,ios,0
T012890,U00901,2026-07-01 07:13:22,1731,grocery,3,ios,0
T012954,U00416,2026-08-20 07:40:47,2257,fuel,1,ios,0
T010341,U01595,2026-08-25 02:35:53,224,recharge,3,android,0
T010765,U01996,2026-08-23 08:28:17,4019,transfer,3,ios,0
T002967,U00648,2026-06-04 00:35:15,19461,shopping,2,ios,0
T002867,U00799,2026-01-24 21:01:16,682,fuel,1,ios,0
T006593,U00888,2026-01-26 04:14:25,454,recharge,3,ios,0
T010248,U00445,2026-06-17 01:23:07,6695,grocery,3,ios,0
T012127,U01756,2026-01-16 08:25:15,1865,fuel,3,android,0
T007253,U01346,2026-09-14 03:42:01,649,grocery,1,android,0
T014571,U01951,2026-04-09 02:37:44,2527,transfer,1,android,0
T010155,U00884,2026-04-14 23:25:48,2956,fuel,1,ios,0
T012588,U00265,2026-04-16 20:36:30,286,recharge,3,android,0
T009375,U01247,2026-03-07 20:51:35,934,shopping,1,android,0
T001512,U00025,2026-08-16 09:56:04,855,grocery,3,ios,0
T008447,U01640,2026-01-08 09:27:58,6589,transfer,3,android,0
T003108,U00679,2026-02-27 06:03:09,1122,shopping,3,android,0
T004637,U01756,2026-08-07 13:32:24,6576,shopping,1,android,0
T001396,U00588,2026-03-04 06:15:34,1218,fuel,2,ios,0
T007412,U00321,2026-05-11 05:40:15,8047,shopping,2,web,0
T005886,U00187,2026-05-15 22:13:34,5211,transfer,1,android,0
T013947,U01405,2026-05-16 04:33:35,296,shopping,1,android,0
T005898,U00611,2026-08-06 13:59:34,25368,transfer,2,ios,0
T002350,U01770,2026-07-25 03:30:28,2662,shopping,1,android,0
T014902,U00278,2026-05-17 09:33:44,498,grocery,3,android,0
T012128,U00855,2026-05-27 05:45:19,181,recharge,2,android,0
T002888,U01841,2026-05-29 02:48:25,9474,transfer,3,ios,0
T002916,U00372,2026-06-08 11:31:41,3698,fuel,1,android,0
T000432,U00885,2026-05-29 15:51:28,1933,shopping,2,ios,0
T005691,U00591,2026-07-21 02:59:37,4532,shopping,2,android,0
T002398,U00267,2026-01-24 03:51:02,7355,transfer,3,ios,0
T008304,U00690,2026-02-22 22:13:38,1322,shopping,2,android,0
T005154,U00191,2026-07-22 05:20:55,2007,grocery,3,ios,0
T000905,U00739,2026-03-11 03:42:43,677,grocery,1,ios,0
T005370,U01336,2026-04-20 09:55:18,3632,fuel,2,ios,0
T003403,U00283,2026-09-19 12:42:37,644,shopping,2,android,0
T000540,U00161,2026-02-13 09:19:34,5111,transfer,3,android,0
T010736,U01007,2026-01-22 15:03:33,23672,transfer,1,android,0
T001903,U01731,2026-05-29 03:44:37,1605,transfer,2,android,0
T007969,U00109,2026-06-15 01:17:36,4302,transfer,3,ios,0
T004134,U00745,2026-06-30 10:56:21,434,recharge,1,ios,0
T001448,U01737,2026-09-03 20:38:18,242,grocery,2,ios,0
T011403,U01464,2026-08-17 08:47:28,445,grocery,3,ios,0
T005707,U01164,2026-05-11 09:56:30,19006,transfer,3,android,0
T009251,U01298,2026-06-04 01:58:47,2227,shopping,2,android,0
T003755,U00189,2026-09-03 21:40:19,519,grocery,1,android,0
T011421,U01969,2026-06-16 06:56:50,25807,transfer,3,android,0
T014109,U01609,2026-04-30 23:17:30,2224,grocery,2,ios,0
T012371,U00784,2026-08-26 12:12:23,3141,transfer,3,android,0
T000682,U00187,2026-04-21 19:40:15,382,grocery,1,android,0
T002923,U01343,2026-09-15 08:26:20,10812,transfer,3,android,0
T006337,U00155,2026-06-09 07:26:34,3090,transfer,3,android,0
T014890,U00726,2026-04-22 00:10:13,16504,transfer,1,android,0
T010328,U01325,2026-06-25 00:03:41,558,grocery,3,ios,0
T008900,U00262,2026-07-01 02:42:42,20141,transfer,1,android,0
T013270,U01138,2026-02-26 07:22:47,858,grocery,2,ios,0
T003262,U01874,2026-07-01 15:41:24,5026,fuel,2,ios,0
T014511,U00611,2026-03-28 04:20:53,993,grocery,2,ios,0
T001168,U01715,2026-08-16 21:48:54,513,recharge,3,android,0
T006167,U00993,2026-03-24 15:04:15,6538,shopping,3,ios,0
T011906,U00308,2026-07-24 21:55:44,240,grocery,3,android,0
T006373,U01947,2026-09-20 22:21:55,265,recharge,3,ios,0
T003879,U00498,2026-07-10 13:08:45,880,fuel,2,android,0
T008904,U00988,2026-04-12 14:00:42,1836,fuel,3,ios,0
T001691,U01083,2026-03-02 03:24:30,1091,grocery,2,ios,0
T003691,U00093,2026-06-12 23:01:32,2033,fuel,2,android,0
T004779,U01828,2026-07-26 21:30:18,626,shopping,1,ios,0
T003121,U00679,2026-06-02 22:53:04,1422,fuel,1,android,0
T005987,U00280,2026-05-10 06:51:34,2331,fuel,2,ios,0
T005038,U00158,2026-03-22 03:50:32,320,recharge,1,android,0
T014583,U01657,2026-07-18 02:11:26,688,recharge,1,android,0
T002767,U01924,2026-07-16 01:41:24,3459,transfer,1,ios,0
T009400,U00236,2026-06-07 22:11:54,14581,transfer,3,android,0
T014918,U00987,2026-03-06 12:39:35,940,grocery,1,ios,0
T005197,U01004,2026-07-05 08:32:47,1106,transfer,2,android,0
T011576,U00756,2026-07-31 10:36:48,690,recharge,1,ios,0
T002780,U01555,2026-02-07 03:07:16,3689,fuel,3,android,0
T000931,U01974,2026-08-25 09:51:28,798,shopping,3,android,0
T009108,U00125,2026-05-29 10:57:36,1280,grocery,3,android,0
T002925,U01899,2026-06-16 14:11:33,1189,recharge,3,ios,0
T001253,U00239,2026-02-08 18:54:39,5434,transfer,1,android,0
T006684,U01018,2026-05-12 12:03:52,1127,grocery,1,android,0
T012200,U00171,2026-05-16 12:59:50,4926,transfer,1,android,0
T001115,U00571,2026-03-28 09:18:27,1347,grocery,2,android,0
T000088,U00933,2026-08-09 03:45:42,1357,shopping,2,android,0
T001085,U01140,2026-01-31 21:25:50,618,fuel,2,android,0
T006417,U00828,2026-07-07 08:38:33,2115,fuel,2,ios,0
T014958,U00722,2026-02-25 21:30:58,1225,fuel,2,ios,0
T009933,U00851,2026-02-01 04:05:27,3027,transfer,2,android,0
T000166,U00530,2026-05-11 08:19:16,3396,shopping,1,android,0
T008589,U00396,2026-07-24 09:23:36,154,recharge,2,ios,0
T007534,U00573,2026-07-20 15:39:09,6186,transfer,3,ios,0
T010998,U00702,2026-08-23 23:00:31,2360,shopping,2,android,0
T012112,U00218,2026-06-14 15:00:50,2022,shopping,2,ios,0
T004957,U00858,2026-01-12 05:46:24,4767,transfer,1,ios,0
T013065,U00486,2026-05-15 22:31:02,11272,shopping,3,android,0
T009395,U01184,2026-04-14 15:01:28,3042,fuel,3,ios,0
T004980,U00791,2026-09-29 01:33:47,1405,fuel,1,android,0
T003493,U00710,2026-09-22 06:19:04,2994,fuel,2,ios,0
T012068,U01311,2026-07-16 18:23:54,3583,fuel,2,android,0
T014047,U00535,2026-01-04 08:40:13,2019,shopping,2,android,0
T006804,U01435,2026-01-18 19:56:58,12272,shopping,3,ios,0
T000090,U01908,2026-09-12 15:35:51,665,grocery,3,ios,0
T001987,U00910,2026-05-20 20:25:55,265,recharge,3,ios,0
T000842,U00171,2026-09-27 17:21:08,149,recharge,3,android,0
T008946,U00527,2026-07-06 09:51:28,6674,shopping,3,android,0
T011108,U00874,2026-08-10 19:11:56,193,recharge,1,ios,0
T008383,U00844,2026-02-22 08:27:44,1847,grocery,2,ios,0
T005877,U00906,2026-02-08 04:05:00,265,grocery,3,ios,0
T000495,U00735,2026-02-05 05:39:37,113,recharge,1,ios,0
T004512,U01738,2026-05-16 01:10:43,3210,transfer,1,android,0
T008768,U00459,2026-04-11 06:20:49,9575,transfer,3,ios,0
T010468,U00634,2026-02-27 20:26:40,1659,fuel,1,ios,0
T007585,U00996,2026-05-05 11:44:50,718,grocery,2,ios,0
T002656,U00058,2026-08-01 08:45:28,489,recharge,3,android,0
T001657,U00192,2026-02-06 07:34:40,348,recharge,1,android,0
T006474,U00159,2026-02-24 11:56:48,454,grocery,1,ios,0
T000659,U01516,2026-04-21 06:23:58,606,fuel,3,ios,0
T012812,U01484,2026-06-29 12:40:49,545,grocery,1,ios,0
T001091,U00687,2026-04-25 04:51:58,6256,transfer,3,ios,0
T014650,U00116,2026-09-02 06:22:49,1197,fuel,3,android,0
T003800,U01478,2026-08-22 08:11:37,2837,shopping,1,android,0
T010497,U00959,2026-03-01 14:06:43,6051,fuel,2,ios,0
T008298,U00587,2026-06-11 05:49:08,1891,shopping,1,ios,0
T002986,U01283,2026-07-18 14:12:30,277,grocery,2,web,0
T009780,U00326,2026-02-19 19:17:19,12542,transfer,2,ios,0
T006247,U00851,2026-07-31 20:49:39,2649,grocery,1,android,0
T007308,U01564,2026-08-09 19:48:49,403,fuel,1,ios,0
T012018,U00753,2026-08-16 04:36:20,913,fuel,3,ios,0
T008670,U01817,2026-02-18 13:06:54,1396,fuel,2,android,0
T002739,U01703,2026-04-26 03:55:55,1001,fuel,2,ios,0
T014676,U01623,2026-09-11 09:22:19,10606,transfer,2,ios,0
T004670,U01570,2026-05-23 10:06:57,132,grocery,1,android,0
T012597,U00571,2026-06-11 04:35:34,3511,fuel,1,android,0
T006079,U01076,2026-03-30 04:51:59,50000,recharge,1,ios,1
T012883,U00288,2026-01-23 18:34:06,396,recharge,3,android,0
T009621,U00130,2026-06-06 18:33:25,1581,shopping,3,android,0
T009683,U01881,2026-04-25 17:28:57,501,grocery,3,ios,0
T004606,U00686,2026-08-16 02:27:19,421,recharge,2,ios,0
T002692,U01779,2026-05-30 00:37:25,1033,transfer,1,ios,0
T009804,U01239,2026-02-11 23:00:49,5891,transfer,2,ios,0
T002966,U01137,2026-05-01 06:24:49,14859,shopping,1,ios,0
T009553,U01618,2026-01-17 10:23:14,2598,transfer,3,ios,0
T010466,U01294,2026-09-30 04:58:06,6826,transfer,2,ios,0
T001376,U00760,2026-03-14 02:53:58,349,grocery,1,android,0
T011778,U01343,2026-08-07 07:57:07,5159,transfer,1,android,0
T007786,U01920,2026-08-25 07:06:52,4442,shopping,3,ios,0
T005309,U01534,2026-01-23 11:53:44,4111,grocery,1,android,0
T008047,U01505,2026-06-10 23:49:19,3601,transfer,3,ios,0
T008282,U00768,2026-08-07 01:08:06,683,shopping,2,android,0
T005604,U00388,2026-06-21 10:51:37,162,recharge,1,ios,0
T009416,U01919,2026-08-18 20:11:56,4697,fuel,3,android,0
T006806,U01131,2026-04-25 23:38:47,279,recharge,3,ios,0
T009926,U00508,2026-08-05 14:18:17,32607,shopping,3,ios,0
T002101,U00580,2026-04-21 07:55:59,2245,shopping,3,ios,0
T010973,U00403,2026-07-19 23:37:36,991,grocery,2,ios,0
T013354,U00489,2026-03-17 22:57:04,1735,recharge,2,ios,0
T005206,U01829,2026-09-08 23:28:03,1257,fuel,1,ios,0
T003031,U00603,2026-03-11 00:02:52,819,grocery,2,android,0
T009409,U01558,2026-09-15 11:34:35,2832,fuel,1,ios,0
T008988,U00379,2026-01-15 07:25:09,1380,fuel,3,ios,0
T000279,U00359,2026-01-29 02:41:10,5037,transfer,3,ios,0
T001781,U01693,2026-04-06 18:42:34,3173,shopping,2,ios,0
T009338,U01965,2026-07-14 22:06:56,1028,fuel,3,android,0
T004445,U00149,2026-05-09 15:51:10,130,recharge,1,android,0
T007200,U00668,2026-06-05 08:43:26,1532,fuel,1,ios,0
T005426,U01487,2026-08-08 04:27:00,2202,grocery,3,ios,0
T006220,U00285,2026-03-06 14:17:08,2035,transfer,1,ios,0
T006296,U01618,2026-02-24 18:21:39,235,recharge,1,ios,0
T000812,U01522,2026-08-07 05:17:13,17957,transfer,3,android,0
T002521,U01776,2026-02-07 03:28:55,152,recharge,3,android,0
T010319,U00512,2026-04-03 17:55:34,4489,transfer,1,ios,0
T006796,U01984,2026-07-13 10:10:45,907,grocery,3,android,0
T003626,U00150,2026-02-16 22:08:07,289,grocery,2,android,0
T009437,U01473,2026-08-17 13:24:44,657,grocery,3,android,0
T010294,U00511,2026-03-23 08:06:59,424,fuel,3,ios,0
T000007,U00580,2026-05-20 12:32:30,3150,transfer,2,ios,0
T000447,U00298,2026-06-10 08:57:11,4323,shopping,1,ios,0
T013638,U01606,2026-03-01 15:43:21,223,recharge,3,android,0
T006245,U00587,2026-01-09 06:04:58,16568,transfer,2,ios,0
T009350,U00020,2026-04-23 01:59:52,732,grocery,3,ios,0
T000768,U00217,2026-06-06 04:12:42,169,recharge,2,ios,0
T011966,U01374,2026-05-12 02:41:04,426,grocery,3,android,0
T003977,U00583,2026-01-03 05:19:44,745,fuel,2,ios,0
T005726,U01543,2026-05-07 09:51:28,776,recharge,2,android,0
T004306,U01445,2026-04-21 10:03:23,1245,fuel,2,android,0
T004784,U01018,2026-05-03 13:07:25,6768,transfer,1,android,0
T003060,U00977,2026-02-18 04:03:39,1877,grocery,2,ios,0
T014315,U01833,2026-05-31 15:33:34,8356,transfer,1,android,0
T004936,U00612,2026-07-17 06:22:09,12625,transfer,1,ios,0
T005288,U00107,2026-04-15 15:19:00,245,recharge,3,ios,0
T004473,U00277,2026-01-23 13:04:27,2783,fuel,2,android,0
T007328,U00361,2026-07-10 21:44:44,6427,shopping,3,android,0
T011682,U00989,2026-03-30 18:18:24,79,recharge,2,ios,0
T014392,U00791,2026-07-01 08:19:58,2116,grocery,1,android,0
T002420,U00679,2026-03-29 20:43:44,1265,recharge,1,android,0
T000601,U01508,2026-08-05 07:36:57,900,shopping,2,android,0
T004973,U01446,2026-06-12 10:32:32,1566,fuel,2,android,0
T000196,U01016,2026-05-05 12:31:25,614,fuel,1,ios,0
T001514,U00354,2026-07-30 06:14:24,30696,transfer,3,android,0
T013174,U01889,2026-03-27 14:12:30,8356,transfer,2,android,0
T004426,U00948,2026-03-11 20:26:48,368,recharge,2,ios,0
T000633,U01577,2026-01-09 11:20:51,9718,transfer,1,ios,0
T010668,U00164,2026-08-02 06:04:32,334,recharge,3,android,0
T007592,U01587,2026-09-28 22:54:28,835,recharge,1,ios,0
T009270,U01042,2026-06-01 13:13:44,326,recharge,3,android,0
T001873,U01999,2026-07-28 17:52:48,5068,transfer,1,ios,0
T001589,U00066,2026-09-27 21:01:09,4628,transfer,2,ios,0
T009496,U00363,2026-08-13 21:02:42,1810,grocery,1,ios,0
T012852,U00971,2026-04-20 03:58:48,733,recharge,3,android,0
T014088,U00598,2026-07-28 00:03:59,719,grocery,2,ios,0
T001983,U00496,2026-01-24 11:40:20,244,recharge,1,android,0
T010150,U00281,2026-01-20 03:46:17,2609,shopping,1,web,0
T008746,U01039,2026-04-20 09:14:47,492,grocery,2,android,0
T007778,U00960,2026-06-07 20:35:32,4783,transfer,3,android,0
T009897,U01843,2026-03-02 07:47:54,637,shopping,2,android,0
T013607,U01890,2026-06-04 05:34:12,1201,fuel,3,ios,0
T005749,U00141,2026-03-09 09:02:47,9138,transfer,1,ios,0
T013052,U00708,2026-03-01 18:12:02,4023,shopping,3,ios,0
T005147,U01380,2026-03-18 05:27:13,7546,shopping,3,ios,0
T000857,U00501,2026-08-24 21:07:54,2272,shopping,3,web,0
T009189,U00618,2026-09-06 14:14:53,214,grocery,2,android,0
T006456,U01148,2026-08-24 12:17:14,2317,fuel,1,ios,0
T013609,U01124,2026-02-04 02:05:30,438,fuel,3,android,0
T003878,U00131,2026-03-12 16:56:17,2761,grocery,3,android,0
T012161,U00366,2026-07-05 20:15:28,747,fuel,1,android,0
T005534,U01830,2026-07-29 02:04:02,620,fuel,3,android,0
T010697,U01659,2026-07-14 06:34:27,1593,fuel,3,ios,0
T008999,U00770,2026-04-24 19:03:47,412,grocery,1,ios,0
T006788,U01800,2026-01-28 12:31:40,1575,fuel,2,android,0
T011939,U01622,2026-06-01 00:05:24,2081,shopping,2,android,0
T012217,U01543,2026-07-24 07:27:41,2428,transfer,3,android,0
T011336,U01752,2026-06-04 23:31:13,11923,transfer,2,ios,0
T003700,U01145,2026-09-12 00:25:35,2613,grocery,2,ios,0
T006777,U00214,2026-09-22 00:58:20,323,recharge,1,android,0
T009302,U00649,2026-06-19 04:23:07,207,recharge,2,ios,0
T009758,U01439,2026-03-16 17:05:52,14746,shopping,3,android,0
T005743,U01864,2026-01-10 21:15:38,6614,transfer,1,android,0
T009183,U00099,2026-09-11 06:13:09,3193,grocery,2,android,0
T009311,U01043,2026-06-24 18:29:30,3918,shopping,2,ios,0
T013047,U00873,2026-02-18 09:10:38,885,fuel,3,android,0
T003528,U00648,2026-08-24 05:43:32,2649,shopping,2,ios,0
T009615,U00907,2026-08-10 00:09:19,4162,transfer,1,android,0
T007581,U01794,2026-06-04 12:28:14,13342,transfer,3,android,0
T000987,U01762,2026-06-13 18:59:46,1316,grocery,3,ios,0
T010288,U01966,2026-02-15 19:46:04,640,fuel,1,android,0
T003717,U00062,2026-05-10 02:21:11,8636,transfer,1,android,0
T014595,U01550,2026-06-12 02:01:55,287,grocery,3,android,0
T003948,U00903,2026-01-04 03:15:48,14247,transfer,3,ios,0
T007807,U01490,2026-04-04 00:57:09,2497,shopping,3,ios,0
T007154,U01916,2026-01-09 22:36:05,8296,fuel,2,android,0
T006695,U00174,2026-06-23 18:24:43,2106,transfer,3,android,0
T003143,U00810,2026-02-11 14:06:34,358,recharge,3,ios,0
T005724,U01003,2026-09-14 09:50:04,866,transfer,1,android,0
T014034,U01304,2026-01-26 02:11:46,862,transfer,3,android,0
T007961,U01261,2026-05-24 03:06:37,3321,transfer,1,ios,0
T005436,U01748,2026-04-26 05:55:04,3217,transfer,2,ios,0
T010242,U00693,2026-06-07 01:21:30,215,recharge,3,ios,0
T000513,U00260,2026-03-21 16:11:11,5525,transfer,2,android,0
T013302,U01005,2026-03-06 14:05:51,25831,transfer,1,ios,0
T014133,U00743,2026-08-06 12:09:23,147,recharge,1,android,0
T013372,U00460,2026-03-06 17:35:19,6735,shopping,1,android,0
T010565,U01597,2026-07-20 03:40:23,898,shopping,2,android,0
T004827,U01190,2026-06-03 21:55:38,2110,shopping,1,ios,0
T011622,U01727,2026-05-29 14:43:14,1285,transfer,2,android,0
T012681,U01039,2026-03-19 13:45:12,5688,transfer,1,android,0
T009281,U00588,2026-09-16 13:14:44,127,recharge,2,ios,0
T013377,U01435,2026-06-07 02:52:05,1076,grocery,1,ios,0
T011758,U00335,2026-04-25 20:39:10,822,grocery,3,android,0
T008839,U01485,2026-02-23 18:47:49,2841,fuel,1,android,0
T000245,U01106,2026-05-23 01:40:36,1083,transfer,3,android,0
T009542,U01784,2026-06-29 07:40:56,779,grocery,3,android,0
T014860,U01380,2026-09-28 02:24:01,69827,transfer,2,ios,0
T008964,U00230,2026-04-26 13:14:07,4359,shopping,3,ios,0
T010773,U01426,2026-07-20 01:11:36,4289,grocery,1,ios,0
T012510,U01152,2026-05-27 07:49:37,228,grocery,3,android,0
T012304,U01711,2026-05-04 00:07:25,108,grocery,3,ios,0
T002311,U01521,2026-05-08 17:08:11,867,fuel,1,android,0
T008483,U00769,2026-03-31 01:44:35,2218,fuel,2,ios,0
T010367,U00285,2026-03-21 05:58:19,47,recharge,2,ios,0
T006635,U00322,2026-02-20 18:14:34,1661,transfer,3,ios,0
T000149,U00551,2026-04-28 16:40:36,46,recharge,1,ios,0
T005901,U00994,2026-06-21 09:12:01,3180,transfer,1,ios,0
T012025,U01745,2026-02-04 01:27:36,1009,recharge,2,android,0
T003111,U01471,2026-02-02 09:38:19,3037,shopping,1,android,0
T001913,U01246,2026-01-04 13:20:27,754,recharge,1,android,0
T009578,U01892,2026-08-26 17:54:32,1226,fuel,2,android,0
T007765,U00725,2026-02-21 13:23:56,914,shopping,3,android,0
T001452,U00060,2026-02-27 07:52:08,4376,transfer,1,android,0
T013283,U00548,2026-09-30 09:44:28,1133,grocery,3,android,0
T001741,U01668,2026-01-10 21:32:25,2792,shopping,2,ios,0
T011347,U00883,2026-09-09 22:07:25,810,fuel,3,android,0
T009412,U01088,2026-03-06 21:24:02,3414,shopping,1,ios,0
T007794,U01039,2026-06-20 11:11:48,4841,shopping,1,ios,0
T003919,U00727,2026-04-02 22:42:48,454,shopping,1,ios,0
T012187,U01146,2026-05-31 03:26:58,428,fuel,1,ios,0
T000811,U00682,2026-08-22 06:44:16,539,fuel,3,android,0
T011318,U01460,2026-06-24 03:57:53,825,recharge,1,ios,0
T013042,U01136,2026-07-02 17:00:31,2848,fuel,3,ios,0
T004471,U01392,2026-07-25 19:33:35,1528,shopping,3,ios,0
T005225,U01960,2026-04-10 05:04:19,2094,grocery,2,web,0
T009766,U01264,2026-07-05 18:53:07,4796,transfer,1,android,0
T009691,U01351,2026-01-02 09:58:20,322,recharge,2,ios,0
T014769,U01019,2026-05-12 21:31:32,3592,shopping,3,ios,0
T003684,U01881,2026-07-30 14:47:30,1550,grocery,3,ios,0
T012089,U00310,2026-01-14 00:20:27,1166,grocery,2,ios,0
T005879,U01050,2026-03-08 20:45:09,810,grocery,1,android,0
T002025,U00469,2026-01-23 23:24:26,882,fuel,3,android,0
T006401,U01909,2026-05-06 02:15:00,258,recharge,1,ios,0
T007639,U00355,2026-03-27 12:28:03,7529,transfer,1,ios,0
T009001,U01140,2026-01-21 08:47:31,319,fuel,2,android,0
T012091,U01837,2026-05-21 16:20:02,388,grocery,2,ios,0
T004629,U01155,2026-04-15 17:36:41,2910,transfer,1,ios,0
T000992,U00931,2026-02-17 03:39:02,2268,transfer,3,ios,0
T014835,U00921,2026-01-16 20:25:16,496,grocery,3,android,0
T014750,U00132,2026-04-19 16:56:52,39,recharge,1,android,0
T009893,U01539,2026-02-23 23:38:59,2544,transfer,3,ios,0
T012415,U01628,2026-08-05 23:11:01,2401,grocery,2,ios,0
T000520,U01236,2026-09-16 22:42:47,1943,shopping,3,ios,0
T005890,U01303,2026-06-01 00:33:52,84,recharge,3,ios,0
T010345,U00784,2026-05-26 05:41:40,18542,transfer,3,android,0
T013750,U01954,2026-03-17 04:15:36,240,recharge,2,ios,0
T004661,U00069,2026-07-14 21:40:21,30648,transfer,3,ios,0
T004811,U01586,2026-09-11 06:17:47,700,fuel,2,ios,0
T005002,U01023,2026-01-31 21:17:28,1669,transfer,3,android,0
T004367,U00258,2026-08-30 18:54:56,2481,transfer,2,android,0
T007371,U01269,2026-07-13 22:18:42,41,recharge,3,ios,0
T001803,U01298,2026-09-22 20:39:12,2062,transfer,3,android,0
T013777,U00679,2026-07-19 16:34:57,1166,shopping,1,android,0
T004429,U01581,2026-07-18 05:32:25,1160,fuel,3,ios,0
T003364,U01712,2026-09-13 20:57:20,7353,shopping,1,ios,0
T006038,U00304,2026-06-13 10:42:37,5171,transfer,1,ios,0
T010996,U00896,2026-05-26 02:35:57,716,fuel,3,ios,0
T009924,U01854,2026-01-02 11:46:25,6460,transfer,3,ios,0
T006537,U01695,2026-09-16 00:19:26,2650,shopping,3,android,0
T005701,U00553,2026-07-16 05:36:24,8476,fuel,2,android,0
T009012,U01189,2026-04-04 07:56:59,1497,recharge,2,ios,0
T008587,U01138,2026-06-08 17:51:51,724,grocery,1,web,0
T002079,U00184,2026-09-02 18:30:46,3543,transfer,3,android,0
T000130,U00069,2026-02-10 16:06:29,145,recharge,1,android,0
T004001,U01186,2026-04-10 21:19:20,408,recharge,1,ios,0
T000594,U00356,2026-03-19 03:40:48,906,shopping,2,android,0
T009332,U00273,2026-02-19 13:57:03,9598,transfer,2,android,0
T012652,U00219,2026-02-16 22:00:56,4958,fuel,3,ios,0
T010621,U01174,2026-02-28 13:44:48,14093,shopping,1,ios,0
T002355,U00415,2026-03-20 07:27:44,498,fuel,1,ios,0
T007939,U01728,2026-08-14 21:13:35,1898,transfer,1,ios,0
T004516,U01865,2026-09-30 11:07:17,663,grocery,1,ios,0
T003619,U00186,2026-02-10 04:07:45,1894,transfer,1,ios,0
T010533,U01403,2026-05-22 12:06:13,4724,shopping,3,android,0
T008410,U00764,2026-08-29 16:41:57,105,recharge,1,ios,0
T003749,U01537,2026-09-13 00:34:48,2377,fuel,2,ios,0
T010047,U01440,2026-05-11 11:59:51,413,fuel,1,ios,0
T010212,U00358,2026-05-04 01:51:40,2534,fuel,2,web,0
T005250,U00966,2026-08-15 06:25:17,137,recharge,2,web,0
T003332,U00170,2026-08-26 11:34:58,162,recharge,1,ios,0
T007300,U00635,2026-01-06 23:21:40,1146,shopping,2,android,0
T003487,U00138,2026-08-10 14:50:33,617,grocery,1,ios,0
T010458,U02000,2026-08-15 14:59:53,866,shopping,3,ios,0
T011844,U01323,2026-03-08 14:28:04,645,transfer,2,ios,0
T014966,U00850,2026-07-18 02:13:34,7360,transfer,2,ios,0
T011705,U01982,2026-06-12 20:39:01,108,recharge,3,ios,0
T008857,U00674,2026-08-13 12:12:31,5965,fuel,1,android,0
T010824,U01317,2026-05-13 18:52:59,270,recharge,3,android,0
T013527,U01505,2026-04-06 06:01:40,2023,shopping,3,ios,0
T002581,U00616,2026-05-09 04:44:01,4107,transfer,3,ios,0
T010908,U01334,2026-05-13 16:07:38,602,recharge,3,ios,0
T006394,U01805,2026-07-30 00:27:45,171,recharge,3,ios,0
T005685,U00946,2026-01-11 00:32:13,2576,shopping,2,ios,0
T011188,U00041,2026-02-08 00:37:48,578,grocery,1,android,0
T000519,U00401,2026-06-22 23:58:12,2691,grocery,1,android,0
T013624,U00186,2026-03-29 07:21:39,2466,fuel,3,ios,0
T004910,U01909,2026-07-01 13:40:34,792,fuel,3,ios,0
T005811,U00241,2026-04-09 21:46:09,13012,transfer,1,android,0
T001417,U00490,2026-06-18 03:23:00,211,recharge,2,web,0
T012795,U00809,2026-01-24 14:12:12,2539,grocery,3,ios,0
T014850,U01041,2026-07-20 09:29:15,478,grocery,1,android,0
T000271,U01945,2026-06-05 13:29:53,13783,fuel,1,android,0
T012846,U00599,2026-07-27 00:02:38,8751,shopping,1,ios,0
T013854,U01615,2026-03-22 02:31:10,3102,fuel,3,android,0
T008583,U01264,2026-07-12 05:16:16,1549,fuel,1,android,0
T003680,U01882,2026-09-13 03:03:25,9981,transfer,2,android,0
T009506,U01862,2026-08-27 21:49:53,183,recharge,1,ios,0
T010660,U01510,2026-01-30 17:50:49,6422,transfer,2,ios,0
T002869,U00962,2026-06-15 21:43:44,1019,grocery,3,ios,0
T002696,U01642,2026-03-22 21:22:07,181,recharge,2,ios,0
T007022,U00605,2026-07-10 06:41:55,1553,fuel,3,android,0
T007620,U00613,2026-06-20 14:58:00,2707,transfer,3,ios,0
T005058,U00908,2026-05-31 09:21:39,1447,grocery,3,android,0
T010300,U01491,2026-07-13 15:08:52,10802,fuel,1,ios,0
T001626,U00684,2026-03-24 10:52:37,343,recharge,1,android,0
T011981,U01144,2026-06-16 06:52:08,5855,shopping,2,android,0
T014981,U00603,2026-05-31 00:44:03,5426,transfer,2,android,0
T005818,U01183,2026-02-24 12:56:42,20147,transfer,1,android,0
T014913,U00560,2026-09-17 10:42:08,39653,transfer,1,ios,0
T012512,U01868,2026-09-12 17:42:43,379,recharge,2,android,0
T000267,U01648,2026-03-02 02:38:27,227,recharge,2,ios,0
T014245,U01381,2026-01-17 04:07:01,262,recharge,1,android,0
T004804,U00660,2026-07-27 18:01:25,416,grocery,1,android,0
T004343,U01857,2026-05-10 19:10:02,681,grocery,1,ios,0
T008732,U01975,2026-06-14 10:33:17,1547,transfer,3,android,0
T005636,U01470,2026-09-06 00:24:32,1010,recharge,1,ios,0
T002965,U00364,2026-05-27 12:32:21,1746,grocery,1,android,0
T004007,U01438,2026-07-01 00:34:14,1450,transfer,3,android,0
T014483,U01982,2026-06-01 17:55:41,6706,transfer,1,android,0
T004893,U01999,2026-01-17 02:07:04,227,recharge,1,ios,0
T000848,U00578,2026-01-19 15:03:00,1926,shopping,2,ios,0
T013011,U01528,2026-03-04 19:48:21,951,shopping,3,ios,0
T012551,U01123,2026-01-14 13:06:48,404,recharge,1,android,0
T001845,U01846,2026-03-03 14:14:40,3977,grocery,2,ios,0
T004241,U01094,2026-08-20 16:08:11,481,grocery,1,android,0
T006756,U01449,2026-04-23 10:32:51,9472,transfer,2,ios,0
T006567,U01196,2026-07-17 06:08:06,1560,fuel,3,ios,0
T007240,U00095,2026-06-23 22:43:41,978,grocery,1,android,0
T008557,U00870,2026-08-16 01:26:33,115,recharge,3,android,0
T002542,U00395,2026-01-29 11:54:01,343,recharge,1,ios,0
T013941,U00577,2026-03-31 10:53:01,294,recharge,1,android,0
T007289,U00973,2026-07-29 16:03:06,1008,shopping,3,android,0
T001618,U00138,2026-07-11 23:54:38,1766,fuel,3,ios,0
T006778,U00949,2026-05-16 15:24:48,8329,transfer,3,android,0
T008586,U01792,2026-03-15 17:10:26,3072,transfer,3,android,0
T013150,U01236,2026-08-02 18:55:29,800,recharge,3,ios,0
T015093,U01130,2026-09-21 23:09:00,5000,transfer,2,web,1
T013483,U01215,2026-01-13 04:50:16,4024,transfer,3,android,0
T014295,U00441,2026-03-20 09:54:06,1933,shopping,3,ios,0
T010464,U00560,2026-09-14 00:38:59,920,fuel,1,ios,0
T012868,U00803,2026-02-01 00:09:44,423,recharge,3,ios,0
T012104,U00893,2026-06-27 07:15:59,2212,shopping,3,ios,0
T010861,U01133,2026-05-28 19:45:11,1725,recharge,2,ios,0
T007953,U00890,2026-08-03 18:38:13,4234,fuel,3,ios,0
T004412,U00530,2026-05-01 01:43:09,178,recharge,1,android,0
T010451,U01667,2026-02-24 10:39:16,3932,fuel,3,ios,0
T001961,U01293,2026-03-14 12:50:27,1917,shopping,3,android,0
T003943,U00157,2026-03-26 04:15:08,1652,fuel,3,android,0
T010931,U00360,2026-01-01 02:57:11,8973,shopping,1,ios,0
T010645,U01158,2026-06-13 03:18:38,10951,transfer,3,ios,0
T000052,U01003,2026-05-31 22:22:49,3790,shopping,3,android,0
T008868,U01887,2026-02-22 08:17:10,991,shopping,3,web,0
T003899,U00226,2026-03-02 04:40:55,117,recharge,2,android,0
T007594,U01602,2026-04-22 13:09:18,1907,fuel,3,android,0
T009773,U00089,2026-07-13 15:40:04,60,recharge,1,ios,0
T004214,U00277,2026-08-22 23:24:25,2997,fuel,2,android,0
T001922,U00718,2026-07-19 15:21:00,843,fuel,2,android,0
T011815,U00947,2026-05-16 21:48:32,221,recharge,1,android,0
T007514,U00035,2026-01-01 09:18:48,5094,shopping,3,ios,0
T014907,U01591,2026-07-12 03:24:23,1497,transfer,1,ios,0
T009608,U01291,2026-07-16 17:47:43,239,recharge,3,ios,0
T011847,U00493,2026-01-12 02:10:36,2637,shopping,2,android,0
T005095,U00048,2026-05-21 06:38:29,8737,transfer,1,android,0
T003590,U01793,2026-08-21 22:20:32,14246,fuel,1,android,0
T014617,U00325,2026-01-14 09:40:58,373,grocery,3,ios,0
T003517,U00571,2026-07-05 20:06:06,3300,shopping,2,android,0
T004916,U00241,2026-09-04 02:07:29,10000,recharge,1,android,1
T010853,U00213,2026-05-30 11:37:15,665,shopping,3,ios,0
T004652,U00655,2026-06-21 18:32:43,1097,fuel,3,android,0
T010462,U01013,2026-08-16 17:23:42,11690,transfer,3,ios,0
T003662,U00960,2026-02-01 04:28:30,699,shopping,1,android,0
T006792,U00184,2026-02-01 17:10:49,5022,fuel,1,android,0
T010086,U00184,2026-08-26 04:40:36,6014,transfer,1,android,0
T000451,U01970,2026-02-07 19:30:04,14806,shopping,3,ios,0
T003633,U00304,2026-03-20 22:35:56,2754,shopping,2,ios,0
T012579,U01975,2026-02-15 18:45:16,3158,transfer,1,android,0
T013463,U01888,2026-02-20 10:19:13,406,recharge,1,android,0
T011372,U00689,2026-07-21 00:05:43,621,recharge,1,ios,0
T011722,U01481,2026-07-21 03:51:13,1011,shopping,3,ios,0
T004528,U01067,2026-01-26 23:42:42,558,recharge,3,android,0
T002140,U01633,2026-05-25 23:24:25,1158,fuel,2,android,0
T013502,U01481,2026-06-14 19:17:19,136,fuel,3,ios,0
T001688,U00035,2026-07-24 05:00:52,1716,shopping,3,ios,0
T003822,U01390,2026-08-29 20:35:59,396,grocery,2,ios,0
T011046,U01344,2026-06-17 15:39:07,193,recharge,1,android,0
T009526,U01167,2026-01-12 10:13:20,79,recharge,1,android,0
T005240,U01139,2026-09-06 07:52:16,223,grocery,2,android,0
T007948,U01235,2026-07-24 09:29:56,931,grocery,1,android,0
T009092,U00325,2026-02-26 00:32:18,4816,shopping,2,ios,0
T010672,U00778,2026-03-15 21:09:58,1143,grocery,1,ios,0
T013471,U00973,2026-03-09 23:39:39,1067,grocery,3,android,0
T014228,U01683,2026-05-13 23:04:26,1847,transfer,1,android,0
T009530,U01617,2026-05-12 16:36:14,1403,grocery,3,android,0
T014558,U01623,2026-05-24 04:56:22,1295,recharge,1,ios,0
T003636,U01591,2026-06-11 21:55:43,473,grocery,3,ios,0
T012801,U01671,2026-02-05 13:06:52,1366,shopping,2,ios,0
T000820,U01660,2026-03-23 19:03:22,59,recharge,1,android,0
T003735,U01766,2026-07-08 12:58:42,820,grocery,3,ios,0
T011463,U01471,2026-06-21 09:30:40,1641,shopping,2,android,0
T004658,U01696,2026-07-22 05:12:51,3579,fuel,2,ios,0
T012052,U01503,2026-05-26 00:23:32,236,grocery,1,android,0
T006490,U00378,2026-01-03 14:24:32,260,grocery,3,ios,0
T002830,U00012,2026-08-09 09:19:17,4080,transfer,3,android,0
T009415,U00991,2026-07-18 10:59:19,1124,fuel,2,ios,0
T005092,U00026,2026-09-26 06:34:17,3353,transfer,3,android,0
T005590,U01992,2026-08-15 09:58:47,517,recharge,1,android,0
T012520,U01663,2026-02-19 23:13:31,124,recharge,2,android,0
T000107,U00821,2026-09-08 08:53:59,63,recharge,3,ios,0
T004824,U01953,2026-04-10 22:58:56,1829,transfer,2,ios,0
T000764,U00108,2026-05-27 13:34:52,1938,shopping,1,android,0
T011246,U00458,2026-04-06 16:35:18,950,shopping,1,android,0
T006290,U01834,2026-07-13 17:41:24,1171,fuel,1,android,0
T000303,U01338,2026-09-08 08:31:13,71,recharge,3,ios,0
T013408,U00371,2026-09-03 01:12:17,397,recharge,2,ios,0
T005536,U01808,2026-03-20 23:37:27,9315,transfer,2,ios,0
T014264,U01397,2026-02-07 07:19:54,175,recharge,3,android,0
T011430,U00367,2026-04-28 19:15:09,480,grocery,1,ios,0
T012870,U01031,2026-09-23 08:58:50,201,recharge,2,android,0
T008969,U00018,2026-05-22 13:48:53,3425,shopping,3,android,0
T001462,U01373,2026-04-23 11:38:05,4821,transfer,1,ios,0
T011150,U00357,2026-02-02 06:09:09,5140,shopping,3,android,0
T013558,U01749,2026-06-03 05:43:09,433,shopping,1,ios,0
T011343,U01295,2026-07-26 18:42:23,4049,grocery,3,ios,0
T008958,U01816,2026-05-26 21:07:33,3065,recharge,2,android,0
T013321,U01568,2026-07-11 19:47:56,2760,transfer,1,android,0
T000795,U01533,2026-03-07 09:35:22,5590,transfer,3,android,0
T000589,U00899,2026-01-14 03:48:00,204,recharge,3,android,0
T010419,U00768,2026-03-16 16:32:09,3385,shopping,3,android,0
T012826,U01387,2026-03-03 13:50:00,836,grocery,2,ios,0
T000559,U00337,2026-06-01 02:29:34,4892,transfer,2,ios,0
T012360,U01308,2026-01-08 05:15:21,704,grocery,1,android,0
T000214,U00330,2026-01-25 02:11:16,453,recharge,3,android,0
T000197,U00826,2026-08-11 13:04:21,857,fuel,1,android,0
T000112,U00180,2026-03-19 11:04:53,885,recharge,2,ios,0
T000572,U00515,2026-08-01 15:39:08,24605,shopping,3,android,0
T014928,U00969,2026-06-16 05:46:50,856,transfer,2,ios,0
T010495,U00570,2026-02-09 10:24:00,3790,grocery,2,ios,0
T014741,U01992,2026-04-26 07:53:08,11434,transfer,1,android,0
T013056,U00756,2026-07-18 19:49:59,4796,fuel,2,ios,0
T001180,U01052,2026-04-12 07:15:36,2025,fuel,2,ios,0
T006656,U00558,2026-07-01 02:01:52,1129,fuel,3,android,0
T014911,U01413,2026-09-20 18:54:39,1145,shopping,3,android,0
T002834,U01756,2026-07-11 08:43:53,1520,grocery,2,android,0
T008233,U01560,2026-03-13 05:23:58,40,recharge,3,android,0
T002131,U01710,2026-08-06 03:02:44,378,recharge,1,ios,0
T008859,U01257,2026-03-09 17:49:47,200,grocery,1,ios,0
T012151,U00766,2026-07-09 20:39:27,409,grocery,3,android,0
T007956,U00172,2026-05-24 09:07:08,1056,transfer,2,ios,0
T001352,U00131,2026-04-18 05:20:55,2312,recharge,1,android,0
T014335,U01824,2026-09-14 18:22:52,128,recharge,2,ios,0
T013506,U01845,2026-03-04 09:04:34,912,recharge,1,ios,0
T004993,U01788,2026-05-01 18:33:39,731,recharge,2,android,0
T004720,U01093,2026-06-01 23:29:27,2383,fuel,2,android,0
T013848,U01056,2026-05-07 05:07:08,3539,fuel,2,android,0
T000797,U01162,2026-03-12 23:09:41,2707,fuel,1,ios,0
T001715,U00874,2026-01-22 12:14:54,832,grocery,1,ios,0
T002182,U01094,2026-06-19 09:11:29,1628,transfer,1,android,0
T013413,U01980,2026-04-15 15:55:20,1387,recharge,2,ios,0
T011803,U01728,2026-07-13 10:57:25,3079,shopping,1,ios,0
T009587,U00346,2026-07-29 05:46:26,198,recharge,1,android,0
T004414,U00286,2026-08-23 09:26:06,5632,transfer,3,ios,0
T011916,U01859,2026-06-28 17:09:36,6316,transfer,1,android,0
T014795,U00656,2026-05-02 00:39:40,8920,fuel,2,ios,0
T001291,U00890,2026-02-02 19:08:41,1016,recharge,1,ios,0
T004615,U01462,2026-04-02 11:22:07,1158,fuel,3,ios,0
T006831,U00669,2026-04-23 09:49:19,8330,transfer,3,ios,0
T010610,U01267,2026-06-09 22:35:11,10109,transfer,2,android,0
T004181,U00016,2026-03-06 03:18:34,583,grocery,2,android,0
T012530,U01286,2026-03-17 16:25:32,938,grocery,3,ios,0
T000381,U01883,2026-02-25 05:46:09,682,grocery,3,ios,0
T003623,U00736,2026-08-04 11:03:52,2405,transfer,3,android,0
T010712,U01890,2026-07-01 19:31:49,3621,shopping,2,ios,0
T013476,U01696,2026-09-20 20:39:10,1239,fuel,2,ios,0
T011286,U01068,2026-07-25 03:39:29,1015,grocery,2,ios,0
T005468,U00170,2026-05-07 09:14:30,825,fuel,3,ios,0
T007815,U01463,2026-03-02 09:56:12,1934,fuel,1,ios,0
T010711,U01291,2026-09-04 03:42:15,1178,fuel,1,ios,0
T010148,U01046,2026-08-02 20:56:51,1424,shopping,2,android,0
T014723,U01883,2026-06-26 12:33:44,6993,shopping,2,ios,0
T013387,U00925,2026-06-02 02:47:40,3438,fuel,3,ios,0
T006187,U00818,2026-07-12 17:40:40,1253,fuel,2,ios,0
T006192,U00687,2026-09-14 00:15:09,1956,shopping,1,ios,0
T008925,U00391,2026-06-26 15:55:52,292,grocery,2,ios,0
T005494,U01580,2026-09-06 14:48:51,558,grocery,2,android,0
T010297,U00141,2026-09-19 08:00:37,27440,transfer,1,ios,0
T001129,U01281,2026-02-20 04:22:27,943,grocery,3,android,0
T007679,U01890,2026-07-06 03:19:20,442,recharge,1,ios,0
T011268,U00870,2026-07-03 16:56:49,1011,fuel,2,android,0
T000399,U01638,2026-05-10 15:10:09,755,shopping,2,android,0
T000152,U01682,2026-01-26 11:35:40,442,grocery,3,ios,0
T008712,U01275,2026-04-15 23:13:24,1760,shopping,1,ios,0
T011045,U01990,2026-01-25 01:08:20,5270,transfer,2,ios,0
T011187,U00099,2026-08-02 18:05:29,180,shopping,3,android,0
T011540,U01553,2026-04-09 08:25:17,189,recharge,2,android,0
T006385,U01377,2026-03-16 05:54:34,21456,shopping,3,android,0
T009700,U00494,2026-08-08 13:23:01,302,recharge,1,ios,0
T000015,U01366,2026-01-07 02:37:50,9999,shopping,2,ios,0
T010747,U01656,2026-03-23 19:12:56,107,recharge,3,android,0
T012440,U00617,2026-08-05 23:30:30,1041,grocery,2,android,0
T003949,U01478,2026-09-08 04:06:06,6990,transfer,2,web,0
T006200,U01773,2026-08-25 22:21:32,4594,transfer,1,ios,0
T003534,U00295,2026-01-12 06:51:40,3743,shopping,2,ios,0
T008231,U01278,2026-07-28 07:38:51,1550,shopping,3,ios,0
T009461,U01238,2026-05-06 23:35:15,166,recharge,1,ios,0
T005497,U01500,2026-01-12 22:46:08,129,recharge,3,ios,0
T007875,U01418,2026-06-24 02:27:52,1634,transfer,1,ios,0
T014129,U01922,2026-09-14 13:00:50,1972,fuel,1,android,0
T012327,U00219,2026-07-04 22:01:32,3722,transfer,1,ios,0
T008835,U01693,2026-09-27 17:02:51,714,grocery,2,ios,0
T014018,U01401,2026-04-21 16:33:09,335,grocery,3,android,0
T006592,U00133,2026-02-28 03:20:28,26,recharge,2,android,0
T005819,U01246,2026-06-14 07:26:16,126,recharge,1,android,0
T013623,U00734,2026-06-03 16:24:52,4131,transfer,3,ios,0
T006351,U01527,2026-05-12 04:58:05,496,recharge,1,ios,0
T014211,U01471,2026-01-08 14:35:25,5469,fuel,3,android,0
T000672,U00625,2026-01-11 20:46:18,504,recharge,2,ios,0
T002707,U00109,2026-01-01 21:26:01,1907,transfer,3,ios,0
T003720,U01271,2026-09-10 15:29:42,256,recharge,2,ios,0
T006947,U00383,2026-06-26 06:31:59,13579,fuel,3,android,0
T007167,U01950,2026-04-13 04:49:45,1866,fuel,1,ios,0
T006158,U00107,2026-02-11 11:46:31,2843,shopping,1,ios,0
T012411,U00711,2026-08-22 21:49:28,48,recharge,2,android,0
T013911,U01320,2026-04-22 18:28:28,752,grocery,2,android,0
T006812,U00262,2026-02-10 04:38:09,2130,shopping,3,android,0
T012296,U01628,2026-08-18 03:03:43,178,grocery,1,ios,0
T006680,U00512,2026-05-11 06:18:37,6176,fuel,2,ios,0
T006445,U01315,2026-01-19 05:06:40,6674,transfer,3,android,0
T014922,U00187,2026-06-16 18:36:56,1624,transfer,2,android,0
T009489,U02000,2026-07-24 23:18:46,154,grocery,3,ios,0
T009810,U01540,2026-09-23 05:50:53,317,recharge,1,android,0
T004166,U00051,2026-04-28 09:27:10,3433,fuel,2,ios,0
T012537,U00234,2026-07-24 04:21:24,703,grocery,3,android,0
T011260,U00689,2026-05-28 06:47:16,1993,transfer,3,ios,0
T004864,U00715,2026-01-25 01:40:50,4700,transfer,3,ios,0
T007302,U00475,2026-09-04 06:49:59,1905,grocery,3,android,0
T012787,U01855,2026-08-03 02:51:43,399,recharge,3,android,0
T004413,U00728,2026-04-26 09:50:05,5167,transfer,3,android,0
T001953,U01854,2026-02-03 14:37:39,14875,transfer,2,ios,0
T008359,U01648,2026-03-01 02:05:28,493,recharge,1,ios,0
T009705,U00734,2026-03-07 22:23:25,338,shopping,2,ios,0
T002775,U00238,2026-02-09 12:39:24,1175,fuel,2,ios,0
T006137,U00034,2026-08-28 08:43:46,69,recharge,1,ios,0
T004847,U00892,2026-01-07 00:25:40,2692,shopping,2,ios,0
T005896,U00625,2026-07-08 08:26:26,3646,transfer,3,ios,0
T010418,U01049,2026-05-07 22:54:47,676,grocery,1,ios,0
T013508,U00614,2026-09-06 17:32:46,794,grocery,3,ios,0
T010830,U00874,2026-09-21 22:22:32,1645,fuel,1,ios,0
T001539,U00308,2026-01-09 22:37:24,5457,transfer,3,android,0
T008230,U01308,2026-09-27 07:42:52,4798,transfer,2,android,0
T012274,U01965,2026-01-01 18:28:14,4686,transfer,1,android,0
T011272,U01104,2026-01-27 18:22:40,1425,transfer,1,android,0
T011451,U01714,2026-04-10 02:46:59,78,recharge,2,ios,0
T010097,U00623,2026-08-22 16:41:58,3034,fuel,2,ios,0
T003258,U00488,2026-08-08 11:07:58,1388,fuel,3,ios,0
T004205,U00773,2026-02-26 20:00:51,1841,transfer,3,android,0
T006459,U00423,2026-06-25 23:43:01,5173,fuel,3,android,0
T001276,U01651,2026-01-24 09:54:34,18481,transfer,1,ios,0
T003759,U00896,2026-04-23 00:41:53,1716,fuel,3,ios,0
T001080,U01603,2026-09-21 07:08:02,878,grocery,1,ios,0
T010829,U01423,2026-05-24 14:14:31,238,recharge,3,android,0
T001065,U00718,2026-03-30 10:49:54,46943,transfer,2,android,0
T003779,U00027,2026-01-11 16:57:22,3103,transfer,2,android,0
T005782,U01996,2026-04-12 04:00:20,247,recharge,2,ios,0
T002218,U00763,2026-05-07 16:56:28,7170,shopping,1,ios,0
T011544,U01922,2026-05-09 20:48:38,141576,transfer,2,android,0
T004492,U01422,2026-08-03 20:27:01,1746,fuel,3,ios,0
T005809,U01300,2026-06-10 22:16:59,1419,shopping,3,ios,0
T002649,U01131,2026-08-14 14:36:47,206,recharge,2,ios,0
T011946,U00266,2026-08-04 22:38:37,284,recharge,1,ios,0
T009020,U01114,2026-09-24 04:43:00,1061,grocery,3,android,0
T000661,U01488,2026-01-24 06:44:05,10195,transfer,3,ios,0
T010513,U01625,2026-07-24 23:18:50,1322,grocery,3,ios,0
T007647,U00524,2026-02-06 00:43:53,583,shopping,3,android,0
T006529,U00238,2026-08-28 07:45:34,8116,shopping,2,ios,0
T003045,U00197,2026-04-12 06:27:15,7104,transfer,2,android,0
T004949,U00610,2026-09-27 06:24:50,378,fuel,2,ios,0
T000039,U01932,2026-09-27 01:41:34,6040,fuel,2,ios,0
T004692,U01492,2026-09-19 10:22:22,139,recharge,2,ios,0
T001305,U01856,2026-03-18 20:31:32,17674,transfer,3,android,0
T011224,U01366,2026-03-21 09:02:57,7277,transfer,1,ios,0
T001066,U01762,2026-01-08 00:39:22,5446,transfer,3,ios,0
T006708,U00595,2026-01-31 06:34:19,677,grocery,3,ios,0
T012803,U00747,2026-05-02 08:41:38,1962,fuel,1,ios,0
T005913,U00274,2026-09-13 09:49:49,336,recharge,3,android,0
T010686,U00781,2026-01-08 01:20:43,1731,shopping,2,android,0
T011573,U00342,2026-06-20 08:18:22,8124,shopping,3,android,0
T001083,U00514,2026-08-09 18:15:17,11357,shopping,1,ios,0
T012698,U00676,2026-08-15 00:40:38,2457,shopping,2,android,0
T015052,U01965,2026-03-24 09:16:00,10000,transfer,3,web,1
T011189,U00158,2026-03-10 08:14:07,1271,fuel,3,web,0
T001554,U01709,2026-06-29 13:55:44,185,recharge,3,ios,0
T000420,U01879,2026-01-12 18:04:55,241,recharge,2,android,0
T014469,U01895,2026-09-26 23:24:25,137,recharge,1,android,0
T007729,U00668,2026-07-16 20:03:59,1563,fuel,1,ios,0
T010982,U00586,2026-08-10 08:53:10,916,transfer,3,ios,0
T007663,U01452,2026-07-02 10:19:30,5007,shopping,1,android,0
T006068,U00638,2026-09-23 12:32:45,896,grocery,1,android,0
T011147,U00575,2026-01-07 13:10:33,1565,fuel,2,android,0
T011323,U00676,2026-05-28 00:53:49,6726,transfer,1,android,0
T005723,U01330,2026-08-16 23:14:35,1453,recharge,2,ios,0
T011054,U01771,2026-02-28 01:17:57,6632,transfer,3,android,0
T004348,U00332,2026-03-21 13:29:12,1263,transfer,3,android,0
T008852,U01368,2026-05-17 10:07:01,12189,shopping,2,ios,0
T008366,U00692,2026-08-17 22:55:06,2597,fuel,1,ios,0
T004821,U01156,2026-06-02 20:13:51,4600,fuel,1,android,0
T000185,U00185,2026-02-09 08:05:44,14490,shopping,1,ios,0
T004929,U00600,2026-04-04 12:51:26,4477,shopping,2,android,0
T003426,U00458,2026-05-09 16:28:58,138,grocery,3,android,0
T001878,U00387,2026-08-20 08:08:37,2650,transfer,3,ios,0
T004252,U00943,2026-02-27 18:37:20,2708,fuel,2,ios,0
T009939,U00812,2026-05-18 23:01:08,1463,shopping,1,ios,0
T005267,U01690,2026-01-12 18:33:27,519,recharge,3,ios,0
T009668,U00612,2026-05-14 15:29:21,328,fuel,1,ios,0
T002241,U01846,2026-05-24 23:17:15,2010,shopping,3,ios,0
T012778,U00251,2026-04-01 08:45:44,778,shopping,1,android,0
T000431,U01746,2026-08-02 03:58:48,129,recharge,1,ios,0
T013892,U01843,2026-08-27 23:25:46,1434,fuel,3,android,0
T013099,U01340,2026-05-09 15:03:50,333,recharge,2,ios,0
T002050,U01023,2026-04-15 04:16:55,786,recharge,2,android,0
T005854,U01327,2026-02-21 20:02:03,2895,shopping,3,android,0
T000051,U01183,2026-05-07 14:23:58,471,grocery,3,android,0
T000883,U01748,2026-06-24 04:09:26,3137,shopping,2,ios,0
T002189,U01548,2026-09-04 12:48:09,1134,recharge,3,ios,0
T004113,U00328,2026-02-12 12:45:02,258,recharge,3,ios,0
T013547,U00853,2026-03-19 17:57:07,1365,transfer,1,ios,0
T002635,U01755,2026-05-18 09:24:53,3921,grocery,1,ios,0
T011375,U01644,2026-02-01 04:45:19,128,recharge,3,ios,0
T008528,U01924,2026-06-04 22:45:53,2595,fuel,3,android,0
T012814,U00678,2026-01-15 04:21:34,13086,transfer,1,ios,0
T003181,U01741,2026-09-17 23:09:09,83,recharge,1,ios,0
T008989,U00834,2026-06-15 09:03:37,714,grocery,3,android,0
T001861,U01131,2026-09-29 19:51:23,3577,grocery,3,ios,0
T004144,U01197,2026-02-04 01:36:38,537,grocery,1,android,0
T012216,U01675,2026-09-25 13:40:06,6672,shopping,1,ios,0
T013967,U00426,2026-02-16 04:32:13,405,recharge,1,android,0
T013574,U00236,2026-02-28 10:47:30,504,shopping,1,android,0
T001459,U00128,2026-06-03 18:53:45,4860,shopping,2,ios,0
T014178,U00558,2026-07-28 01:03:15,1111,fuel,2,android,0
T010011,U01660,2026-01-30 08:31:39,932,grocery,1,android,0
T005235,U01231,2026-07-18 04:01:04,2213,transfer,3,ios,0
T003474,U01878,2026-03-26 11:25:23,261,recharge,1,android,0
T003084,U01790,2026-07-15 22:43:52,1443,fuel,3,android,0
T003392,U01889,2026-03-01 00:13:16,282,recharge,3,android,0
T001006,U00825,2026-08-24 21:49:37,1474,fuel,3,ios,0
T011144,U01640,2026-02-15 12:47:52,1121,grocery,1,android,0
T001244,U00705,2026-05-03 01:27:11,1589,fuel,3,web,0
T000766,U01633,2026-06-11 10:25:06,1665,fuel,3,android,0
T006365,U01290,2026-01-11 05:23:54,693,grocery,1,ios,0
T004231,U01510,2026-05-05 02:32:54,5000,fuel,3,ios,1
T002697,U01793,2026-03-12 03:00:54,2794,shopping,2,android,0
T008673,U00747,2026-09-03 14:24:29,262,recharge,3,ios,0
T009480,U01661,2026-09-25 20:12:31,18835,transfer,3,android,0
T010115,U01303,2026-01-21 11:30:02,352,fuel,2,android,0
T012666,U01427,2026-03-01 13:37:12,1791,fuel,3,android,0
T011111,U00903,2026-02-28 00:40:15,250,shopping,1,ios,0
T012090,U00920,2026-01-28 11:49:47,3248,transfer,1,ios,0
T001596,U01767,2026-05-07 23:00:18,1090,recharge,2,ios,0
T014532,U00952,2026-06-30 02:10:01,419,recharge,2,ios,0
T011001,U00466,2026-04-20 03:26:57,10160,transfer,1,ios,0
T000536,U01257,2026-09-30 17:34:59,3907,shopping,3,ios,0
T010071,U01502,2026-09-15 01:42:14,2087,recharge,2,android,0
T001017,U01405,2026-02-27 10:31:53,3329,shopping,3,android,0
T009904,U01332,2026-03-14 08:21:31,170,recharge,2,android,0
T000789,U00790,2026-07-05 12:43:29,9339,transfer,3,ios,0
T000691,U01199,2026-07-27 10:04:22,2873,shopping,2,ios,0
T001882,U00530,2026-05-18 17:12:18,640,grocery,3,android,0
T008305,U01861,2026-06-12 06:04:17,897,fuel,1,ios,0
T003778,U01138,2026-04-26 15:30:43,1576,grocery,3,ios,0
T014984,U00959,2026-09-12 03:40:06,126,recharge,2,ios,0
T012420,U01323,2026-01-13 01:01:48,826,grocery,2,ios,0
T002121,U01448,2026-08-15 03:53:52,1147,shopping,2,ios,0
T002035,U01088,2026-01-12 07:53:57,148,fuel,1,ios,0
T014381,U00884,2026-08-25 22:22:11,237,recharge,3,ios,0
T012884,U00543,2026-09-29 02:50:24,19845,transfer,2,android,0
T012462,U01936,2026-06-11 20:43:13,4571,fuel,3,ios,0
T009179,U00323,2026-08-26 13:50:54,648,recharge,3,android,0
T011572,U00828,2026-06-14 18:14:45,1593,shopping,3,ios,0
T008267,U00762,2026-02-17 12:47:32,44,recharge,1,ios,0
T002018,U01865,2026-07-09 20:15:13,7486,shopping,1,ios,0
T008545,U00522,2026-03-13 02:39:56,2148,transfer,2,android,0
T002607,U01998,2026-02-09 09:23:21,1271,shopping,2,android,0
T014457,U01823,2026-07-31 08:41:54,1501,fuel,2,android,0
T007373,U00606,2026-07-27 01:57:07,8139,transfer,1,ios,0
T014174,U01608,2026-02-13 00:59:27,1487,shopping,2,ios,0
T011265,U00158,2026-07-31 08:15:09,645,shopping,1,android,0
T013894,U01867,2026-05-17 08:35:39,4982,fuel,3,android,0
T004745,U00902,2026-04-27 21:39:15,6077,transfer,2,ios,0
T006384,U01052,2026-01-19 07:39:41,737,recharge,3,ios,0
T004061,U00065,2026-05-15 21:25:10,1849,fuel,1,ios,0
T004281,U01531,2026-05-25 10:35:54,661,shopping,3,ios,0
T015030,U00549,2026-01-21 16:13:00,5000,transfer,3,web,1
T004530,U01409,2026-04-15 09:48:41,1302,fuel,1,ios,0
T001571,U01877,2026-03-05 10:55:06,3189,fuel,1,ios,0
T007136,U01445,2026-02-28 17:34:46,3973,shopping,3,android,0
T013375,U00389,2026-07-29 08:28:14,235,recharge,2,android,0
T009197,U01311,2026-06-05 11:52:12,388,grocery,1,android,0
T010406,U01534,2026-07-27 06:51:35,10373,transfer,3,android,0
T012324,U00473,2026-06-18 08:33:10,862,recharge,3,ios,0
T011579,U00014,2026-06-06 18:07:33,4026,shopping,1,android,0
T013472,U00162,2026-06-20 11:29:00,816,grocery,3,android,0
T015061,U00612,2026-07-10 23:16:00,5000,transfer,1,web,1
T010454,U01126,2026-02-13 22:56:56,4063,transfer,1,android,0
T000852,U00725,2026-06-16 03:03:34,5597,transfer,3,android,0
T013488,U01587,2026-08-15 01:05:47,28595,transfer,1,ios,0
T002718,U00259,2026-06-05 05:43:59,306,fuel,2,android,0
T004870,U00539,2026-02-07 05:44:34,536,transfer,2,android,0
T007980,U01931,2026-09-29 04:42:33,254,recharge,2,ios,0
T004089,U01613,2026-07-12 21:45:02,4799,transfer,2,ios,0
T001190,U00895,2026-09-23 21:59:35,1170,grocery,3,android,0
T000549,U00368,2026-02-10 20:16:22,572,grocery,3,android,0
T006451,U01150,2026-05-04 04:12:36,1360,transfer,1,ios,0
T008222,U01678,2026-08-23 20:51:41,707,shopping,2,ios,0
T013920,U01007,2026-08-26 09:57:17,1500,shopping,2,android,0
T005094,U01505,2026-03-11 18:55:23,728,recharge,3,ios,0
T010043,U01649,2026-03-05 22:04:53,21257,transfer,1,android,0
T005648,U00213,2026-09-21 11:00:06,538,grocery,3,ios,0
T007766,U01650,2026-09-22 06:06:17,5395,transfer,1,android,0
T006503,U00880,2026-06-30 12:39:53,686,grocery,1,android,0
T002882,U00320,2026-07-12 04:23:04,4075,grocery,1,android,0
T012641,U00209,2026-04-14 22:13:26,736,fuel,1,android,0
T002244,U01248,2026-07-29 21:20:22,233,grocery,1,ios,0
T006890,U01154,2026-08-05 04:00:40,1546,shopping,1,ios,0
T008494,U00338,2026-06-06 13:38:30,1007,transfer,2,ios,0
T011261,U01254,2026-08-14 22:21:42,3674,transfer,3,android,0
T006478,U01867,2026-09-16 09:04:32,2985,fuel,3,ios,0
T010347,U01187,2026-03-27 21:54:48,1227,recharge,2,android,0
T010581,U01903,2026-06-04 17:57:41,699,grocery,1,android,0
T003050,U00255,2026-05-09 07:54:33,995,recharge,1,android,0
T002815,U01606,2026-09-29 23:12:20,3869,shopping,1,android,0
T013434,U00824,2026-07-18 01:59:36,10133,fuel,2,android,0
T001024,U00604,2026-04-20 21:54:44,1419,grocery,2,ios,0
T004239,U00907,2026-03-14 18:40:41,1679,fuel,3,android,0
T000361,U00290,2026-09-15 16:31:56,845,grocery,2,ios,0
T004370,U00183,2026-06-08 12:47:21,4018,fuel,2,android,0
T006260,U00161,2026-05-25 21:19:54,515,shopping,3,web,0
T006097,U00295,2026-04-17 13:58:52,620,recharge,3,ios,0
T007090,U00692,2026-05-27 17:44:18,188,recharge,2,ios,0
T012763,U00024,2026-03-09 20:41:54,6336,transfer,1,ios,0
T000486,U01826,2026-07-08 03:00:25,442,fuel,1,ios,0
T008630,U00897,2026-06-14 17:05:08,141,grocery,2,ios,0
T002444,U01547,2026-09-15 18:01:21,2469,grocery,3,android,0
T005004,U01310,2026-08-07 22:48:38,1679,shopping,2,android,0
T003179,U01441,2026-06-27 04:48:33,1132,grocery,3,android,0
T013533,U00808,2026-03-27 12:40:52,329,grocery,1,ios,0
T009069,U01757,2026-06-09 20:18:07,4274,shopping,2,android,0
T000961,U00630,2026-06-10 23:56:53,5599,transfer,3,ios,0
T008967,U00374,2026-04-22 22:01:58,1252,recharge,2,ios,0
T005502,U01908,2026-03-02 14:47:09,5360,transfer,2,android,0
T009562,U01039,2026-09-01 20:49:07,480,recharge,3,android,0
T011182,U01651,2026-01-07 19:49:23,291,recharge,2,ios,0
T012863,U00466,2026-06-08 08:28:59,576,recharge,1,ios,0
T000367,U00793,2026-03-29 14:34:59,1043,grocery,3,android,0
T014862,U01239,2026-05-31 18:31:33,234,grocery,3,ios,0
T012335,U00428,2026-02-21 18:03:25,8942,transfer,1,ios,0
T010368,U01103,2026-08-16 23:07:39,113,recharge,1,android,0
T001733,U01838,2026-02-15 18:01:29,358,recharge,2,ios,0
T001128,U01677,2026-03-27 22:45:32,915,grocery,2,android,0
T000392,U00612,2026-06-11 22:19:12,112,recharge,1,ios,0
T008157,U00864,2026-05-27 11:11:57,3725,fuel,3,ios,0
T004539,U01643,2026-03-13 14:31:32,5143,shopping,3,ios,0
T003112,U01409,2026-06-01 01:04:43,56,recharge,1,ios,0
T008200,U01108,2026-03-18 00:15:43,704,recharge,3,ios,0
T011495,U01361,2026-03-07 14:52:32,1798,shopping,1,ios,0
T004389,U00627,2026-05-30 22:45:47,341,grocery,1,ios,0
T012505,U01644,2026-09-04 17:22:07,468,grocery,1,ios,0
T003416,U01427,2026-08-03 15:17:58,4057,fuel,1,android,0
T007041,U00231,2026-03-08 21:20:52,1081,transfer,3,android,0
T011368,U01524,2026-01-09 23:53:36,7446,transfer,2,ios,0
T005677,U00295,2026-02-25 07:09:43,740,transfer,1,web,0
T011739,U00713,2026-06-13 00:22:35,13559,fuel,2,android,0
T007799,U00718,2026-07-12 18:14:42,2330,grocery,2,android,0
T014625,U01266,2026-05-28 11:33:49,192,recharge,2,android,0
T001644,U00931,2026-06-24 12:10:51,150,recharge,2,ios,0
T006152,U00134,2026-03-23 00:55:43,685,grocery,2,ios,0
T005144,U01122,2026-01-07 03:28:56,4539,shopping,1,android,0
T001535,U01901,2026-02-28 21:58:24,4077,shopping,2,ios,0
T006333,U00133,2026-09-20 15:04:07,146,recharge,3,android,0
T014779,U00490,2026-05-12 20:32:14,1238,shopping,3,android,0
T000530,U00036,2026-02-26 18:05:48,30,recharge,1,android,0
T002166,U00460,2026-02-02 12:12:53,832,fuel,1,android,0
T000401,U00013,2026-06-03 19:26:50,1972,grocery,3,android,0
T008481,U01210,2026-06-15 12:56:13,1169,grocery,3,android,0
T003194,U00773,2026-01-02 00:04:52,1391,fuel,3,android,0
T006129,U01370,2026-02-24 11:33:33,4163,transfer,1,ios,0
T014985,U01821,2026-01-25 10:01:55,2664,shopping,3,ios,0
T013261,U01962,2026-09-21 00:59:59,1385,shopping,3,android,0
T007886,U01991,2026-06-21 17:53:58,9383,transfer,3,ios,0
T007404,U01565,2026-02-09 17:58:14,489,fuel,1,ios,0
T006335,U00163,2026-01-04 22:06:37,1834,grocery,1,ios,0
T006844,U01694,2026-03-27 10:58:44,2571,fuel,2,android,0
T001268,U00562,2026-05-07 09:43:18,15946,grocery,1,web,0
T005084,U01183,2026-07-16 13:41:54,79,recharge,3,android,0
T010370,U00682,2026-07-03 15:35:14,338,recharge,3,android,0
T011202,U00711,2026-07-06 01:36:27,2722,transfer,2,android,0
T008512,U00672,2026-05-21 12:22:38,687,transfer,1,ios,0
T010142,U01727,2026-04-01 20:10:34,692,fuel,1,android,0
T010323,U00806,2026-06-13 23:03:35,129,recharge,2,android,0
T006673,U00917,2026-08-12 09:28:44,157,grocery,1,android,0
T011692,U00607,2026-09-02 17:13:08,246,grocery,2,ios,0
T013369,U00213,2026-03-11 11:32:42,3107,shopping,1,ios,0
T001648,U01552,2026-07-25 19:12:21,14365,shopping,3,android,0
T007182,U01477,2026-01-10 06:26:37,17287,shopping,3,ios,0
T000784,U01489,2026-04-29 18:42:11,1337,fuel,2,android,0
T011976,U01157,2026-01-18 07:53:19,324,grocery,3,ios,0
T006761,U01300,2026-04-26 21:41:03,198,recharge,2,ios,0
T011556,U00120,2026-06-05 05:02:38,459,grocery,2,ios,0
T010698,U00822,2026-05-19 17:11:26,3419,transfer,2,ios,0
T002743,U01377,2026-08-02 20:55:57,424,grocery,2,android,0
T000664,U00613,2026-08-11 10:33:48,759,recharge,3,ios,0
T001379,U00092,2026-08-30 11:15:29,13593,fuel,1,ios,0
T004546,U01177,2026-04-28 18:05:16,1100,shopping,2,android,0
T002076,U02000,2026-06-01 02:34:52,10906,transfer,1,ios,0
T014194,U01826,2026-07-03 13:04:54,282,recharge,3,ios,0
T011173,U01593,2026-09-22 02:54:44,13248,shopping,3,ios,0
T014322,U00427,2026-03-30 14:40:09,804,grocery,1,android,0
T006672,U01161,2026-06-17 05:48:41,394,grocery,3,android,0
T013979,U00208,2026-04-26 05:32:31,2314,grocery,3,ios,0
T000354,U00689,2026-01-20 03:36:45,884,grocery,2,ios,0
T013954,U01113,2026-02-18 20:18:42,10152,shopping,1,ios,0
T012471,U01307,2026-09-19 07:17:45,1372,recharge,1,ios,0
T010918,U01105,2026-06-04 17:30:45,4423,grocery,2,ios,0
T002135,U01418,2026-06-27 04:58:14,258,grocery,3,ios,0
T007422,U01969,2026-04-30 04:44:23,2237,shopping,3,android,0
T007094,U01153,2026-01-18 20:17:57,804,fuel,2,android,0
T006172,U00345,2026-01-29 20:14:38,2538,grocery,1,ios,0
T001952,U00095,2026-09-17 14:19:50,3963,transfer,2,android,0
T005009,U01871,2026-07-18 00:56:02,348,shopping,2,ios,0
T003387,U00382,2026-06-10 23:10:49,515,recharge,1,android,0
T000808,U01124,2026-02-14 22:12:11,4709,transfer,1,android,0
T006250,U00689,2026-05-05 23:50:07,175,grocery,2,ios,0
T012712,U00034,2026-01-07 22:30:23,186,recharge,1,ios,0
T004450,U00797,2026-05-05 01:29:07,15163,transfer,3,android,0
T012130,U01976,2026-02-13 03:37:31,3578,transfer,3,android,0
T006789,U00645,2026-04-07 07:42:52,1300,transfer,3,ios,0
T002438,U01970,2026-08-17 17:03:17,2051,fuel,1,android,0
T011849,U00003,2026-06-17 23:21:12,2043,shopping,2,ios,0
T006542,U00591,2026-08-15 09:26:48,3197,grocery,2,android,0
T000412,U00957,2026-09-13 22:10:43,2415,grocery,1,ios,0
T010383,U00305,2026-02-27 18:51:24,7195,shopping,3,android,0
T005574,U01314,2026-09-26 03:58:49,51,recharge,3,android,0
T007160,U01786,2026-07-18 06:29:40,1498,shopping,3,ios,0
T009150,U00058,2026-09-02 14:28:19,2047,grocery,3,android,0
T001750,U00351,2026-06-05 20:30:06,397,fuel,2,android,0
T011380,U00259,2026-04-19 15:09:25,2645,grocery,3,android,0
T004364,U01297,2026-09-14 09:02:50,304,fuel,3,android,0
T000429,U00401,2026-04-27 09:44:08,5236,fuel,3,android,0
T000405,U01404,2026-02-27 23:37:21,1025,recharge,2,android,0
T012369,U00290,2026-07-19 04:48:19,271,fuel,3,ios,0
T013012,U00872,2026-01-31 02:15:14,987,shopping,2,android,0
T000742,U00879,2026-08-05 21:06:05,11477,transfer,1,ios,0
T003515,U00279,2026-06-11 12:55:27,1797,shopping,3,ios,0
T009387,U00892,2026-02-12 03:10:51,188,recharge,2,ios,0
T000696,U01672,2026-05-27 04:04:57,10989,transfer,3,android,0
T014971,U01687,2026-02-07 17:35:00,194,recharge,3,android,0
T012075,U00847,2026-05-14 03:26:07,3345,shopping,3,android,0
T007856,U01430,2026-01-15 02:21:35,3641,grocery,3,android,0
T001938,U01054,2026-04-29 20:49:34,1725,fuel,3,android,0
T007393,U00798,2026-03-29 18:06:24,1022,recharge,3,ios,0
T001228,U01249,2026-07-03 06:33:10,3121,fuel,1,ios,0
T008215,U01999,2026-01-31 13:30:46,1250,grocery,1,ios,0
T005553,U00627,2026-02-10 15:45:38,5290,transfer,2,ios,0
T009765,U01835,2026-03-29 15:35:58,549,grocery,2,ios,0
T003057,U01937,2026-04-09 12:55:47,984,fuel,3,android,0
T010553,U01652,2026-08-17 09:17:49,4487,transfer,2,ios,0
T012580,U00554,2026-08-06 15:28:32,5871,grocery,3,ios,0
T000628,U01786,2026-01-03 06:29:55,678,grocery,2,ios,0
T014686,U01865,2026-03-19 17:19:38,919,recharge,2,ios,0
T002878,U00428,2026-08-21 04:35:01,256,recharge,2,ios,0
T015064,U00612,2026-07-10 23:14:00,1000,transfer,1,web,1
T012963,U00975,2026-01-19 22:30:54,6522,transfer,1,ios,0
T005579,U00914,2026-08-05 06:18:52,2313,shopping,1,android,0
T013049,U00980,2026-03-19 08:11:19,4108,transfer,3,ios,0
T004044,U01160,2026-04-10 13:30:50,5689,shopping,2,android,0
T003059,U01101,2026-03-18 04:29:43,372,grocery,3,ios,0
T005191,U00829,2026-07-25 15:26:16,552,recharge,2,ios,1
T012114,U00082,2026-06-04 01:24:30,414,fuel,2,android,0
T004031,U01356,2026-05-21 11:15:40,9766,transfer,3,android,0
T002366,U00083,2026-02-11 04:23:11,13819,transfer,2,ios,0
T009520,U00505,2026-03-28 06:07:20,694,recharge,2,android,0
T013395,U00694,2026-07-18 05:46:45,3588,fuel,1,ios,0
T000250,U00082,2026-07-22 11:32:51,397,recharge,1,android,0
T004834,U01196,2026-03-04 23:27:13,1416,transfer,2,ios,0
T015023,U00549,2026-01-21 16:33:00,5000,transfer,1,web,1
T010355,U01078,2026-04-09 23:58:14,9768,transfer,1,ios,0
T001726,U01599,2026-08-22 03:18:04,965,recharge,3,android,0
T014755,U01837,2026-05-20 01:32:32,3968,fuel,3,ios,0
T005631,U00614,2026-03-17 23:13:14,2921,recharge,3,ios,0
T009144,U00715,2026-07-18 16:46:00,1657,grocery,3,ios,0
T002072,U01980,2026-09-14 00:52:40,1319,shopping,2,ios,0
T010129,U00876,2026-06-21 07:23:39,2832,grocery,3,ios,0
T004688,U00246,2026-02-04 18:40:48,29227,transfer,1,android,0
T014213,U01478,2026-08-26 17:52:03,32610,transfer,3,android,0
T006626,U00057,2026-03-11 02:24:16,2185,transfer,2,ios,0
T013633,U01618,2026-03-19 20:02:54,340,recharge,2,ios,0
T007451,U00238,2026-05-27 07:22:17,1157,shopping,3,ios,0
T013859,U01298,2026-09-26 22:44:08,12467,transfer,2,android,0
T001155,U00210,2026-05-29 17:19:12,474,fuel,3,ios,0
T012631,U00152,2026-05-04 01:12:59,669,fuel,1,android,0
T014822,U00392,2026-05-07 21:15:00,2163,transfer,3,android,0
T002749,U00171,2026-09-12 19:49:41,1667,grocery,1,android,0
T014360,U00645,2026-07-15 10:02:51,213,recharge,3,ios,0
T002378,U01036,2026-02-17 11:43:38,1728,shopping,2,ios,0
T014493,U01986,2026-06-20 00:28:19,1547,transfer,1,ios,0
T011787,U01311,2026-04-17 23:51:41,255,recharge,1,android,0
T011467,U00016,2026-07-25 09:54:08,11301,transfer,3,android,0
T006633,U01695,2026-03-10 17:09:46,3247,fuel,2,android,0
T009531,U01224,2026-04-23 03:18:03,646,grocery,3,android,0
T009509,U00814,2026-04-30 11:10:46,93,recharge,2,android,0
T002442,U00257,2026-03-26 03:51:02,11703,shopping,1,ios,0
T004236,U01003,2026-07-12 20:23:56,5057,transfer,1,android,0
T013700,U00178,2026-01-26 00:01:42,2979,shopping,3,ios,0
T010307,U00048,2026-05-09 08:03:22,2135,shopping,1,android,0
T001776,U00266,2026-07-11 19:32:54,413,recharge,3,ios,0
T009401,U01424,2026-08-07 22:37:41,2242,shopping,2,web,0
T013807,U00195,2026-07-03 00:43:25,6385,transfer,1,ios,0
T004298,U00743,2026-07-08 16:21:48,649,recharge,2,android,0
T006217,U00007,2026-09-15 11:34:57,415,fuel,1,android,0
T010450,U00251,2026-09-02 11:12:02,7261,fuel,3,android,0
T002062,U00532,2026-09-21 14:03:36,297,recharge,3,ios,0
T006312,U00381,2026-07-19 13:10:09,4194,transfer,3,ios,0
T004931,U01818,2026-09-23 08:16:25,426,grocery,2,ios,0
T007707,U00909,2026-03-30 23:55:13,246,recharge,2,ios,0
T000837,U01744,2026-07-16 13:38:39,1107,grocery,1,android,0
T013806,U00700,2026-04-26 00:28:22,806,fuel,1,android,0
T003346,U00549,2026-06-24 15:49:15,309,grocery,1,android,0
T013497,U00336,2026-01-26 00:47:12,1325,fuel,3,ios,0
T008804,U00622,2026-07-21 16:50:02,618,grocery,1,android,0
T000236,U00175,2026-05-14 12:55:46,562,recharge,1,android,0
T013009,U00470,2026-04-17 06:56:37,571,recharge,3,ios,0
T009266,U01886,2026-06-21 20:08:19,6032,grocery,3,ios,0
T006083,U01768,2026-09-03 16:23:06,1115,grocery,1,ios,0
T004006,U01007,2026-02-25 06:54:53,708,fuel,2,android,0
T007283,U00692,2026-02-10 14:30:43,1545,shopping,2,android,0
T007081,U00769,2026-04-19 13:32:11,10065,shopping,3,ios,0
T010390,U00860,2026-06-13 20:52:26,1826,shopping,3,android,0
T012113,U01142,2026-02-03 14:44:08,646,grocery,2,android,0
T002113,U01805,2026-07-24 05:02:23,433,recharge,2,ios,0
T004237,U00102,2026-03-30 05:51:38,491,grocery,3,ios,0
T008143,U00126,2026-02-25 01:24:23,440,grocery,3,android,0
T010837,U00733,2026-08-08 05:09:09,1082,shopping,1,android,0
T014112,U00398,2026-06-25 12:08:34,1176,recharge,3,android,0
T005612,U01550,2026-02-07 00:11:32,9133,transfer,2,android,0
T010379,U00447,2026-06-10 06:50:59,1307,fuel,2,ios,0
T008109,U00955,2026-03-22 15:19:57,638,fuel,2,android,0
T009802,U00196,2026-04-08 00:49:01,700,grocery,1,ios,0
T000894,U01300,2026-06-21 17:27:42,1385,shopping,3,ios,0
T006871,U01421,2026-04-21 03:16:37,1034,recharge,3,ios,0
T007080,U01032,2026-01-21 11:23:41,5765,transfer,1,android,0
T013418,U00305,2026-07-24 19:13:15,1074,grocery,2,android,0
T007126,U00089,2026-09-07 19:11:15,5874,shopping,2,ios,0
T012140,U00718,2026-04-30 15:54:18,101,recharge,3,android,0
T007783,U01574,2026-03-30 21:03:42,700,fuel,2,android,0
T004098,U01272,2026-05-17 05:30:11,986,shopping,3,ios,0
T007193,U00715,2026-08-23 14:40:54,1058,shopping,3,ios,0
T006974,U00216,2026-09-26 19:13:39,2007,grocery,1,ios,0
T010337,U01008,2026-05-11 15:04:40,213,recharge,1,android,0
T012819,U01775,2026-09-30 18:10:51,4570,shopping,3,ios,0
T004919,U01656,2026-09-01 21:51:03,780,recharge,2,android,0
T003106,U01145,2026-02-20 00:40:10,186,recharge,3,ios,0
T004264,U01163,2026-03-06 17:45:42,466,recharge,2,android,0
T009287,U00845,2026-01-10 06:37:24,6031,shopping,2,ios,0
T011643,U00357,2026-03-19 22:55:06,296,grocery,2,android,0
T008243,U01134,2026-09-11 11:46:05,4957,transfer,2,ios,0
T009054,U00446,2026-04-05 07:43:19,3204,fuel,1,android,0
T010424,U01781,2026-02-01 01:29:56,347,grocery,1,ios,0
T002611,U01822,2026-06-29 01:43:05,5248,fuel,2,android,0
T002709,U00069,2026-03-13 20:30:23,2783,grocery,1,android,0
T000151,U01239,2026-06-08 03:06:10,3757,grocery,1,ios,0
T009303,U00637,2026-05-06 13:44:07,6688,transfer,3,ios,0
T005409,U00887,2026-07-14 15:59:21,5946,shopping,3,ios,0
T013227,U00045,2026-05-07 02:14:24,1803,shopping,2,android,0
T005508,U01569,2026-02-08 12:00:00,2167,fuel,1,ios,0
T007611,U00006,2026-07-04 21:29:28,28304,shopping,2,android,0
T008722,U01166,2026-08-02 01:28:32,3588,transfer,3,ios,0
T009065,U01262,2026-05-01 03:04:20,27,recharge,1,android,0
T003806,U01169,2026-05-11 08:42:41,4895,shopping,2,ios,0
T011597,U01015,2026-04-12 01:54:20,2943,fuel,1,web,0
T012070,U01555,2026-06-09 00:04:24,3221,shopping,1,android,0
T001581,U00631,2026-07-11 00:28:28,4480,fuel,2,android,0
T000299,U00844,2026-08-24 04:22:39,267,grocery,2,ios,0
T013647,U00507,2026-08-05 19:51:08,2553,shopping,1,ios,0
T009524,U01802,2026-06-12 05:45:45,5278,fuel,3,android,0
T013151,U00575,2026-07-21 15:43:09,1967,grocery,2,android,0
T005431,U00224,2026-05-16 08:45:13,2997,shopping,3,android,0
T004128,U00768,2026-07-23 07:35:17,4123,shopping,2,android,0
T005786,U00116,2026-05-06 02:27:07,866,fuel,3,android,0
T010320,U01138,2026-03-30 12:36:34,327,fuel,2,ios,0
T008000,U01410,2026-09-17 23:24:24,126,fuel,2,android,0
T011170,U01351,2026-05-31 07:33:35,22757,transfer,2,ios,0
T006521,U00279,2026-01-22 01:22:07,2604,fuel,2,ios,0
T014771,U01532,2026-02-01 01:01:09,101,recharge,3,ios,0
T006799,U01688,2026-06-07 13:18:41,229,recharge,2,android,0
T005839,U01915,2026-08-09 03:08:57,194,recharge,3,ios,0
T003560,U01617,2026-08-30 22:25:07,4497,fuel,2,android,0
T007502,U00087,2026-03-28 09:36:05,1571,shopping,2,ios,0
T012906,U01045,2026-07-09 15:34:19,343,grocery,1,android,0
T009301,U00591,2026-06-02 15:56:40,6675,shopping,1,android,0
T004678,U01292,2026-09-18 15:58:36,10300,transfer,2,android,0
T001054,U00897,2026-03-04 22:47:03,240,recharge,1,ios,0
T004663,U00985,2026-06-24 08:04:24,1570,recharge,2,android,0
T012259,U00620,2026-07-02 08:57:54,251,recharge,1,ios,0
T009870,U01146,2026-01-02 10:12:41,4634,fuel,1,ios,0
T009949,U01015,2026-02-20 06:27:35,146,recharge,3,android,0
T004410,U01786,2026-07-03 08:44:48,2032,fuel,2,ios,0
T013869,U00204,2026-05-14 19:02:38,627,recharge,3,android,0
T012433,U01234,2026-02-10 06:46:58,1168,shopping,3,ios,0
T011712,U01681,2026-04-07 21:36:40,11722,shopping,3,ios,0
T004793,U01458,2026-02-18 23:21:21,3304,grocery,1,ios,0
T009583,U00977,2026-03-19 00:56:08,1462,shopping,1,ios,0
T000995,U00227,2026-05-08 21:34:06,3219,grocery,2,ios,0
T000256,U00500,2026-03-04 13:49:56,251,grocery,1,android,0
T001559,U00784,2026-05-03 03:46:24,4620,transfer,2,android,0
T005806,U00113,2026-04-04 10:54:26,288,recharge,2,android,0
T009715,U01035,2026-09-08 02:16:15,712,recharge,3,android,0
T009110,U01540,2026-02-23 04:30:58,5225,shopping,3,android,0
T011687,U01944,2026-04-21 14:58:33,252,grocery,3,android,0
T007839,U01178,2026-09-04 02:47:35,3999,shopping,3,ios,0
T008098,U01020,2026-07-23 21:05:40,315,recharge,2,android,0
T008953,U01800,2026-03-06 05:57:30,923,fuel,3,android,0
T014879,U01902,2026-06-28 10:23:18,8417,shopping,3,ios,0
T006059,U01855,2026-07-10 03:28:47,798,recharge,3,android,0
T014334,U01766,2026-07-03 17:31:09,705,shopping,3,ios,0
T012464,U00564,2026-05-25 16:26:46,158,recharge,3,android,0
T001461,U00087,2026-02-23 11:12:23,1501,fuel,1,ios,0
T008809,U00505,2026-06-09 00:23:15,910,fuel,3,android,0
T010590,U00221,2026-07-28 21:11:21,1037,fuel,1,android,0
T005864,U01849,2026-09-18 08:47:13,680,grocery,3,ios,0
T011350,U00257,2026-07-31 09:40:28,11353,transfer,3,ios,0
T000597,U01940,2026-07-24 04:52:45,4609,shopping,1,ios,1
T000632,U00986,2026-09-01 03:17:39,4972,fuel,3,ios,0
T009764,U01859,2026-01-29 06:13:20,5527,shopping,1,android,0
T009201,U01291,2026-06-18 05:25:33,271,grocery,2,ios,0
T001916,U00363,2026-02-05 20:17:59,336,recharge,3,ios,0
T003965,U01004,2026-04-25 14:34:01,405,grocery,2,android,0
T006671,U01637,2026-01-07 16:23:42,3501,transfer,2,ios,0
T001489,U00522,2026-03-30 01:45:52,9532,shopping,3,android,0
T012932,U01064,2026-02-03 21:55:23,897,transfer,3,ios,0
T012032,U01653,2026-01-03 05:37:34,195,recharge,2,ios,0
T015082,U00517,2026-03-01 08:00:00,5000,transfer,2,web,1
T012284,U00399,2026-02-10 16:07:07,1038,grocery,3,ios,0
T013649,U01558,2026-03-19 06:15:41,3962,fuel,2,android,0
T010535,U01533,2026-01-23 22:37:52,597,fuel,1,android,0
T002846,U00757,2026-05-26 07:48:02,323,grocery,3,android,0
T014051,U01800,2026-06-05 03:13:32,1811,grocery,2,android,0
T008565,U01796,2026-03-22 15:34:06,361,grocery,3,ios,0
T014543,U00057,2026-09-07 22:15:18,9882,transfer,3,ios,0
T002344,U00618,2026-04-16 14:03:38,3005,fuel,1,android,0
T007914,U01397,2026-07-29 19:27:06,118,fuel,3,android,0
T005504,U01263,2026-06-02 13:58:06,428,fuel,2,ios,0
T008911,U01537,2026-03-12 13:02:25,581,shopping,3,ios,0
T001173,U01284,2026-03-26 11:29:16,1187,grocery,1,ios,0
T015081,U00965,2026-04-16 13:43:00,10000,transfer,2,web,1
T009085,U00112,2026-06-23 18:54:19,1247,grocery,3,ios,0
T014269,U01751,2026-06-15 10:36:55,184,recharge,3,ios,0
T001560,U01588,2026-02-24 07:27:03,2085,fuel,2,android,0
T008723,U00334,2026-08-30 12:31:38,4560,transfer,3,android,0
T013327,U00496,2026-05-13 15:52:59,4631,shopping,1,android,0
T004831,U00493,2026-06-20 13:34:12,214,grocery,2,android,0
T000990,U00269,2026-07-24 20:47:02,27035,transfer,1,ios,0
T012928,U00013,2026-09-08 14:55:06,7777,shopping,3,android,0
T001553,U00117,2026-07-02 04:01:13,2710,transfer,1,ios,0
T012894,U00349,2026-08-01 07:16:11,828,transfer,2,ios,0
T012682,U00908,2026-04-10 13:14:34,611,recharge,1,android,0
T009013,U00704,2026-09-04 19:30:04,533,recharge,1,android,0
T012554,U01149,2026-04-01 22:00:26,1548,fuel,1,ios,0
T005100,U00901,2026-01-04 01:38:48,3305,shopping,3,ios,0
T000246,U01756,2026-07-18 05:23:04,110,recharge,1,android,0
T012447,U01293,2026-08-11 16:40:18,4461,shopping,1,android,0
T004883,U00541,2026-06-28 17:18:09,2377,grocery,3,ios,0
T014394,U00115,2026-09-27 11:47:18,335,recharge,3,android,0
T009788,U00820,2026-01-26 23:33:54,5520,transfer,1,ios,0
T002335,U00296,2026-09-04 05:25:49,853,transfer,2,android,0
T002462,U00631,2026-07-12 17:00:53,148,recharge,2,android,0
T008174,U01282,2026-06-22 18:35:24,4472,transfer,3,ios,0
T004388,U00866,2026-07-12 08:52:59,9668,transfer,1,ios,0
T001120,U01794,2026-03-25 04:23:12,895,grocery,3,android,0
T000422,U01139,2026-06-05 15:52:49,961,grocery,2,android,0
T004717,U01931,2026-06-11 11:38:25,1053,fuel,2,ios,0
T004740,U01135,2026-01-05 12:15:21,1826,grocery,3,android,0
T002052,U00783,2026-04-19 21:07:06,396,grocery,2,android,0
T011925,U00235,2026-02-12 07:53:12,2439,grocery,3,android,0
T001608,U00797,2026-07-31 16:21:27,2125,shopping,3,android,0
T002639,U01512,2026-03-03 17:40:44,118,recharge,3,ios,0
T002246,U01661,2026-03-22 01:05:26,494,grocery,2,android,0
T009867,U01959,2026-07-09 22:13:05,1148,grocery,2,android,0
T005073,U01157,2026-01-29 05:05:46,1458,grocery,3,ios,0
T010617,U01791,2026-08-31 06:25:27,1519,fuel,3,android,0
T004183,U00116,2026-05-25 12:31:51,9664,shopping,1,android,0
T011466,U01564,2026-04-26 04:44:31,10599,shopping,2,ios,0
T013360,U01218,2026-01-16 21:00:25,1458,fuel,2,android,0
T013709,U00650,2026-07-04 08:29:57,6042,transfer,2,android,0
T002165,U00220,2026-01-16 16:59:52,287,fuel,3,ios,0
T005010,U01629,2026-09-13 23:18:29,1044,grocery,2,android,0
T008198,U01039,2026-07-18 02:14:26,2859,grocery,3,android,0
T005791,U00199,2026-06-19 19:11:07,621,grocery,2,ios,0
T002526,U01114,2026-08-27 00:37:09,5952,transfer,1,android,0
T006513,U00675,2026-05-13 22:34:38,416,grocery,1,android,0
T010015,U00113,2026-01-16 05:19:13,573,grocery,2,android,0
T011337,U00157,2026-03-17 08:05:12,1311,grocery,2,android,0
T014328,U00418,2026-01-02 17:30:35,562,recharge,2,ios,0
T002188,U01928,2026-07-07 07:09:40,790,grocery,2,ios,0
T003674,U00381,2026-07-16 02:52:04,1265,fuel,3,ios,0
T009435,U01196,2026-03-07 02:56:54,12370,transfer,1,ios,0
T003232,U01208,2026-01-09 18:15:09,4604,fuel,2,ios,0
T006520,U01940,2026-07-17 15:54:40,3519,fuel,1,android,0
T006877,U01476,2026-01-12 13:02:37,2883,shopping,1,ios,0
T001100,U01381,2026-04-12 01:58:32,5003,shopping,3,android,0
T007142,U00402,2026-01-27 02:27:07,1874,fuel,1,ios,0
T004125,U01495,2026-04-21 04:23:06,1727,transfer,2,ios,0
T007194,U01784,2026-07-04 11:47:48,639,fuel,1,android,0
T006829,U00456,2026-07-13 17:18:41,6800,shopping,1,android,0
T006163,U00076,2026-05-28 19:06:13,1503,recharge,2,android,0
T012670,U01944,2026-03-11 14:06:14,4222,shopping,3,android,0
T009116,U01563,2026-02-10 20:55:47,747,grocery,3,ios,0
T006013,U00710,2026-09-13 20:09:05,76,recharge,1,ios,0
T001439,U01985,2026-01-26 23:36:35,971,grocery,2,ios,0
T003393,U01484,2026-03-26 00:39:35,2226,transfer,2,ios,0
T001312,U01925,2026-07-18 09:58:34,1397,grocery,3,ios,0
T013945,U01895,2026-01-23 08:15:29,3641,fuel,3,android,0
T002670,U01266,2026-02-25 04:41:17,17653,transfer,3,android,0
T005456,U00443,2026-02-16 20:12:24,429,fuel,3,android,0
T010796,U01429,2026-03-20 05:42:38,1114,fuel,3,ios,0
T008161,U00799,2026-04-21 16:57:06,96,grocery,1,ios,0
T007643,U00455,2026-09-27 08:34:32,220,recharge,3,android,0
T005335,U00190,2026-09-30 18:32:35,678,grocery,1,android,0
T002671,U01050,2026-07-03 16:56:49,351,recharge,2,android,0
T006889,U01824,2026-07-26 00:07:13,546,shopping,2,ios,0
T000033,U00130,2026-04-27 09:53:36,1460,fuel,2,android,0
T002321,U00141,2026-04-03 21:15:31,166,recharge,1,ios,0
T004812,U01190,2026-04-22 09:07:47,4933,fuel,1,ios,0
T013687,U00274,2026-03-03 05:30:33,1043,grocery,1,android,0
T002713,U00422,2026-02-23 01:29:04,297,shopping,1,android,0
T013958,U01956,2026-08-23 07:34:53,10883,transfer,2,ios,0
T002500,U01774,2026-02-28 08:10:35,893,grocery,2,android,0
T003396,U01318,2026-04-15 15:17:29,2032,fuel,2,ios,0
T005563,U00982,2026-02-10 13:07:18,1953,grocery,2,ios,0
T007637,U01978,2026-05-28 17:44:07,17152,transfer,3,android,0
T013328,U00837,2026-04-01 16:52:17,3680,transfer,2,android,0
T011649,U00587,2026-04-20 07:16:08,198,recharge,2,ios,0
T005365,U00482,2026-07-29 23:18:01,1113,fuel,2,web,0
T002590,U00359,2026-03-24 11:52:39,10240,shopping,2,ios,0
T004063,U00352,2026-01-11 21:09:00,9217,shopping,3,android,0
T002650,U00912,2026-03-20 15:40:12,5845,transfer,2,ios,0
T009317,U01859,2026-07-01 08:13:58,510,grocery,1,android,0
T012942,U01672,2026-07-12 00:27:17,1836,fuel,1,android,0
T005745,U00551,2026-03-14 02:38:53,280,recharge,2,ios,0
T004291,U01792,2026-08-03 04:42:46,2567,fuel,3,ios,0
T009244,U00054,2026-05-27 06:12:34,2472,grocery,3,ios,0
T011408,U00405,2026-03-12 04:50:19,2565,shopping,1,android,0
T000575,U01299,2026-04-22 11:26:58,2031,fuel,2,ios,0
T002251,U00303,2026-08-16 06:28:11,1479,shopping,2,android,0
T004727,U00358,2026-04-26 05:35:04,793,recharge,2,ios,0
T005915,U00996,2026-03-06 20:42:16,464,grocery,1,ios,0
T014697,U01493,2026-08-13 13:14:19,2615,grocery,1,android,0
T009452,U01767,2026-04-03 20:57:36,1077,fuel,1,ios,0
T002284,U00799,2026-03-13 04:46:49,296,recharge,3,ios,0
T002915,U01011,2026-01-09 21:58:53,195,recharge,1,android,0
T007329,U00274,2026-06-15 16:46:08,8632,shopping,1,android,0
T004240,U01860,2026-02-11 02:04:26,776,fuel,1,web,1
T003725,U01107,2026-03-15 05:08:55,10000,transfer,2,android,1
T005479,U01270,2026-05-23 10:11:55,2482,grocery,2,android,0
T010020,U01323,2026-06-11 19:56:16,5681,transfer,3,android,0
T005781,U01820,2026-09-05 20:20:08,604,grocery,3,android,0
T013130,U01972,2026-09-21 04:18:05,1801,shopping,1,ios,0
T015044,U00417,2026-08-28 06:26:00,1000,transfer,3,web,1
T011175,U01019,2026-07-01 08:11:00,1951,fuel,1,ios,0
T001936,U01315,2026-02-17 21:32:43,109,recharge,1,android,0
T009136,U00595,2026-07-24 16:31:13,356,grocery,1,ios,0
T010798,U00111,2026-05-16 04:36:45,7602,transfer,3,android,0
T008618,U00042,2026-09-09 02:39:09,364,recharge,2,ios,0
T013017,U00656,2026-07-14 10:33:15,6106,transfer,2,ios,0
T002392,U01918,2026-04-01 18:45:48,488,shopping,2,android,0
T004975,U01464,2026-02-16 09:16:39,3914,grocery,2,ios,0
T002850,U01055,2026-05-05 03:59:42,1179,fuel,2,ios,0
T011612,U00224,2026-03-28 00:26:01,364,recharge,2,ios,0
T014069,U01018,2026-09-17 12:39:39,248,grocery,1,android,0
T000667,U00160,2026-08-17 10:47:20,451,recharge,3,android,0
T013464,U00272,2026-04-22 03:52:05,729,recharge,3,ios,0
T004142,U01824,2026-07-28 05:50:13,2136,shopping,1,ios,0
T011551,U01477,2026-05-11 14:57:44,124,recharge,2,ios,0
T000480,U00617,2026-04-02 05:06:53,305,recharge,2,android,1
T005883,U01567,2026-02-18 07:31:05,1054,grocery,2,android,0
T014811,U00531,2026-01-20 07:44:46,4023,fuel,1,ios,0
T007950,U01175,2026-07-14 13:03:47,170,recharge,3,web,0
T005449,U00592,2026-05-24 19:10:21,209,grocery,2,android,0
T011790,U01951,2026-04-13 18:07:50,5420,shopping,2,android,0
T013585,U01428,2026-01-17 09:22:41,176,grocery,3,android,0
T008403,U01694,2026-09-21 18:39:36,1300,fuel,3,android,0
T000991,U01544,2026-05-02 14:59:57,296,recharge,2,ios,0
T014836,U01564,2026-07-26 14:43:41,4115,grocery,3,ios,0
T005895,U00527,2026-05-30 05:41:59,299,shopping,1,android,0
T001444,U00575,2026-05-09 13:42:34,8806,shopping,2,android,0
T004674,U01330,2026-09-10 05:33:38,690,recharge,3,ios,0
T000547,U00672,2026-06-27 11:02:35,6263,transfer,1,ios,0
T012693,U01479,2026-08-02 17:15:13,4122,fuel,3,android,0
T013169,U00424,2026-09-14 08:30:53,10906,transfer,1,android,0
T004135,U00647,2026-03-31 14:01:49,14966,transfer,3,ios,0
T012518,U01631,2026-07-29 05:13:18,682,fuel,3,android,0
T005568,U01874,2026-02-21 14:30:49,151,recharge,1,ios,0
T011227,U01223,2026-08-06 23:55:25,9465,transfer,3,android,0
T014830,U00463,2026-04-28 02:41:10,460,recharge,3,ios,0
T011938,U01652,2026-02-21 21:22:33,9062,transfer,3,ios,0
T002423,U01213,2026-07-28 05:47:53,3070,transfer,1,ios,1
T008848,U01286,2026-03-09 17:29:42,1109,shopping,1,ios,0
T012069,U00726,2026-02-09 05:51:37,365,recharge,3,android,0
T003482,U01803,2026-09-23 21:58:50,2159,fuel,2,ios,0
T004685,U00449,2026-06-06 06:57:48,6508,transfer,1,android,0
T011475,U01757,2026-05-23 15:25:37,10449,transfer,3,android,0
T000053,U01732,2026-09-19 14:18:11,7862,transfer,3,android,0
T014679,U01015,2026-03-07 10:41:53,115,recharge,1,android,0
T007984,U00547,2026-02-03 22:05:42,272,recharge,3,ios,0
T011595,U01625,2026-01-03 16:33:05,12553,shopping,1,ios,0
T007164,U01619,2026-03-15 07:11:56,481,recharge,2,ios,0
T007709,U00929,2026-09-25 04:59:40,1375,grocery,3,android,0
T004806,U01578,2026-04-02 05:02:10,589,recharge,1,android,0
T013059,U00732,2026-04-13 14:48:36,1416,shopping,3,ios,0
T010843,U01881,2026-02-02 08:40:05,2060,shopping,3,ios,0
T004165,U00378,2026-09-06 09:58:46,11928,shopping,1,ios,0
T002040,U00522,2026-06-17 13:44:00,242,recharge,3,android,0
T001434,U00723,2026-05-06 23:19:36,19470,transfer,2,android,0
T000503,U00867,2026-05-15 01:44:41,258,recharge,1,android,0
T013766,U01797,2026-01-02 01:25:12,1448,transfer,2,ios,0
T012944,U00429,2026-02-27 03:41:01,2907,grocery,3,android,0
T011517,U01621,2026-07-16 19:54:36,817,grocery,3,ios,0
T015075,U00965,2026-04-16 13:24:00,5000,transfer,3,web,1
T008726,U00328,2026-06-30 13:23:02,614,fuel,2,ios,0
T008949,U00194,2026-09-20 10:32:58,2583,fuel,3,android,0
T005615,U00895,2026-09-03 17:15:03,5432,shopping,2,android,0
T007145,U01448,2026-09-19 19:52:30,2639,recharge,2,ios,0
T003454,U00634,2026-07-02 13:43:02,502,recharge,2,ios,0
T014838,U00346,2026-08-17 00:57:34,432,grocery,1,android,0
T009484,U00839,2026-05-10 19:57:53,203,recharge,1,ios,0
T007863,U00298,2026-09-21 12:13:19,1762,transfer,1,ios,0
T006031,U01638,2026-01-31 11:59:32,3450,shopping,3,android,0
T009833,U01804,2026-08-16 08:42:21,3370,transfer,3,ios,0
T008906,U00505,2026-08-22 10:15:56,1012,fuel,2,android,0
T006726,U01172,2026-03-05 18:24:37,328,recharge,3,android,0
T000825,U00297,2026-03-17 23:38:14,3413,fuel,1,ios,0
T003277,U01867,2026-02-02 00:12:35,10050,transfer,2,android,0
T005858,U00798,2026-09-09 23:37:16,1852,grocery,3,ios,0
T009707,U00152,2026-04-11 04:39:44,2248,grocery,3,android,0
T000499,U01507,2026-09-20 00:13:17,641,grocery,3,ios,0
T008343,U01549,2026-06-11 13:46:56,5613,transfer,1,android,0
T001767,U01217,2026-09-22 19:24:52,427,grocery,3,ios,0
T002330,U01157,2026-06-04 09:44:23,748,grocery,2,ios,0
T006971,U01393,2026-01-02 02:28:16,1181,fuel,1,android,0
T011801,U01313,2026-02-07 02:00:01,1126,grocery,1,ios,0
T007459,U00376,2026-08-09 04:26:36,152,recharge,2,ios,0
T004133,U00593,2026-05-17 08:32:56,59,recharge,3,android,0
T008411,U01248,2026-04-08 03:27:29,3147,transfer,3,ios,0
T011708,U00638,2026-08-27 17:13:24,2000,fuel,1,web,0
T009081,U01186,2026-04-19 01:09:59,1774,shopping,2,ios,0
T001211,U01422,2026-03-25 13:53:44,1635,grocery,2,ios,0
T004626,U00002,2026-03-22 06:55:09,1852,fuel,1,android,0
T011252,U00051,2026-05-10 17:06:19,913,fuel,1,ios,0
T002457,U00204,2026-04-22 17:36:32,4452,transfer,2,android,0
T005942,U00716,2026-09-09 15:34:50,591,recharge,1,ios,0
T001717,U01926,2026-03-26 21:32:15,843,fuel,1,android,0
T013746,U01745,2026-09-30 18:24:43,4734,shopping,3,android,0
T011222,U00360,2026-03-29 13:55:41,6222,transfer,1,ios,0
T009279,U01016,2026-04-10 11:52:37,1630,transfer,2,android,0
T001899,U00199,2026-06-10 15:57:30,3101,recharge,1,ios,0
T011723,U01363,2026-06-08 10:57:05,429,grocery,3,ios,0
T004886,U00429,2026-02-14 04:42:56,1599,grocery,3,android,0
T001343,U00461,2026-03-02 04:48:53,7139,transfer,1,android,0
T007316,U01330,2026-03-31 12:31:41,542,grocery,1,ios,0
T000044,U01978,2026-04-11 05:35:59,6165,transfer,1,ios,1
T013485,U00989,2026-01-16 20:38:02,624,recharge,2,android,0
T007660,U00777,2026-07-31 23:59:44,131,grocery,1,android,0
T012387,U01930,2026-03-17 20:22:05,1215,fuel,2,android,0
T006205,U00638,2026-01-03 08:31:23,779,shopping,2,android,0
T002056,U00491,2026-04-18 06:13:13,329,grocery,2,ios,0
T013293,U00214,2026-08-17 01:14:00,5351,fuel,3,android,0
T008281,U00517,2026-08-23 23:36:15,10234,transfer,2,ios,0
T006014,U00423,2026-03-26 17:44:07,2185,transfer,2,android,0
T002351,U00048,2026-01-08 02:26:34,3849,transfer,2,android,0
T014168,U00539,2026-06-22 03:47:36,2668,transfer,3,android,0
T006242,U01079,2026-06-15 00:48:46,1673,fuel,3,ios,0
T005161,U01257,2026-08-26 06:45:04,4008,fuel,1,ios,0
T004855,U01707,2026-05-12 08:50:55,19829,transfer,1,ios,0
T011066,U00612,2026-04-06 04:03:45,2804,shopping,3,ios,0
T011735,U01367,2026-04-17 14:47:55,85,recharge,3,android,0
T010250,U01758,2026-09-10 01:08:08,2893,grocery,3,ios,0
T009543,U01385,2026-09-02 13:34:53,301,recharge,3,android,0
T008571,U01843,2026-04-10 07:55:27,829,grocery,2,android,0
T002163,U01694,2026-03-11 20:39:12,805,shopping,3,android,0
T001874,U01355,2026-01-28 10:07:37,5994,shopping,1,ios,0
T008908,U00407,2026-05-23 13:54:07,2589,fuel,2,web,0
T002270,U00471,2026-01-09 09:23:55,3287,shopping,2,ios,0
T012644,U00386,2026-09-03 23:15:39,1245,shopping,2,android,0
T002071,U01231,2026-07-08 05:10:09,2927,fuel,3,ios,0
T004965,U01119,2026-02-22 02:30:12,381,grocery,3,ios,0
T007739,U00722,2026-03-21 15:40:55,257,fuel,1,ios,0
T008480,U00637,2026-01-24 23:30:15,1207,fuel,2,ios,0
T006193,U00739,2026-03-19 12:58:37,611,grocery,3,ios,0
T006005,U01488,2026-01-20 20:23:50,1831,shopping,2,ios,0
T001515,U01558,2026-01-29 04:35:19,916,grocery,2,ios,0
T009748,U01128,2026-06-03 05:59:24,5084,shopping,2,android,0
T012943,U01193,2026-09-24 09:22:09,2452,grocery,2,android,0
T002225,U01084,2026-02-06 00:27:24,403,grocery,2,android,0
T002075,U00875,2026-01-14 11:58:19,759,grocery,3,android,0
T011381,U01571,2026-04-15 19:09:36,2261,grocery,2,ios,0
T013166,U00356,2026-01-13 11:40:06,1202,transfer,1,android,0
T013110,U00956,2026-02-21 11:56:58,1159,grocery,3,android,0
T013510,U00525,2026-05-22 11:49:53,1135,grocery,1,android,0
T002180,U01085,2026-05-18 23:25:53,1654,fuel,3,android,0
T014420,U00375,2026-04-18 14:05:56,188,recharge,2,android,0
T004614,U01005,2026-09-16 23:56:40,425,grocery,2,ios,0
T013414,U01850,2026-01-17 13:54:39,3120,shopping,3,android,0
T012446,U01063,2026-01-31 14:03:39,9422,transfer,2,ios,0
T010168,U00389,2026-03-04 16:51:30,1727,fuel,1,android,0
T001586,U01194,2026-03-16 15:52:57,2136,grocery,1,ios,0
T010683,U00856,2026-08-23 16:40:37,2304,fuel,3,ios,0
T007520,U00255,2026-08-17 22:20:16,215,recharge,1,android,0
T006174,U00224,2026-01-03 21:18:31,1180,fuel,1,android,0
T013316,U01340,2026-02-13 05:22:11,384,fuel,1,ios,0
T005466,U01488,2026-07-15 03:10:33,718,fuel,3,ios,0
T011632,U00180,2026-08-11 09:24:40,772,grocery,1,ios,0
T002892,U01804,2026-01-20 15:22:06,3190,shopping,1,web,0
T014904,U01070,2026-08-08 17:34:40,160,grocery,1,android,0
T001187,U01977,2026-08-09 14:02:03,3908,shopping,1,ios,0
T006432,U00762,2026-05-23 09:46:05,2816,transfer,2,ios,0
T000658,U01601,2026-02-02 17:33:18,1707,transfer,1,android,0
T011398,U00518,2026-08-21 12:11:40,5873,shopping,3,android,0
T000160,U00619,2026-02-09 17:37:04,3157,shopping,3,android,0
T005653,U00795,2026-07-20 11:56:11,1201,transfer,3,android,0
T000076,U01837,2026-08-17 23:13:37,1383,grocery,1,ios,0
T004054,U00739,2026-09-20 02:29:39,1054,fuel,1,ios,0
T010574,U01004,2026-01-21 15:39:26,2888,shopping,3,android,0
T010958,U01639,2026-06-11 12:16:12,1786,transfer,1,android,0
T003414,U01057,2026-02-07 05:47:03,3310,grocery,3,ios,0
T000620,U00867,2026-08-27 09:39:44,215,grocery,2,android,0
T001339,U01546,2026-02-13 07:04:28,748,fuel,1,android,0
T004124,U00773,2026-04-07 03:03:31,306,grocery,2,android,0
T007138,U00033,2026-09-16 19:03:47,490,fuel,1,ios,0
T003727,U01528,2026-03-03 09:56:40,1730,transfer,3,android,0
T003511,U01023,2026-04-16 09:51:12,225,recharge,3,android,0
T003135,U00377,2026-03-16 10:30:20,1890,grocery,1,ios,0
T002924,U00407,2026-04-26 05:11:52,578,recharge,3,android,0
T009228,U01560,2026-01-05 22:13:02,331,shopping,3,android,0
T014720,U00724,2026-02-06 11:15:59,6419,transfer,3,android,0
T011125,U00871,2026-07-20 09:03:08,9384,transfer,1,android,0
T005119,U01641,2026-04-26 08:36:12,412,recharge,1,android,0
T009891,U01507,2026-05-05 05:05:57,302,grocery,2,ios,0
T005421,U00604,2026-04-13 12:44:47,18594,fuel,2,ios,0
T010890,U01631,2026-09-01 22:30:47,305,shopping,1,android,0
T003937,U00248,2026-07-10 07:43:51,4019,shopping,1,android,0
T005048,U00776,2026-09-07 11:35:06,157,recharge,2,ios,0
T006898,U00764,2026-09-21 02:17:04,2856,recharge,2,web,0
T007525,U00662,2026-03-15 20:34:50,17816,transfer,2,ios,0
T004982,U01615,2026-08-25 22:50:46,1414,transfer,2,android,0
T009405,U00654,2026-01-10 04:46:02,1439,shopping,1,android,0
T003639,U01108,2026-03-10 08:27:40,6574,transfer,2,ios,0
T006845,U01588,2026-07-19 22:50:33,447,recharge,3,android,0
T008097,U00676,2026-08-18 02:05:59,3368,fuel,2,android,0
T010613,U01867,2026-08-17 10:34:15,68,recharge,2,android,0
T003146,U00041,2026-05-05 06:51:17,5433,transfer,2,ios,0
T005032,U00292,2026-01-17 19:55:36,272,grocery,1,android,0
T001264,U00297,2026-05-03 11:14:37,261,recharge,2,ios,0
T011023,U01323,2026-08-18 04:01:56,2560,fuel,1,ios,0
T003148,U00591,2026-08-25 17:02:52,4775,transfer,1,android,0
T013577,U01259,2026-07-13 02:38:20,3191,shopping,1,android,0
T013317,U01099,2026-01-31 22:52:04,5742,transfer,1,ios,0
T001041,U00300,2026-09-13 08:01:16,352,grocery,1,android,0
T013568,U00503,2026-06-09 10:13:40,1400,fuel,1,ios,0
T002787,U01306,2026-03-01 12:10:17,933,grocery,3,ios,0
T006630,U01550,2026-05-06 07:59:02,3551,fuel,1,android,0
T011145,U01810,2026-09-28 01:30:11,932,grocery,3,android,0
T004060,U00123,2026-08-26 16:38:02,5794,shopping,1,ios,0
T010463,U01463,2026-09-18 23:15:09,1665,shopping,1,ios,0
T008032,U01797,2026-06-15 06:38:17,390,grocery,3,ios,0
T004459,U00804,2026-03-03 07:56:46,1996,shopping,1,ios,0
T005018,U01416,2026-01-29 11:25:53,2238,grocery,1,android,0
T004041,U00122,2026-07-02 12:53:39,1323,recharge,3,android,0
T006271,U00113,2026-05-09 08:49:06,1687,fuel,2,web,0
T008280,U00634,2026-05-12 15:17:13,274,grocery,1,ios,0
T014311,U00983,2026-04-07 16:30:02,2136,transfer,1,ios,0
T006590,U00474,2026-06-29 01:07:04,1474,transfer,2,ios,0
T001904,U01492,2026-07-28 20:49:19,1923,grocery,1,ios,0
T004268,U00519,2026-03-25 06:25:27,9292,transfer,3,android,0
T014430,U00811,2026-08-28 14:22:05,274,recharge,3,ios,0
T002527,U00786,2026-09-17 02:05:45,766,recharge,1,web,0
T004734,U00195,2026-08-17 04:27:29,429,grocery,1,ios,0
T008153,U00087,2026-08-04 18:01:19,2708,shopping,2,android,0
T001357,U00368,2026-07-12 05:30:06,2544,fuel,1,android,0
T011353,U01609,2026-04-08 17:19:18,332,grocery,3,ios,0
T005190,U00399,2026-09-17 09:14:22,525,grocery,1,android,0
T005291,U00244,2026-05-01 03:35:29,50,recharge,3,ios,0
T006168,U00510,2026-08-22 17:33:42,1670,shopping,1,ios,0
T010902,U01057,2026-09-16 09:16:02,1063,recharge,1,android,0
T006504,U00315,2026-01-07 01:29:43,49,recharge,2,android,0
T009841,U00228,2026-03-06 22:23:42,2811,transfer,1,android,0
T003732,U01882,2026-08-31 05:05:03,1446,transfer,1,android,0
T013972,U00738,2026-05-19 11:02:21,463,recharge,3,ios,0
T006550,U00919,2026-05-06 04:05:12,3377,transfer,2,ios,0
T013961,U00378,2026-08-29 11:06:47,1092,fuel,1,android,0
T006786,U00859,2026-06-22 03:38:23,625,fuel,3,android,0
T005385,U01575,2026-06-01 15:11:26,494,fuel,2,android,0
T010921,U01597,2026-06-22 06:41:43,3080,fuel,1,android,0
T000707,U01655,2026-05-10 19:55:31,1608,grocery,3,ios,0
T008703,U00865,2026-05-04 08:10:15,979,fuel,1,ios,0
T011848,U00869,2026-07-20 17:38:38,6262,transfer,2,ios,0
T008802,U01386,2026-09-07 08:15:53,1408,fuel,2,android,0
T003325,U01017,2026-08-24 04:55:53,2590,fuel,2,android,0
T009995,U00912,2026-02-10 17:50:30,3567,transfer,2,ios,0
T010995,U01871,2026-05-05 01:29:22,10962,transfer,1,ios,0
T010841,U00365,2026-09-16 20:45:47,610,recharge,2,ios,0
T008652,U01995,2026-03-20 12:41:13,1000,fuel,2,ios,0
T000565,U01348,2026-06-13 13:36:48,1528,transfer,3,ios,0
T008627,U00512,2026-03-27 03:00:37,863,fuel,1,ios,0
T014809,U00548,2026-09-11 13:50:34,330,recharge,2,android,0
T010969,U01606,2026-05-28 04:21:46,240,recharge,1,android,0
T014785,U01686,2026-01-02 17:03:25,154,recharge,1,ios,0
T011697,U00941,2026-05-09 08:33:00,396,recharge,3,android,0
T014176,U01277,2026-07-15 18:22:54,736,shopping,1,android,0
T005124,U00918,2026-04-05 22:53:07,2463,grocery,2,android,0
T002800,U01806,2026-03-03 08:01:46,1038,shopping,3,android,0
T003074,U01412,2026-06-04 23:54:08,8299,shopping,3,android,0
T000941,U01791,2026-06-30 22:17:38,4503,transfer,3,android,0
T014531,U00182,2026-02-17 01:19:18,1873,transfer,3,android,0
T002468,U01711,2026-07-05 05:32:53,858,grocery,3,ios,0
T003185,U00301,2026-06-03 03:16:36,270,recharge,3,android,0
T011298,U00910,2026-03-08 07:24:50,396,shopping,3,ios,0
T010990,U01698,2026-03-09 10:36:01,336,shopping,1,android,0
T008189,U00306,2026-02-26 05:01:39,8239,transfer,3,ios,0
T006945,U00588,2026-01-12 13:56:49,413,grocery,3,ios,0
T014268,U01844,2026-08-13 01:19:54,3057,transfer,1,android,0
T002085,U01619,2026-09-09 13:30:27,2316,transfer,1,ios,0
T009492,U01012,2026-02-22 20:27:24,32631,transfer,3,ios,0
T009205,U00597,2026-05-14 12:46:19,55,recharge,2,ios,0
T001258,U00999,2026-07-17 21:19:51,757,grocery,2,android,0
T005627,U00777,2026-01-26 19:27:13,1401,shopping,3,android,0
T010637,U01211,2026-03-03 13:53:09,339,recharge,2,ios,0
T005907,U00757,2026-07-23 05:41:07,494,grocery,3,android,0
T004091,U01659,2026-08-30 19:57:17,1393,shopping,2,ios,0
T004594,U01025,2026-03-01 16:01:24,1120,fuel,3,web,0
T001561,U00034,2026-06-05 01:10:44,1361,fuel,2,ios,0
T002745,U01590,2026-08-16 05:32:17,812,fuel,3,android,0
T011149,U01309,2026-01-10 09:47:07,5934,transfer,1,android,0
T000593,U01058,2026-05-05 01:00:56,829,fuel,3,android,0
T012141,U01946,2026-09-16 17:53:57,414,fuel,1,android,0
T007909,U01287,2026-01-01 01:21:24,5134,transfer,1,android,0
T008476,U01075,2026-08-26 01:43:34,3619,transfer,2,ios,0
T011090,U00733,2026-08-31 22:51:33,2445,transfer,2,android,0
T008937,U01549,2026-04-25 23:14:00,22976,transfer,2,android,0
T007572,U00011,2026-05-12 12:51:32,1210,grocery,2,android,0
T012015,U01576,2026-08-20 18:51:06,1432,shopping,1,android,0
T000146,U01153,2026-05-14 13:05:34,1767,grocery,2,android,0
T002054,U01925,2026-05-13 16:47:10,133,recharge,3,ios,0
T005667,U01544,2026-05-21 22:27:01,327,grocery,1,ios,0
T003685,U00186,2026-07-29 14:47:46,2941,shopping,3,ios,0
T011637,U01103,2026-02-27 17:07:51,894,fuel,3,android,0
T009005,U00903,2026-04-28 19:19:23,932,recharge,3,ios,0
T007098,U01483,2026-04-26 05:27:22,5930,transfer,3,android,0
T012318,U00503,2026-07-24 07:14:53,506,grocery,1,ios,0
T011225,U00658,2026-07-21 19:37:15,369,recharge,1,android,0
T004532,U00310,2026-04-12 15:18:49,415,fuel,1,ios,0
T001674,U00681,2026-01-18 02:16:57,1186,shopping,1,android,0
T011764,U00084,2026-06-06 09:30:29,4850,shopping,3,android,0
T002467,U00987,2026-04-19 04:03:39,46,recharge,1,android,0
T007112,U00189,2026-05-09 18:15:53,5774,transfer,3,android,0
T010836,U01333,2026-08-12 19:50:39,4412,transfer,2,ios,0
T003142,U01908,2026-07-12 12:56:08,1098,transfer,3,ios,0
T005093,U01830,2026-04-24 15:17:07,341,recharge,3,android,0
T000355,U00890,2026-03-18 22:30:19,1421,fuel,1,ios,0
T002628,U00458,2026-04-18 22:56:00,1297,grocery,3,android,0
T004669,U00957,2026-06-07 16:49:16,202,recharge,3,ios,0
T014224,U00645,2026-07-31 22:08:53,541,grocery,1,ios,0
T000732,U00550,2026-08-15 19:06:45,3346,shopping,2,ios,0
T008526,U01911,2026-04-20 01:48:14,138,recharge,3,ios,0
T012368,U00445,2026-07-05 06:12:13,6770,shopping,2,ios,0
T002211,U01158,2026-09-16 05:56:11,1175,fuel,2,ios,0
T012450,U01885,2026-05-27 06:38:23,1041,fuel,1,ios,0
T013058,U00763,2026-04-15 19:51:41,239,recharge,2,web,0
T007141,U01223,2026-01-25 11:18:00,1837,recharge,3,android,0
T002509,U00019,2026-08-10 07:37:52,981,fuel,3,android,0
T005533,U01784,2026-05-10 02:14:01,3213,fuel,3,android,0
T008168,U00819,2026-06-10 19:20:40,14138,transfer,1,android,0
T000084,U01710,2026-04-03 16:15:42,664,grocery,2,ios,0
T004046,U01279,2026-08-18 02:10:04,2914,shopping,3,android,0
T014983,U00637,2026-09-15 01:54:11,1573,fuel,3,ios,0
T002222,U00710,2026-05-05 18:04:13,2765,shopping,2,ios,0
T009386,U01449,2026-03-02 23:44:25,142,recharge,1,ios,0
T007554,U01205,2026-08-09 01:47:09,2950,shopping,3,ios,0
T010183,U00377,2026-06-15 14:52:39,1096,grocery,2,ios,0
T014151,U00407,2026-08-01 01:47:17,2243,transfer,2,android,0
T004034,U00381,2026-05-20 10:30:29,1232,grocery,3,ios,0
T008569,U00896,2026-09-11 14:32:17,299,recharge,1,ios,0
T007675,U00757,2026-09-27 12:06:26,752,fuel,1,android,0
T012555,U01015,2026-07-16 12:30:48,4010,transfer,3,android,0
T013675,U01298,2026-03-14 11:28:21,8920,transfer,2,android,0
T010658,U00937,2026-09-05 10:27:49,1139,transfer,1,ios,0
T014366,U00402,2026-09-28 05:58:11,40,recharge,1,ios,0
T008585,U01865,2026-06-07 00:00:22,1795,transfer,3,ios,0
T013115,U00399,2026-04-14 19:44:29,19855,transfer,1,ios,0
T001846,U00455,2026-02-18 10:14:19,92,recharge,1,android,0
T004363,U01368,2026-01-12 23:41:37,6850,shopping,2,ios,0
T009537,U00532,2026-06-13 11:25:50,1291,fuel,1,ios,0
T001907,U01087,2026-04-24 21:54:57,3684,shopping,2,android,0
T004978,U01263,2026-01-13 10:30:17,6393,transfer,2,ios,0
T009698,U00449,2026-04-11 05:15:15,449,recharge,2,android,0
T000150,U01403,2026-06-22 02:05:24,1491,grocery,1,android,0
T000310,U01303,2026-09-06 08:50:07,4432,shopping,2,ios,0
T012474,U00225,2026-03-20 05:25:12,1137,fuel,1,android,0
T000287,U00246,2026-07-11 07:58:09,1685,grocery,3,android,0
T004080,U00428,2026-07-04 18:44:58,3620,transfer,3,ios,0
T008919,U00430,2026-06-17 14:55:33,1677,shopping,3,android,0
T004738,U01716,2026-02-06 16:43:10,2098,fuel,1,ios,0
T005734,U00412,2026-06-02 09:06:35,2758,fuel,2,android,0
T009877,U00544,2026-06-02 04:25:58,1211,fuel,2,android,0
T009399,U01248,2026-04-28 01:54:55,905,transfer,2,ios,0
T007214,U01839,2026-05-30 03:27:54,170,grocery,3,android,0
T007179,U00288,2026-04-24 14:19:13,1545,transfer,3,android,0
T012381,U01737,2026-05-29 02:02:26,320,recharge,1,ios,0
T011527,U01580,2026-03-25 08:57:19,573,grocery,2,android,0
T006540,U01755,2026-07-21 01:37:28,589,grocery,3,web,0
T003864,U00755,2026-01-31 09:36:43,110,recharge,3,android,0
T013241,U01363,2026-07-06 07:50:16,1262,recharge,2,ios,0
T008639,U00250,2026-05-04 00:45:43,1509,fuel,3,ios,0
T001524,U01294,2026-04-16 08:14:39,3331,grocery,2,ios,0
T004272,U01516,2026-07-15 09:54:15,646,fuel,1,android,0
T006988,U00957,2026-04-26 13:21:55,2017,fuel,3,ios,0
T009467,U01024,2026-01-10 23:35:25,173,recharge,2,android,0
T000192,U01818,2026-04-12 14:24:31,16547,transfer,2,ios,0
T008824,U00823,2026-07-31 05:31:52,1367,fuel,1,ios,0
T002773,U00304,2026-04-21 06:13:08,1092,fuel,1,ios,0
T014894,U00490,2026-09-21 15:32:36,325,grocery,2,android,0
T000655,U00889,2026-09-14 09:17:16,268,grocery,2,ios,0
T011957,U01139,2026-05-27 03:34:28,629,recharge,1,android,0
T003405,U00680,2026-01-08 02:45:29,415,grocery,3,android,0
T009403,U01649,2026-02-02 23:43:20,427,fuel,3,android,0
T004725,U01085,2026-03-07 08:05:38,2203,shopping,1,android,0
T003101,U00036,2026-09-05 04:07:39,147,grocery,3,android,0
T013421,U00885,2026-01-23 00:35:53,267,recharge,1,ios,0
T000948,U00337,2026-07-07 01:04:21,1328,fuel,2,ios,0
T010204,U01457,2026-08-29 19:12:01,2013,fuel,3,ios,0
T002338,U01006,2026-05-04 10:34:46,24345,transfer,3,android,0
T008431,U00655,2026-05-02 06:48:02,1632,transfer,2,android,0
T007495,U00609,2026-05-01 17:06:22,1616,grocery,1,ios,0
T000734,U00522,2026-02-02 15:11:56,1295,shopping,1,android,0
T011215,U01617,2026-05-07 17:27:04,17778,transfer,3,android,0
T004395,U01306,2026-03-10 00:27:17,236,recharge,3,ios,0
T011877,U01954,2026-09-05 18:22:31,2789,fuel,3,ios,0
T009360,U01934,2026-02-21 11:57:28,2076,transfer,3,ios,0
T013683,U01900,2026-07-03 01:19:28,1268,fuel,3,android,0
T015020,U01573,2026-02-08 14:18:00,10000,transfer,1,web,1
T011756,U01578,2026-01-12 16:52:20,258,recharge,1,android,0
T010413,U00552,2026-09-15 21:07:17,482,recharge,1,web,0
T012419,U00251,2026-05-28 12:51:36,1249,fuel,3,android,0
T013664,U01265,2026-06-12 09:04:44,1104,recharge,2,android,0
T006298,U01973,2026-08-09 17:47:11,1187,recharge,3,android,0
T008806,U01258,2026-05-29 01:51:20,1664,shopping,2,ios,0
T008743,U00036,2026-03-02 21:09:27,296,recharge,2,android,0
T005549,U01199,2026-08-24 12:53:27,23080,transfer,2,ios,0
T005247,U01395,2026-01-21 10:19:27,193,recharge,1,android,0
T006523,U01465,2026-08-02 06:32:31,276,recharge,1,ios,0
T004435,U00399,2026-01-24 04:16:54,1570,fuel,3,ios,0
T007599,U00804,2026-01-02 00:22:27,1981,grocery,2,ios,0
T006070,U00564,2026-05-11 05:31:11,1691,grocery,3,android,0
T004378,U00942,2026-08-07 05:28:51,2911,grocery,2,android,0
T013927,U00974,2026-01-26 17:00:25,212,fuel,2,android,0
T005326,U01196,2026-07-07 14:39:25,1654,fuel,3,ios,0
T000168,U00242,2026-08-15 15:18:34,6933,transfer,1,android,0
T007158,U01480,2026-03-30 21:38:48,157,recharge,1,android,0
T010766,U01910,2026-07-17 10:21:11,112,recharge,1,android,0
T009169,U00630,2026-05-01 15:25:23,622,recharge,2,ios,0
T005388,U00933,2026-04-12 23:05:34,1232,fuel,3,android,0
T002645,U01596,2026-05-12 23:57:52,1771,fuel,2,android,0
T002030,U00398,2026-06-12 07:22:39,612,grocery,1,android,0
T009783,U01248,2026-04-14 08:27:33,766,recharge,1,ios,0
T006297,U00620,2026-08-19 07:13:24,6896,fuel,1,web,0
T006243,U01777,2026-01-14 22:46:43,378,recharge,1,ios,0
T011995,U01722,2026-01-05 08:57:12,574,recharge,3,ios,0
T012272,U00713,2026-04-07 03:40:55,1958,transfer,2,ios,0
T010723,U00211,2026-08-14 19:13:32,20433,transfer,3,android,0
T013451,U01700,2026-05-31 05:12:44,4229,transfer,2,android,0
T010035,U01780,2026-03-08 08:18:34,963,fuel,2,ios,0
T013872,U01424,2026-07-19 07:48:02,1170,fuel,2,ios,0
T014690,U00751,2026-03-17 13:46:21,611,fuel,2,android,0
T006117,U00797,2026-09-13 13:21:15,6046,shopping,2,android,0
T005741,U01493,2026-07-18 08:37:38,253,fuel,2,android,0
T002981,U00493,2026-02-22 05:22:11,12266,shopping,2,android,0
T014302,U01557,2026-08-07 20:14:41,5019,shopping,1,ios,0
T009256,U00563,2026-03-15 11:33:40,191,recharge,2,ios,0
T005487,U01501,2026-09-04 04:34:42,1077,fuel,1,android,0
T013149,U01755,2026-09-11 03:43:38,3634,transfer,2,android,0
T013950,U00891,2026-09-09 23:10:21,112,recharge,3,ios,0
T007427,U00883,2026-07-09 23:21:16,647,grocery,2,android,0
T012676,U00406,2026-04-14 03:49:17,13480,shopping,2,ios,0
T004608,U00375,2026-02-19 10:27:07,5784,transfer,1,android,0
T014999,U01243,2026-01-03 21:07:12,875,recharge,2,ios,0
T014626,U00698,2026-08-05 03:40:36,5351,transfer,1,android,0
T007187,U01483,2026-01-23 20:11:49,488,fuel,2,ios,0
T007299,U00200,2026-02-13 12:39:34,3234,fuel,3,android,0
T010123,U00308,2026-04-28 12:29:23,870,grocery,3,android,0
T005715,U00815,2026-06-02 04:35:30,573,grocery,1,android,0
T011802,U00677,2026-08-23 04:44:39,20541,transfer,2,android,0
T014103,U01573,2026-07-06 09:37:29,18602,transfer,1,web,0
T003229,U01555,2026-02-03 03:58:34,1473,transfer,1,android,0
T012499,U01749,2026-05-01 08:45:20,298,recharge,1,ios,0
T005280,U01436,2026-01-25 16:18:25,55,recharge,2,ios,0
T013036,U01341,2026-02-06 02:18:54,700,recharge,3,ios,0
T008367,U00275,2026-03-26 18:07:45,541,fuel,3,ios,0
T005158,U00192,2026-03-14 12:15:30,10771,transfer,2,android,0
T003884,U00138,2026-07-06 00:23:38,2059,fuel,2,ios,0
T012709,U00076,2026-04-20 07:19:28,557,recharge,3,android,0
T011153,U01765,2026-01-29 23:55:03,975,shopping,3,ios,0
T003831,U01628,2026-03-22 23:10:40,991,grocery,1,ios,0
T011570,U01726,2026-06-04 14:53:17,732,recharge,2,ios,0
T009067,U01254,2026-03-20 12:00:17,563,recharge,1,android,0
T012434,U00525,2026-03-01 22:03:01,2216,shopping,1,android,0
T012466,U01823,2026-06-26 22:45:50,185,recharge,2,android,0
T009259,U01298,2026-01-22 19:22:45,170,fuel,3,android,0
T001517,U01599,2026-05-26 02:58:15,3257,transfer,1,android,0
T005929,U01770,2026-04-20 06:22:58,378,fuel,3,android,0
T014649,U00919,2026-08-14 07:20:33,3510,shopping,3,ios,0
T011305,U00381,2026-05-27 00:25:55,37121,transfer,3,ios,0
T003698,U01767,2026-07-07 03:49:23,298,grocery,1,ios,0
T009945,U01798,2026-06-13 00:03:49,306,shopping,1,ios,0
T014340,U01334,2026-01-11 03:12:18,12168,transfer,3,ios,0
T011656,U01574,2026-08-26 16:38:21,102,grocery,1,android,0
T009629,U01155,2026-02-20 13:19:12,1317,grocery,1,ios,0
T002896,U00526,2026-03-27 13:13:58,2981,transfer,1,android,0
T003842,U01637,2026-04-25 05:52:27,307,recharge,1,ios,0
T000971,U00191,2026-03-22 18:26:37,574,grocery,2,ios,0
T013526,U00049,2026-04-21 03:32:49,5251,shopping,3,android,0
T014271,U01719,2026-05-20 02:11:15,3801,shopping,1,ios,0
T014936,U01415,2026-08-13 19:05:48,106,recharge,1,android,0
T005464,U01483,2026-03-18 19:41:36,1151,fuel,2,ios,0
T013026,U01783,2026-05-30 13:42:28,502,recharge,2,android,0
T003303,U00444,2026-07-19 09:38:50,2722,shopping,1,ios,0
T011561,U01850,2026-07-02 05:40:42,1169,fuel,3,android,0
T004636,U00456,2026-06-22 13:52:49,315,shopping,2,android,0
T002852,U00998,2026-02-05 10:08:35,1854,transfer,3,android,0
T014965,U01044,2026-01-05 20:07:10,956,recharge,2,ios,0
T009737,U01515,2026-09-21 03:36:52,3201,transfer,3,android,0
T011743,U01205,2026-06-12 05:37:50,923,recharge,3,ios,0
T006143,U01154,2026-05-04 22:59:50,584,fuel,3,ios,0
T011555,U01903,2026-08-01 16:44:28,234,recharge,3,android,0
T000314,U00896,2026-09-08 21:04:14,3802,transfer,1,ios,0
T001280,U00568,2026-03-01 02:39:22,6423,transfer,2,ios,0
T002576,U00904,2026-02-05 00:24:33,806,fuel,3,android,0
T008118,U01291,2026-04-05 15:01:28,1588,shopping,3,ios,0
T006350,U01876,2026-02-06 09:48:59,565,grocery,1,ios,0
T007905,U00796,2026-01-04 23:46:34,3385,shopping,2,android,0
T014989,U01456,2026-06-09 08:59:05,605,recharge,2,android,0
T014642,U00945,2026-04-20 09:17:19,3750,shopping,3,android,0
T014932,U01373,2026-05-10 10:30:29,217,recharge,1,ios,0
T012649,U01105,2026-01-19 22:19:05,180,recharge,3,ios,0
T010029,U00770,2026-07-14 11:42:16,1125,fuel,2,ios,0
T011409,U01397,2026-04-01 03:05:31,2074,fuel,2,android,0
T003417,U00396,2026-04-29 02:58:58,10913,transfer,3,android,0
T006720,U01199,2026-06-12 04:18:23,327,recharge,2,ios,0
T001014,U01393,2026-03-06 23:23:35,1723,recharge,1,android,0
T014166,U00749,2026-02-06 03:24:00,1627,shopping,3,android,0
T006170,U01422,2026-05-31 12:44:03,1276,shopping,3,ios,0
T009355,U00996,2026-02-23 05:00:42,1146,grocery,2,web,0
T007703,U00294,2026-08-01 01:22:51,55,recharge,3,android,0
T013231,U00204,2026-02-16 16:08:44,7481,fuel,2,android,0
T004558,U00055,2026-05-21 22:03:02,15510,transfer,1,android,0
T014071,U01583,2026-05-02 17:22:55,5922,shopping,1,android,0
T008437,U01912,2026-06-25 09:48:18,2079,fuel,2,ios,0
T005290,U00715,2026-06-20 17:38:25,1243,shopping,2,ios,0
T002000,U00065,2026-08-26 12:17:20,5395,fuel,2,ios,0
T012380,U00433,2026-05-08 21:24:11,265,grocery,2,android,0
T009546,U01216,2026-01-04 17:12:20,1094,shopping,1,ios,0
T001599,U00415,2026-01-04 13:59:04,3031,fuel,2,ios,0
T000643,U01012,2026-01-19 06:31:53,95,recharge,1,android,0
T013946,U01982,2026-01-10 19:24:05,175,grocery,1,ios,0
T002441,U01109,2026-07-05 13:39:38,330,fuel,2,ios,0
T000370,U01767,2026-07-23 10:13:15,4549,fuel,2,ios,0
T008650,U01596,2026-05-31 01:26:15,569,transfer,3,android,0
T002348,U01374,2026-08-01 07:37:54,2951,shopping,2,android,0
T010835,U00830,2026-04-29 01:29:08,2279,fuel,3,ios,0
T012794,U01949,2026-04-09 16:06:58,507,grocery,2,ios,0
T011386,U00035,2026-07-15 21:19:26,46,recharge,2,ios,0
T014719,U00241,2026-02-13 23:48:53,892,fuel,3,android,0
T006184,U01217,2026-02-12 22:08:13,277,recharge,2,ios,0
T011851,U00937,2026-05-18 06:05:09,306,recharge,3,ios,0
T001789,U00408,2026-04-02 15:50:50,4845,shopping,3,android,0
T004167,U01270,2026-09-17 22:05:29,898,grocery,2,android,0
T012912,U01885,2026-03-07 01:52:47,648,grocery,1,ios,0
T010223,U00648,2026-04-21 05:07:49,5973,transfer,2,ios,0
T000241,U01459,2026-02-22 03:49:15,7570,transfer,2,android,0
T008067,U01032,2026-07-01 14:38:24,7940,transfer,2,android,0
T009967,U01594,2026-09-28 23:18:27,18269,transfer,2,android,0
T014488,U00585,2026-06-19 14:07:04,4466,transfer,2,ios,0
T000012,U00347,2026-03-13 11:26:58,6118,fuel,3,ios,0
T009977,U01689,2026-02-24 03:56:47,605,recharge,1,android,0
T012825,U00952,2026-08-11 16:27:12,2622,grocery,2,ios,0
T000285,U00552,2026-03-15 20:29:22,1497,fuel,3,ios,0
T009551,U00283,2026-08-05 14:01:17,2731,shopping,2,android,0
T009102,U00095,2026-07-29 03:58:36,524,fuel,3,ios,0
T014502,U00538,2026-04-24 03:56:31,7455,transfer,3,android,0
T000206,U01894,2026-03-09 10:32:16,3760,shopping,1,android,0
T009153,U01284,2026-03-23 21:47:34,359,recharge,3,ios,0
T003406,U00264,2026-03-22 18:37:07,713,fuel,2,android,0
T013581,U00748,2026-02-10 08:25:41,2705,fuel,3,ios,0
T014238,U00433,2026-03-26 18:51:46,525,recharge,3,android,0
T000452,U01251,2026-02-08 04:00:21,120,recharge,2,android,0
T001548,U01759,2026-03-14 05:49:57,2723,transfer,2,ios,0
T011400,U00169,2026-03-18 04:18:04,8184,transfer,3,android,0
T014715,U01782,2026-07-06 10:28:45,183,recharge,2,ios,0
T010971,U01141,2026-09-09 13:31:06,915,fuel,3,android,0
T004682,U01209,2026-06-07 18:51:14,817,shopping,1,ios,0
T014706,U00737,2026-04-11 04:51:14,237,grocery,3,ios,0
T007274,U00155,2026-06-30 10:49:51,2403,fuel,1,ios,0
T003004,U00236,2026-09-26 09:04:54,9256,transfer,1,android,0
T007621,U01988,2026-05-10 23:35:15,83,recharge,1,android,0
T013720,U01657,2026-04-15 23:16:20,5121,shopping,2,android,0
T008415,U00562,2026-03-15 03:17:43,176,grocery,1,android,0
T008090,U01110,2026-04-28 12:20:14,4305,transfer,1,android,0
T011255,U00599,2026-09-29 13:53:43,628,grocery,2,ios,0
T008832,U00104,2026-04-03 22:28:40,54,recharge,3,android,0
T013910,U00124,2026-08-26 16:22:57,5415,transfer,1,ios,0
T007461,U00987,2026-04-30 14:56:25,578,fuel,1,android,0
T010762,U00574,2026-01-24 04:55:51,2031,transfer,1,ios,0
T004527,U00989,2026-05-22 01:33:50,515,shopping,2,ios,0
T014549,U00665,2026-03-05 12:04:07,1117,recharge,2,android,0
T005079,U01439,2026-04-21 15:11:44,175,recharge,3,android,0
T004501,U01031,2026-03-01 18:09:40,273,recharge,3,android,0
T002533,U00462,2026-09-14 12:05:02,2723,grocery,3,android,0
T006972,U01595,2026-07-25 22:06:13,142,grocery,1,android,0
T000397,U01899,2026-07-21 20:00:32,3034,fuel,3,ios,0
T009305,U00429,2026-05-12 14:01:30,1406,fuel,1,android,0
T002041,U01578,2026-06-11 21:09:29,1061,fuel,3,android,0
T003824,U01610,2026-02-02 02:53:09,3238,transfer,2,ios,0
T011494,U00905,2026-05-19 03:40:23,5221,grocery,1,ios,0
T013000,U00247,2026-04-07 02:44:09,501,grocery,1,ios,0
T012705,U01859,2026-07-26 16:01:24,1246,fuel,3,web,0
T003527,U01922,2026-07-29 19:54:34,965,fuel,3,android,0
T004672,U01313,2026-09-01 04:32:39,2358,shopping,3,ios,0
T013298,U01974,2026-02-18 13:18:05,1316,grocery,3,android,0
T002994,U01099,2026-06-05 12:43:50,3746,grocery,2,ios,0
T013088,U01127,2026-05-09 00:19:38,904,fuel,1,android,0
T007713,U00750,2026-08-08 23:11:57,279,recharge,3,ios,0
T006820,U00652,2026-04-11 23:02:05,1033,fuel,1,ios,0
T003379,U01986,2026-08-24 07:28:32,731,recharge,3,ios,0
T013411,U00245,2026-03-14 08:34:36,679,recharge,3,ios,0
T001416,U00394,2026-01-10 02:31:01,2108,shopping,2,ios,0
T011647,U00497,2026-02-05 01:25:43,370,recharge,3,ios,0
T006371,U01893,2026-06-29 02:45:27,622,recharge,2,android,0
T000359,U00409,2026-02-03 07:50:54,100,recharge,1,android,0
T005025,U01709,2026-02-12 06:25:46,2978,fuel,2,ios,0
T006441,U01406,2026-05-06 23:41:15,195,grocery,3,ios,0
T006929,U01766,2026-07-08 07:09:25,650,fuel,1,ios,0
T001868,U01056,2026-08-09 18:27:17,2297,shopping,3,android,0
T011911,U01919,2026-04-18 18:40:03,469,recharge,3,android,0
T001242,U01305,2026-08-15 12:06:03,721,fuel,1,android,0
T003145,U00350,2026-09-10 01:11:33,1559,grocery,2,ios,0
T009419,U00995,2026-03-17 04:48:46,1100,recharge,1,android,0
T012039,U00944,2026-08-08 14:25:29,859,fuel,2,ios,0
T013836,U00574,2026-08-05 18:27:55,4490,transfer,3,ios,0
T012788,U00835,2026-05-30 08:29:18,4091,grocery,1,ios,0
T013982,U00383,2026-06-05 13:18:33,2251,transfer,1,android,0
T002519,U01236,2026-08-03 16:53:54,1817,shopping,1,ios,0
T006969,U00480,2026-06-03 06:28:45,2432,fuel,3,android,0
T003304,U00425,2026-06-01 17:57:10,1185,grocery,2,ios,0
T007232,U00404,2026-03-18 18:50:26,2588,shopping,1,android,0
T014630,U00361,2026-09-08 18:31:17,1268,fuel,3,ios,0
T013208,U00578,2026-01-09 12:26:36,65,recharge,3,ios,0
T009768,U00552,2026-07-03 17:47:21,8629,transfer,3,ios,0
T000026,U01605,2026-08-03 18:41:06,16581,transfer,2,ios,0
T008220,U01015,2026-01-30 19:22:49,400,grocery,3,android,0
T002593,U01897,2026-09-25 20:42:50,5994,transfer,2,android,0
T014660,U00976,2026-02-01 11:20:04,767,shopping,1,ios,0
T004708,U01839,2026-03-14 12:24:29,4696,transfer,3,android,0
T003448,U00697,2026-01-17 18:49:16,2361,fuel,3,ios,0
T010518,U01532,2026-06-25 22:40:49,1001,fuel,1,ios,0
T012921,U01005,2026-06-29 04:12:11,2909,fuel,1,ios,0
T005238,U00399,2026-09-02 12:44:16,556,fuel,3,web,0
T000826,U01759,2026-06-15 20:57:49,2092,fuel,2,ios,0
T000510,U01086,2026-08-09 07:10:07,1260,shopping,2,android,0
T001705,U00158,2026-07-12 21:15:58,1447,grocery,3,android,0
T003573,U01388,2026-03-03 06:38:48,1199,transfer,2,android,0
T009851,U01617,2026-01-19 04:45:40,546,recharge,2,android,0
T011607,U01402,2026-02-21 22:46:05,833,fuel,1,ios,0
T009834,U01878,2026-07-09 07:15:56,487,recharge,2,android,0
T007606,U00285,2026-07-20 12:23:47,880,shopping,2,ios,0
T002841,U00519,2026-03-24 12:47:42,2012,shopping,1,android,0
T005721,U01170,2026-04-26 16:01:13,6649,transfer,1,ios,0
T004005,U01763,2026-05-19 01:19:47,38904,transfer,1,android,0
T011763,U01304,2026-09-06 00:13:21,1462,grocery,1,android,0
T001557,U00956,2026-08-13 06:25:40,9595,shopping,2,android,0
T005347,U01550,2026-01-07 17:19:38,1998,shopping,3,android,0
T009284,U00364,2026-06-13 17:30:14,17368,transfer,2,android,0
T007243,U00208,2026-05-11 13:28:55,2235,fuel,2,ios,0
T006724,U01114,2026-07-10 23:07:39,5101,shopping,1,android,0
T005927,U00065,2026-03-01 21:32:14,1179,fuel,3,ios,0
T002009,U00631,2026-01-13 09:46:46,407,recharge,1,android,0
T008023,U00457,2026-01-29 08:01:45,8460,shopping,1,android,0
T001570,U00086,2026-02-21 05:12:34,2000,grocery,2,web,1
T014149,U01955,2026-02-17 02:46:43,11978,shopping,2,android,0
T000860,U01570,2026-04-25 00:02:17,1117,grocery,2,web,0
T005661,U01518,2026-02-02 15:38:56,3722,transfer,3,ios,0
T002431,U00055,2026-09-14 06:11:56,1779,grocery,3,android,0
T001700,U01486,2026-09-28 18:17:13,221,fuel,2,ios,0
T013965,U00165,2026-08-23 03:18:43,13234,transfer,3,android,0
T013368,U00465,2026-05-14 15:57:02,2327,grocery,2,ios,0
T002029,U01746,2026-07-13 09:56:53,2100,fuel,1,ios,0
T001612,U00367,2026-07-14 08:39:14,5153,grocery,2,ios,0
T001876,U00902,2026-01-05 11:30:17,2666,shopping,2,ios,0
T008440,U01038,2026-08-14 19:27:36,1910,grocery,3,ios,0
T012143,U01343,2026-02-26 06:35:51,30110,transfer,1,android,0
T012716,U01344,2026-06-05 17:48:54,19942,fuel,2,android,0
T002503,U00155,2026-08-19 00:58:28,13127,transfer,3,web,1
T009326,U01000,2026-04-09 17:46:50,1961,shopping,2,ios,0
T010901,U01203,2026-06-26 09:32:28,10253,transfer,2,android,0
T002411,U00370,2026-08-11 08:56:36,953,shopping,1,ios,0
T004019,U00135,2026-03-19 09:24:09,332,grocery,3,android,0
T003781,U01553,2026-08-23 10:58:28,391,grocery,2,android,0
T002293,U01160,2026-01-30 08:22:05,1286,grocery,3,android,0
T000193,U01483,2026-09-18 03:24:06,8283,shopping,1,ios,0
T012667,U01244,2026-05-23 02:32:57,1145,transfer,3,ios,0
T001033,U01844,2026-06-02 11:51:00,434,shopping,2,android,0
T001880,U01374,2026-02-28 10:10:28,3979,transfer,3,android,0
T005045,U00039,2026-04-17 08:49:42,1324,transfer,2,ios,0
T012727,U00495,2026-02-02 12:17:10,11350,transfer,2,android,0
T005083,U00275,2026-07-08 20:53:45,2675,fuel,2,ios,0
T005329,U00415,2026-02-04 16:53:51,1954,shopping,2,ios,0
T001598,U00686,2026-04-04 05:10:48,1559,fuel,1,ios,0
T013770,U00548,2026-01-17 06:55:15,323,fuel,3,android,0
T002865,U01465,2026-07-02 04:43:37,1146,fuel,2,ios,0
T012914,U01768,2026-05-08 06:57:10,1999,grocery,3,ios,0
T014048,U01804,2026-06-19 01:05:21,2213,transfer,3,ios,0
T008110,U01179,2026-06-25 03:47:15,135,recharge,1,android,0
T006608,U00669,2026-04-07 15:57:57,4376,shopping,1,ios,0
T001739,U01751,2026-03-28 21:21:30,844,grocery,1,ios,0
T006843,U01592,2026-01-04 19:01:41,703,fuel,3,android,0
T005608,U00405,2026-06-01 22:12:48,1935,grocery,1,android,0
T007260,U01421,2026-09-24 08:07:54,8883,transfer,3,ios,0
T005623,U00487,2026-01-12 23:06:43,2023,grocery,2,ios,0
T006738,U00847,2026-09-05 23:41:51,10189,transfer,2,web,0
T013094,U00043,2026-06-27 12:31:30,12091,transfer,1,android,0
T004442,U00166,2026-04-04 00:41:45,268,grocery,2,ios,0
T011858,U01823,2026-04-06 00:35:43,432,recharge,1,android,0
T001076,U01022,2026-05-30 04:47:09,666,grocery,2,android,0
T002861,U01123,2026-01-02 16:04:59,43936,transfer,3,android,0
T003139,U00403,2026-05-10 13:47:11,2000,recharge,3,web,1
T011130,U01448,2026-08-17 18:03:01,591,grocery,1,ios,0
T012560,U01395,2026-04-28 11:21:57,2772,shopping,3,android,0
T012251,U00173,2026-09-08 01:17:57,1521,fuel,3,ios,0
T002564,U00889,2026-07-26 04:21:49,1058,grocery,2,ios,0
T001421,U01871,2026-09-16 17:38:40,3086,transfer,3,ios,0
T006660,U00867,2026-02-16 14:19:55,205,recharge,3,android,0
T005675,U01157,2026-01-16 13:22:55,1862,transfer,3,ios,0
T003068,U01570,2026-01-24 01:36:04,1832,fuel,3,android,0
T013702,U01774,2026-06-12 07:58:24,3923,fuel,1,android,0
T005403,U00632,2026-05-20 15:09:06,738,recharge,2,ios,0
T000872,U01447,2026-08-26 07:52:08,1175,grocery,3,ios,0
T000057,U00110,2026-03-17 18:43:45,304,recharge,1,ios,0
T008933,U00502,2026-08-09 16:47:30,580,grocery,1,ios,0
T004562,U01966,2026-09-04 12:17:45,676,recharge,2,android,0
T014179,U01266,2026-09-11 09:43:32,9547,transfer,1,android,0
T003844,U00595,2026-01-11 09:26:29,446,grocery,1,ios,0
T013691,U00857,2026-02-13 13:09:43,203,recharge,1,android,0
T005086,U01071,2026-09-09 15:22:02,2301,grocery,1,ios,0
T009696,U01295,2026-04-05 16:54:53,1193,shopping,2,ios,0
T004798,U00139,2026-01-29 22:30:42,102,recharge,1,android,0
T011742,U01078,2026-09-07 03:20:18,8751,fuel,2,ios,0
T014029,U00975,2026-05-09 19:59:20,165,recharge,1,ios,0
T002053,U00046,2026-08-11 09:49:31,500,shopping,3,android,0
T002047,U01649,2026-04-20 09:56:46,699,fuel,1,android,0
T011480,U00719,2026-09-10 16:17:14,390,grocery,2,android,0
T013563,U01096,2026-03-06 14:08:05,1942,shopping,1,ios,0
T011559,U01607,2026-02-17 14:33:53,740,grocery,1,ios,0
T014293,U00247,2026-04-12 10:28:01,5406,fuel,3,ios,0
T003594,U00878,2026-03-22 01:50:47,5777,transfer,3,android,0
T005192,U01539,2026-06-06 04:16:45,2679,fuel,2,ios,0
T011195,U01568,2026-05-16 01:35:12,1208,grocery,3,android,0
T013987,U01263,2026-01-04 12:13:42,310,recharge,3,ios,0
T000584,U00232,2026-09-23 03:35:00,173,recharge,3,android,0
T014244,U01463,2026-03-15 01:34:42,777,recharge,2,ios,0
T008567,U00188,2026-03-22 08:35:35,4478,shopping,2,android,0
T012840,U01265,2026-01-18 03:00:14,1584,shopping,2,android,0
T004010,U00501,2026-04-29 18:23:08,5035,transfer,1,android,0
T014003,U00514,2026-07-21 20:14:05,5297,fuel,1,ios,0
T004197,U00293,2026-03-19 19:04:52,332,grocery,1,ios,0
T005401,U00779,2026-04-24 22:39:36,789,fuel,2,android,0
T008217,U01677,2026-09-21 11:36:45,320,fuel,1,android,0
T008060,U01990,2026-01-20 14:15:26,1911,fuel,3,ios,0
T005484,U00836,2026-07-17 01:18:49,5787,transfer,2,android,0
T013075,U00620,2026-05-09 19:19:06,6213,transfer,3,web,0
T010659,U00203,2026-04-23 12:28:01,439,recharge,1,android,0
T006737,U01948,2026-08-10 19:01:25,856,fuel,2,ios,0
T003828,U01842,2026-09-13 16:41:59,2035,fuel,3,ios,0
T012845,U01339,2026-05-28 22:15:04,1669,shopping,2,ios,0
T005757,U00832,2026-03-18 15:04:37,1038,grocery,3,ios,0
T010788,U00854,2026-06-02 10:19:36,1923,fuel,2,android,0
T001478,U00442,2026-01-12 14:40:14,227,grocery,2,ios,0
T002911,U00632,2026-09-11 00:18:39,1997,shopping,2,ios,0
T014901,U00885,2026-05-09 22:41:32,247,recharge,2,ios,0
T001337,U01979,2026-02-09 08:10:02,1022,fuel,2,ios,0
T005114,U00004,2026-07-21 13:21:14,2609,shopping,3,android,0
T007143,U01518,2026-06-06 12:01:41,570,recharge,2,ios,0
T005152,U00038,2026-04-29 10:54:01,872,transfer,3,android,0
T011867,U01078,2026-02-11 07:25:31,314,grocery,2,android,0
T004382,U00513,2026-05-26 18:22:41,1653,shopping,1,android,0
T003576,U01896,2026-09-12 10:51:23,305,grocery,2,android,0
T009842,U01996,2026-03-08 16:31:44,888,grocery,1,ios,0
T007247,U00864,2026-05-06 15:57:48,794,recharge,3,ios,0
T014731,U01670,2026-04-08 12:44:14,1691,fuel,2,android,0
T008671,U01956,2026-04-11 23:07:17,3411,transfer,2,ios,0
T005163,U01601,2026-06-08 18:13:44,3499,transfer,2,android,0
T012349,U00374,2026-05-04 03:33:47,7947,transfer,1,ios,0
T000047,U00654,2026-02-14 16:40:20,260,grocery,2,android,0
T002472,U01547,2026-01-27 01:49:24,1121,fuel,2,android,0
T000550,U00245,2026-08-18 08:23:32,3109,fuel,2,ios,0
T007893,U01416,2026-03-11 03:28:36,320,fuel,3,android,0
T008800,U01734,2026-04-27 10:03:14,542,recharge,1,android,0
T013564,U01600,2026-07-31 15:46:57,259,recharge,1,android,0
T011909,U00652,2026-04-05 22:27:24,1059,fuel,3,ios,0
T002677,U01514,2026-06-18 02:33:06,280,recharge,3,android,0
T000595,U00773,2026-01-09 22:05:48,20389,shopping,1,android,0
T012675,U01405,2026-04-15 20:28:55,4770,transfer,1,web,0
T014554,U01600,2026-06-02 11:20:38,1038,grocery,3,android,0
T002821,U01861,2026-08-08 06:26:49,404,fuel,3,ios,0
T004376,U00753,2026-06-22 06:39:04,2570,shopping,2,ios,0
T014654,U00727,2026-09-27 03:47:26,1011,grocery,3,ios,0
T010986,U00611,2026-01-25 11:37:50,2560,shopping,2,ios,0
T005311,U01901,2026-09-06 00:23:05,3029,fuel,2,android,0
T007761,U01341,2026-09-29 01:36:22,542,recharge,2,ios,0
T000963,U01642,2026-09-05 02:29:55,1341,shopping,2,ios,0
T011971,U01540,2026-04-17 15:48:21,3423,shopping,1,android,0
T009306,U01604,2026-07-17 04:56:20,588,recharge,1,android,0
T000845,U01401,2026-09-06 14:53:12,4133,shopping,2,android,0
T010993,U00718,2026-09-23 12:04:12,1084,fuel,3,android,0
T012403,U00936,2026-07-15 06:13:38,79,recharge,3,ios,0
T013784,U01479,2026-07-27 07:04:01,3248,fuel,1,android,0
T012174,U00900,2026-05-10 02:56:16,221,fuel,1,ios,0
T003921,U00388,2026-07-09 13:39:53,875,fuel,3,ios,0
T001277,U00896,2026-05-08 00:30:48,1932,grocery,3,ios,0
T006237,U01098,2026-07-10 11:21:04,1206,fuel,2,android,0
T009709,U01419,2026-05-02 13:58:59,1963,transfer,2,android,0
T002273,U00931,2026-05-17 03:52:31,514,recharge,2,ios,0
T011508,U00365,2026-03-19 00:56:49,1071,shopping,1,ios,0
T007872,U00449,2026-08-20 12:51:15,185,recharge,1,android,0
T007651,U00034,2026-07-19 11:57:29,452,recharge,3,ios,0
T007244,U00223,2026-01-10 00:07:45,753,fuel,3,ios,0
T010169,U00153,2026-03-13 21:58:28,2102,fuel,1,ios,0
T004776,U00067,2026-08-10 13:36:24,659,shopping,2,android,0
T001866,U00842,2026-07-08 08:06:43,3536,transfer,1,android,0
T012961,U00330,2026-04-06 15:39:57,317,grocery,2,android,0
T009826,U01426,2026-02-09 17:03:11,581,grocery,3,ios,0
T008291,U01386,2026-09-19 19:01:47,1643,grocery,2,android,0
T001049,U00370,2026-09-13 21:26:26,2615,shopping,3,ios,0
T005349,U00396,2026-05-17 10:54:16,357,grocery,3,ios,0
T011537,U01153,2026-03-22 08:46:35,191,recharge,3,android,0
T004991,U01696,2026-01-30 07:25:20,172,grocery,3,ios,0
T005996,U00281,2026-09-12 14:02:42,3684,grocery,2,android,0
T010053,U01173,2026-04-25 14:05:29,48,recharge,1,android,0
T011486,U00127,2026-01-29 12:10:15,912,grocery,1,ios,0
T000379,U01314,2026-06-27 10:37:14,435,grocery,3,android,0
T014629,U01398,2026-03-16 08:04:04,657,grocery,1,ios,0
T011837,U00098,2026-04-05 01:23:26,6364,transfer,1,ios,0
T014722,U01049,2026-08-17 19:15:36,2425,shopping,1,ios,0
T005771,U01174,2026-07-19 16:56:18,2854,grocery,3,ios,0
T007011,U01189,2026-04-10 09:15:17,9605,transfer,1,ios,0
T003531,U01853,2026-03-07 02:01:27,2933,transfer,1,ios,0
T013394,U00173,2026-04-08 18:30:58,748,grocery,1,ios,0
T001798,U01045,2026-04-19 14:11:20,329,recharge,3,android,0
T004286,U00895,2026-08-25 10:28:03,1522,fuel,2,android,0
T000798,U00903,2026-03-06 12:24:28,2272,shopping,1,ios,0
T004216,U00443,2026-06-03 09:27:41,1569,grocery,1,android,0
T006729,U00544,2026-09-22 08:35:26,23957,transfer,3,android,0
T011951,U00419,2026-01-11 04:19:18,14972,transfer,1,ios,0
T015015,U01573,2026-02-08 14:43:00,10000,transfer,2,web,1
T006302,U01048,2026-03-14 14:39:21,1029,recharge,3,ios,0
T006084,U00979,2026-03-22 00:07:57,847,grocery,2,android,0
T003818,U01186,2026-06-07 01:51:48,1847,grocery,1,ios,0
T014470,U00343,2026-04-05 22:07:15,8402,transfer,2,ios,0
T000395,U00675,2026-09-28 05:36:03,2625,shopping,2,android,0
T007296,U00724,2026-04-30 10:51:08,1745,fuel,3,android,0
T010461,U00663,2026-05-15 09:47:26,7532,transfer,3,android,0
T011281,U01334,2026-02-06 18:34:49,10775,transfer,2,web,0
T009931,U00804,2026-06-03 23:50:22,7170,transfer,2,ios,0
T007928,U01830,2026-08-28 09:41:48,1004,fuel,2,android,0
T012082,U00499,2026-09-29 20:38:41,1570,fuel,2,ios,0
T004535,U01490,2026-07-20 03:11:25,936,grocery,1,ios,0
T007159,U01450,2026-05-01 16:47:27,388,fuel,2,ios,0
T011183,U01189,2026-09-12 09:46:48,2684,shopping,2,ios,0
T007085,U00156,2026-08-07 16:53:13,1212,shopping,3,android,0
T007907,U00387,2026-01-15 17:36:46,4420,fuel,1,ios,0
T007174,U00478,2026-02-03 02:33:08,6024,transfer,3,ios,0
T008051,U01039,2026-09-25 17:10:56,610,recharge,2,android,0
T010299,U01721,2026-01-22 20:57:51,2207,shopping,1,android,0
T002941,U00714,2026-04-11 19:07:33,427,recharge,2,ios,0
T012231,U01951,2026-01-11 19:20:56,1415,shopping,1,android,0
T009889,U01179,2026-09-18 10:20:29,1531,grocery,2,android,0
T013562,U00477,2026-08-22 11:02:47,768,grocery,2,ios,0
T000260,U01210,2026-02-21 08:18:58,375,grocery,1,android,0
T013837,U00797,2026-08-31 23:40:47,1894,transfer,1,android,0
T007055,U00917,2026-06-23 23:48:01,319,recharge,2,android,0
T013529,U00899,2026-05-07 10:17:27,2957,shopping,3,android,0
T004890,U01724,2026-04-23 09:37:57,951,grocery,1,android,0
T014580,U00472,2026-04-27 12:58:10,1702,fuel,1,android,0
T010693,U01290,2026-09-07 19:11:25,542,grocery,1,ios,0
T013606,U00127,2026-09-26 12:08:02,6788,shopping,2,ios,0
T008568,U01626,2026-09-04 23:51:46,4658,shopping,3,ios,0
T010813,U01787,2026-02-27 11:22:08,1099,grocery,2,android,0
T003243,U01814,2026-09-29 17:22:36,7439,shopping,2,android,0
T003655,U00952,2026-07-23 09:50:30,5486,fuel,2,ios,0
T002354,U01948,2026-04-04 01:45:43,6366,shopping,2,ios,1
T006498,U01570,2026-08-10 20:24:40,850,grocery,3,android,0
T008261,U01307,2026-07-30 05:58:03,1088,fuel,2,ios,0
T004270,U00648,2026-09-10 18:57:38,198,grocery,2,ios,0
T013520,U01821,2026-08-04 22:14:58,5959,shopping,1,ios,0
T008190,U00294,2026-01-19 15:28:14,3615,transfer,1,android,0
T000341,U01308,2026-09-30 20:14:40,22056,shopping,2,android,0
T012800,U01510,2026-06-25 06:57:49,5860,shopping,1,ios,0
T008150,U01160,2026-07-08 08:41:55,975,grocery,3,android,0
T012792,U00412,2026-01-13 02:13:54,7028,shopping,2,android,0
T004428,U00197,2026-08-26 04:13:51,363,shopping,1,android,0
T001324,U01945,2026-04-10 04:59:19,260,grocery,2,android,0
T013297,U00588,2026-07-06 01:42:19,9054,fuel,2,ios,0
T003334,U01115,2026-04-05 21:11:36,10511,transfer,1,ios,0
T000699,U01012,2026-08-24 08:34:50,171,recharge,1,android,0
T010737,U00995,2026-04-11 08:20:49,3219,shopping,2,android,0
T008892,U01041,2026-02-24 08:29:58,2515,transfer,2,android,0
T007099,U01237,2026-02-22 05:35:58,2449,fuel,3,ios,0
T007228,U00083,2026-09-06 20:38:07,1674,fuel,3,ios,0
T006210,U01289,2026-01-27 17:15:08,1915,transfer,3,ios,0
T013803,U00951,2026-07-07 05:58:59,16702,transfer,3,ios,0
T011447,U00050,2026-02-21 00:44:19,4094,shopping,2,android,0
T002077,U01036,2026-02-08 07:40:25,1170,fuel,1,ios,0
T007273,U01186,2026-08-27 04:39:50,1510,fuel,1,ios,0
T012395,U00829,2026-05-10 08:52:18,1930,grocery,1,android,0
T003946,U00233,2026-08-18 11:29:47,5685,fuel,3,android,0
T012002,U01836,2026-04-01 12:13:14,263,recharge,3,ios,0
T002023,U00983,2026-05-01 18:39:11,7812,fuel,3,android,0
T004117,U00379,2026-01-02 21:17:43,701,grocery,1,ios,0
T005036,U01140,2026-09-23 12:12:48,13400,transfer,3,android,0
T003370,U00996,2026-04-03 04:08:29,513,grocery,1,ios,0
T012874,U00354,2026-02-14 01:51:50,2831,grocery,3,android,0
T001838,U01181,2026-04-22 08:21:30,245,recharge,1,android,0
T010516,U00554,2026-07-24 03:27:35,5259,shopping,2,ios,0
T009074,U01122,2026-03-05 22:43:57,9599,shopping,2,android,0
T006329,U01109,2026-03-03 02:27:33,3696,transfer,3,ios,0
T014711,U01643,2026-09-11 08:47:32,251,grocery,2,web,0
T014599,U00009,2026-01-28 06:29:26,286,grocery,3,ios,0
T011040,U01486,2026-08-18 12:11:41,553,grocery,1,ios,0
T001593,U00840,2026-09-18 20:08:41,972,grocery,3,android,0
T001766,U01071,2026-02-23 21:11:19,963,fuel,1,ios,0
T010575,U00892,2026-06-12 07:31:43,1622,transfer,2,ios,0
T007596,U01301,2026-06-30 04:37:11,2770,shopping,2,android,0
T011041,U00487,2026-05-03 19:25:41,3067,transfer,2,ios,0
T004642,U00399,2026-05-02 20:32:03,128,recharge,3,ios,0
T001369,U00121,2026-08-18 13:45:39,1376,transfer,3,android,0
T004504,U01846,2026-09-17 00:51:15,7771,transfer,3,ios,0
T014851,U01913,2026-07-27 10:17:51,2284,shopping,3,android,0
T014049,U01350,2026-01-04 16:36:49,464,fuel,1,android,0
T009610,U00834,2026-03-29 23:35:00,69,recharge,3,android,0
T002407,U00520,2026-02-13 22:28:15,814,recharge,2,android,0
T005171,U01742,2026-06-18 01:46:50,366,recharge,1,web,1
T003195,U00135,2026-07-13 18:54:07,2342,transfer,1,android,0
T001447,U01963,2026-03-17 00:35:02,556,recharge,1,android,0
T004542,U01657,2026-08-06 11:34:25,541,recharge,3,android,0
T008382,U00685,2026-05-24 20:27:51,910,transfer,2,android,0
T004895,U00833,2026-08-22 04:22:11,6885,grocery,1,android,0
T009894,U00088,2026-04-26 09:30:12,6598,shopping,2,ios,0
T004356,U00624,2026-05-07 04:04:29,1161,transfer,1,android,0
T003651,U01502,2026-08-15 19:54:09,345,grocery,1,android,0
T005454,U00505,2026-01-31 11:59:24,36603,transfer,1,android,0
T008762,U01809,2026-02-02 02:09:24,867,grocery,3,ios,0
T005286,U00582,2026-04-06 02:17:43,8217,transfer,2,android,0
T008846,U00528,2026-08-19 07:00:07,5009,fuel,3,ios,0
T011154,U00080,2026-06-12 14:30:14,1504,shopping,3,ios,0
T011196,U01956,2026-07-30 06:32:05,4005,shopping,2,ios,0
T007020,U01496,2026-04-16 05:56:18,663,recharge,2,ios,0
T008468,U01066,2026-08-04 08:37:47,3422,grocery,2,android,0
T002586,U01159,2026-03-14 06:02:57,1569,transfer,2,ios,0
T002818,U00310,2026-07-29 09:15:08,1152,fuel,3,ios,0
T013246,U01380,2026-08-06 12:39:46,484,recharge,2,ios,0
T010287,U01056,2026-05-05 11:44:53,228,grocery,1,android,0
T011141,U00355,2026-02-02 13:28:16,471,recharge,2,ios,0
T003661,U01139,2026-01-15 18:20:10,678,fuel,3,android,0
T005490,U01489,2026-03-05 12:14:10,2025,grocery,3,android,0
T013735,U01849,2026-03-24 11:11:45,4478,shopping,3,ios,0
T009262,U00448,2026-09-21 18:11:04,375,shopping,1,android,0
T014814,U01463,2026-07-10 12:19:01,5697,transfer,3,ios,0
T010332,U00004,2026-07-20 22:50:43,134,recharge,3,android,0
T011366,U00158,2026-02-28 07:30:52,1618,grocery,2,android,0
T003757,U00141,2026-07-04 22:09:26,2548,shopping,3,ios,0
T004939,U00115,2026-04-09 05:07:28,757,grocery,1,android,0
T000563,U01826,2026-05-15 00:57:58,1087,recharge,2,ios,0
T000705,U00686,2026-03-29 15:00:19,2880,grocery,3,ios,0
T002726,U00760,2026-04-16 03:59:29,4414,fuel,2,android,0
T009488,U00350,2026-06-12 23:31:30,1608,shopping,1,ios,0
T004972,U00456,2026-08-04 20:15:59,722,grocery,3,ios,0
T004761,U01320,2026-01-29 11:05:02,11053,transfer,2,android,0
T014401,U00810,2026-08-05 00:47:16,2163,transfer,2,ios,0
T011862,U00810,2026-03-27 07:55:08,2137,fuel,2,ios,0
T010219,U01007,2026-04-08 14:10:50,1392,transfer,1,android,0
T011546,U01211,2026-05-15 04:05:55,1243,fuel,2,ios,0
T003996,U01681,2026-08-13 16:55:16,1244,grocery,3,ios,0
T006199,U01395,2026-01-06 20:48:08,5318,transfer,2,android,0
T000545,U00380,2026-03-12 05:37:49,3928,transfer,3,ios,0
T003287,U00510,2026-03-31 07:46:52,1314,fuel,1,ios,0
T002675,U00427,2026-02-04 11:00:25,529,grocery,1,android,0
T002561,U00836,2026-05-07 21:13:18,3144,fuel,2,ios,0
T009865,U01352,2026-04-23 18:25:40,371,shopping,2,android,0
T000329,U00081,2026-04-25 10:56:20,5690,transfer,3,ios,0
T014684,U01887,2026-01-05 04:05:49,879,shopping,2,android,0
T005658,U01851,2026-01-27 16:12:51,262,recharge,1,android,0
T004380,U01758,2026-08-02 19:46:58,7954,fuel,3,ios,0
T005552,U00076,2026-06-20 05:46:48,818,shopping,1,android,0
T008532,U00289,2026-03-10 12:35:36,4512,transfer,3,ios,0
T013031,U01311,2026-03-10 23:39:15,615,grocery,1,android,0
T009703,U01136,2026-05-19 06:08:41,374,grocery,1,ios,0
T013583,U00569,2026-03-01 01:47:25,765,recharge,1,ios,0
T010303,U00215,2026-04-09 01:44:06,649,transfer,2,android,0
T014522,U01642,2026-04-05 08:20:15,1302,recharge,3,ios,0
T014487,U01269,2026-04-26 04:05:55,5032,transfer,2,ios,0
T009719,U00825,2026-08-24 17:54:53,234,grocery,2,ios,0
T012108,U00647,2026-06-11 11:22:29,773,grocery,3,ios,0
T009127,U00479,2026-03-16 05:21:15,586,recharge,2,ios,0
T013901,U01876,2026-02-26 06:52:58,577,recharge,2,ios,0
T004307,U01532,2026-07-18 12:00:09,1191,fuel,1,ios,0
T012078,U00304,2026-07-27 13:07:35,304,shopping,3,ios,0
T009905,U00805,2026-08-10 09:25:32,619,grocery,1,ios,0
T009684,U01382,2026-07-08 09:55:48,683,grocery,1,ios,0
T002093,U01017,2026-02-04 21:02:48,435,grocery,1,android,0
T014655,U00052,2026-07-13 00:48:25,7728,transfer,1,ios,0
T012103,U01908,2026-05-03 04:11:45,7663,shopping,1,ios,0
T001408,U01697,2026-03-10 01:09:00,3483,transfer,2,android,0
T009440,U01688,2026-09-26 11:30:38,1103,recharge,1,android,0
T014173,U01322,2026-06-11 21:05:25,3203,shopping,2,android,0
T007331,U01703,2026-08-15 08:21:13,340,shopping,1,ios,0
T011604,U00918,2026-04-26 20:01:31,1312,grocery,2,android,0
T014196,U00862,2026-04-20 08:34:17,3766,grocery,2,android,0
T006639,U00350,2026-08-02 23:13:28,286,recharge,1,ios,0
T011245,U00256,2026-05-09 03:15:26,4017,transfer,3,android,0
T005729,U00369,2026-09-22 16:41:33,211,recharge,3,android,0
T005376,U01423,2026-04-08 19:13:36,536,shopping,1,android,0
T006253,U01100,2026-03-17 23:58:48,233,recharge,1,ios,0
T000654,U00299,2026-01-28 00:32:37,313,grocery,3,android,0
T010228,U01683,2026-07-30 21:43:47,7162,transfer,2,android,0
T011760,U01205,2026-06-12 20:46:47,556,grocery,1,ios,0
T008015,U00031,2026-01-16 19:10:53,2860,shopping,2,ios,0
T013611,U00222,2026-08-07 05:49:11,2841,fuel,3,android,0
T003589,U01594,2026-09-28 05:44:34,5727,transfer,2,android,0
T012493,U00153,2026-07-17 00:28:05,5404,fuel,2,ios,0
T002568,U01768,2026-07-11 11:03:43,2988,transfer,2,ios,0
T008742,U01138,2026-09-11 16:49:03,558,grocery,3,ios,0
T006828,U01854,2026-05-04 04:19:50,4685,transfer,1,ios,0
T013301,U01962,2026-02-21 21:49:03,1926,fuel,2,android,0
T008026,U00054,2026-07-03 05:55:45,2828,transfer,1,android,0
T011282,U00881,2026-09-14 09:08:09,265,fuel,1,ios,0
T006715,U01228,2026-06-25 09:46:16,3156,shopping,3,ios,0
T014766,U01489,2026-08-12 13:29:58,9107,shopping,2,android,0
T001877,U01107,2026-07-03 19:14:42,3594,grocery,2,android,0
T004597,U01220,2026-04-15 02:12:56,973,recharge,2,android,0
T006867,U01797,2026-03-02 18:28:53,1255,grocery,3,ios,0
T006588,U00819,2026-01-22 04:01:11,265,recharge,1,android,0
T006156,U01194,2026-08-08 11:05:31,1810,shopping,3,android,0
T014748,U01721,2026-06-14 21:30:15,11609,transfer,2,android,0
T014699,U00516,2026-08-08 10:47:22,2803,transfer,1,android,0
T013839,U01034,2026-06-13 15:57:18,9483,transfer,3,android,0
T009835,U00923,2026-01-14 12:13:33,307,recharge,1,android,0
T008968,U00002,2026-06-13 21:50:30,5209,transfer,2,android,0
T014204,U00512,2026-05-16 16:29:54,2322,shopping,1,ios,0
T009447,U01153,2026-07-17 15:44:44,1884,shopping,2,android,0
T011133,U01384,2026-07-27 04:06:09,5717,fuel,3,android,0
T008370,U01928,2026-03-09 13:15:34,1033,fuel,1,ios,0
T001229,U00396,2026-04-03 22:34:49,3919,fuel,2,ios,0
T004651,U00682,2026-05-17 09:41:20,2192,shopping,2,android,0
T011264,U01166,2026-08-26 21:53:18,26588,transfer,3,ios,0
T011654,U01241,2026-04-02 02:54:56,236,grocery,3,ios,0
T004260,U00869,2026-01-23 22:51:28,220,fuel,1,ios,0
T004693,U00949,2026-07-16 12:05:20,2401,shopping,1,android,0
T006839,U00817,2026-07-10 22:38:28,6052,transfer,3,android,0
T006455,U00738,2026-07-08 16:48:39,1434,transfer,3,ios,0
T006460,U00875,2026-02-11 13:34:50,3218,fuel,2,android,0
T014765,U00914,2026-07-14 13:09:00,22130,shopping,1,android,0
T011835,U00774,2026-07-15 04:34:01,862,fuel,3,android,0
T003202,U00952,2026-02-15 18:35:16,328,grocery,2,ios,0
T003938,U00578,2026-05-26 04:13:00,21402,transfer,2,ios,0
T012758,U00808,2026-02-12 05:31:57,183,recharge,1,android,0
T014662,U01628,2026-04-18 15:46:04,134,grocery,2,ios,0
T011340,U01969,2026-01-21 03:19:20,6569,transfer,3,android,0
T014455,U01312,2026-07-23 04:29:39,361,recharge,1,android,0
T010501,U00851,2026-03-08 17:41:32,638,grocery,2,android,0
T002928,U01333,2026-09-13 02:37:57,9861,transfer,3,ios,0
T014181,U01915,2026-01-28 07:41:28,685,shopping,3,ios,0
T006308,U01300,2026-09-10 17:20:59,534,grocery,1,ios,0
T010325,U00814,2026-01-24 00:41:48,43002,transfer,2,android,0
T006481,U00120,2026-08-29 16:45:53,16039,transfer,2,ios,0
T011167,U00116,2026-04-08 04:03:09,349,recharge,3,android,0
T006216,U00065,2026-05-02 01:32:15,8763,transfer,1,ios,0
T005560,U01854,2026-06-01 11:33:22,1764,fuel,3,ios,0
T000018,U00615,2026-09-10 09:27:19,1244,grocery,3,ios,0
T014115,U01502,2026-05-06 02:40:41,3219,fuel,1,android,0
T008820,U00797,2026-05-20 16:44:01,2479,shopping,1,android,0
T004304,U00552,2026-08-06 01:21:03,226,grocery,2,web,1
T011912,U01780,2026-06-03 08:05:16,306,recharge,2,ios,0
T000437,U01497,2026-06-09 13:17:09,7099,fuel,3,android,0
T008466,U01484,2026-09-30 12:40:19,2874,fuel,3,ios,0
T009104,U01888,2026-05-14 10:09:37,2672,fuel,2,android,0
T010376,U00298,2026-01-28 06:56:33,3799,fuel,2,android,0
T003053,U01146,2026-05-06 11:17:20,819,grocery,3,ios,0
T013734,U00861,2026-02-07 13:26:32,574,grocery,1,ios,0
T003058,U00529,2026-05-27 14:44:27,19422,transfer,3,android,0
T010058,U01704,2026-03-07 20:13:54,3635,shopping,3,android,0
T001346,U00845,2026-09-01 14:26:28,4945,fuel,3,ios,0
T009039,U01081,2026-03-22 00:51:46,389,recharge,2,ios,0
T005528,U02000,2026-05-02 00:35:46,912,recharge,2,ios,0
T003380,U00287,2026-02-01 16:40:18,10171,grocery,2,android,0
T008289,U01089,2026-02-19 02:11:51,1183,fuel,1,android,0
T000560,U01352,2026-07-02 11:01:28,1936,shopping,3,android,0
T002681,U01157,2026-04-22 08:02:39,4715,shopping,1,ios,0
T005177,U00946,2026-03-11 22:14:50,4011,shopping,1,ios,0
T007163,U00309,2026-05-24 04:31:47,4799,grocery,2,ios,0
T008610,U01232,2026-02-17 12:56:01,279,recharge,3,ios,0
T002031,U00404,2026-01-23 07:23:24,250,grocery,3,android,0
T004351,U00186,2026-04-05 15:36:25,2126,shopping,3,ios,0
T008170,U01873,2026-04-29 03:49:00,6922,shopping,3,ios,0
T013406,U01184,2026-01-01 12:11:12,781,grocery,2,ios,0
T004452,U01735,2026-01-27 06:44:36,999,grocery,2,ios,0
T004854,U01913,2026-05-11 19:28:19,6376,shopping,2,android,0
T014489,U00462,2026-08-27 23:48:16,343,recharge,2,android,0
T009121,U00252,2026-06-11 18:13:14,8420,transfer,3,ios,0
T001404,U01641,2026-07-01 23:28:47,334,fuel,1,android,0
T005725,U00022,2026-03-07 09:23:10,717,fuel,2,android,0
T004016,U00577,2026-01-05 04:09:03,1494,shopping,3,ios,0
T004232,U00886,2026-03-08 06:24:22,1338,transfer,1,android,0
T014959,U00355,2026-06-05 08:43:36,470,grocery,1,ios,0
T008162,U00969,2026-05-16 12:06:18,764,fuel,3,ios,0
T011711,U00312,2026-02-19 05:32:55,226,grocery,2,ios,0
T001966,U01932,2026-01-29 21:54:24,3302,transfer,2,ios,0
T013371,U01677,2026-08-25 01:28:35,3300,transfer,1,android,0
T009968,U01423,2026-08-12 20:08:25,2074,shopping,2,web,0
T003233,U01450,2026-06-04 21:20:01,2473,fuel,3,ios,0
T001990,U00948,2026-09-24 16:18:12,827,shopping,2,ios,0
T003144,U00715,2026-09-23 04:09:38,1710,transfer,2,ios,0
T000515,U01907,2026-05-05 08:38:50,5778,transfer,1,android,0
T008122,U01918,2026-05-22 02:30:27,1572,shopping,3,android,0
T008323,U01886,2026-08-08 06:01:01,33097,transfer,2,ios,0
T007185,U00187,2026-01-26 15:01:55,18082,shopping,3,android,0
T003351,U01612,2026-06-03 20:31:25,286,grocery,1,ios,0
T001709,U00275,2026-01-28 12:57:14,1326,grocery,1,ios,0
T002301,U01676,2026-09-20 23:16:59,657,recharge,3,ios,0
T007871,U01077,2026-07-29 01:42:38,1671,fuel,3,ios,0
T000645,U00459,2026-05-18 23:05:09,30522,transfer,2,ios,0
T010903,U00868,2026-07-29 11:52:55,1003,fuel,2,android,0
T014007,U00743,2026-06-20 05:59:30,701,grocery,2,android,0
T002523,U00594,2026-09-13 15:05:44,72,recharge,1,ios,0
T003337,U00785,2026-02-05 22:18:04,3036,grocery,1,ios,0
T010140,U01042,2026-02-03 04:46:47,161,recharge,2,android,0
T014776,U00150,2026-07-26 12:58:14,231,recharge,3,android,0
T010692,U01448,2026-04-14 17:11:48,486,recharge,1,ios,0
T003278,U01576,2026-04-02 18:16:01,1288,fuel,3,android,0
T001594,U01835,2026-03-02 18:58:27,3865,transfer,3,ios,0
T008976,U01800,2026-05-15 19:11:53,639,grocery,3,android,0
T004219,U01943,2026-06-27 06:53:00,1452,fuel,1,android,0
T001810,U00828,2026-06-27 02:29:02,1360,shopping,3,ios,0
T000373,U00908,2026-02-11 11:10:54,455,recharge,1,android,0
T008960,U00915,2026-09-15 17:15:28,2507,fuel,1,ios,0
T009607,U01544,2026-03-05 02:16:30,2733,grocery,3,ios,0
T002828,U01257,2026-06-21 09:05:28,5216,transfer,2,ios,0
T004381,U00977,2026-01-07 18:39:54,2170,transfer,1,ios,0
T007710,U00282,2026-05-23 23:12:35,885,grocery,1,web,0
T008193,U01653,2026-08-20 04:32:55,730,grocery,2,web,0
T008039,U01592,2026-09-16 08:36:22,14297,transfer,3,android,0
T005756,U01924,2026-08-20 19:56:08,861,shopping,1,android,0
T005029,U01012,2026-03-28 22:43:21,440,grocery,2,ios,0
T008749,U00062,2026-04-17 11:12:08,10729,transfer,3,android,0
T006251,U01766,2026-08-02 18:33:21,5000,transfer,2,ios,0
T009147,U01489,2026-09-23 10:24:27,4975,fuel,1,android,0
T009056,U01541,2026-03-19 04:33:30,2940,fuel,3,ios,0
T011296,U01352,2026-02-06 13:22:55,341,recharge,3,ios,0
T008807,U00934,2026-02-17 16:41:20,429,fuel,1,ios,0
T009277,U01878,2026-07-07 14:11:31,5217,fuel,3,android,0
T012275,U01035,2026-06-07 00:36:53,2686,shopping,2,android,0
T007877,U00152,2026-03-15 20:23:46,1178,fuel,1,android,0
T004742,U00967,2026-04-13 10:10:08,883,transfer,1,android,0
T009490,U00464,2026-02-09 05:53:47,523,recharge,2,ios,0
T003469,U01047,2026-04-19 15:15:23,708,fuel,3,ios,0
T014920,U00690,2026-04-07 14:08:39,880,shopping,1,ios,0
T011269,U00479,2026-01-31 22:33:42,8138,transfer,1,ios,0
T009445,U01207,2026-09-20 14:58:01,1107,shopping,1,ios,0
T004934,U00539,2026-01-02 16:51:10,1028,recharge,1,android,0
T002992,U00457,2026-04-13 14:43:53,590,recharge,1,android,0
T005930,U00571,2026-01-30 20:29:52,4457,transfer,2,android,0
T000186,U00607,2026-03-09 20:20:19,153,recharge,2,ios,0
T013676,U00813,2026-07-29 21:38:33,786,fuel,3,ios,0
T008321,U00325,2026-07-11 06:27:21,684,grocery,3,ios,0
T008710,U00634,2026-03-28 05:09:09,107,grocery,2,ios,0
T007979,U01552,2026-03-17 20:02:28,942,fuel,3,android,0
T013190,U00994,2026-08-27 23:22:47,371,shopping,3,ios,0
T012253,U00057,2026-03-17 22:22:59,9565,shopping,1,ios,0
T011240,U00316,2026-02-07 18:01:15,3346,shopping,2,ios,0
T002884,U01847,2026-02-19 22:02:22,1070,fuel,3,ios,0
T012435,U00988,2026-04-18 09:19:09,635,fuel,2,ios,0
T005544,U00817,2026-02-24 21:06:23,398,grocery,2,android,0
T002666,U01514,2026-04-19 19:14:58,882,fuel,3,web,0
T014114,U00375,2026-05-29 13:41:14,4227,shopping,3,android,0
T013576,U01747,2026-01-04 17:20:19,1541,fuel,1,ios,0
T012734,U01403,2026-06-21 12:18:21,1109,recharge,2,android,0
T013884,U00858,2026-02-05 18:13:52,401,fuel,3,ios,0
T011676,U01730,2026-08-22 19:29:21,245,recharge,1,android,0
T003689,U00734,2026-05-09 03:36:18,170,recharge,3,ios,0
T010582,U00585,2026-08-14 00:09:21,3603,transfer,1,ios,0
T005676,U00579,2026-05-19 07:50:43,6350,transfer,2,android,0
T009361,U00112,2026-05-17 11:49:03,5147,fuel,3,ios,0
T009178,U00817,2026-05-20 09:22:29,617,grocery,3,android,0
T008302,U01142,2026-01-03 07:00:59,1111,shopping,1,android,0
T012836,U01218,2026-03-12 00:22:45,878,recharge,3,android,0
T014968,U00845,2026-06-13 09:18:13,8323,transfer,3,ios,0
T012697,U00010,2026-04-01 01:25:13,1117,shopping,2,android,0
T010748,U01918,2026-02-19 00:07:22,2119,transfer,1,android,0
T005087,U01595,2026-02-09 20:50:46,299,grocery,3,android,0
T004345,U00167,2026-08-09 09:33:39,1122,fuel,3,ios,0
T002883,U00748,2026-06-02 13:35:03,1626,fuel,3,ios,0
T009606,U00216,2026-03-06 22:09:46,2763,fuel,1,ios,0
T008513,U01414,2026-09-23 13:19:26,847,fuel,3,ios,0
T013591,U00167,2026-08-26 03:45:04,3393,fuel,2,ios,0
T003968,U00153,2026-02-03 04:03:24,145,recharge,3,ios,0
T006218,U01250,2026-07-18 16:42:05,667,shopping,1,android,0
T004408,U01647,2026-07-15 12:47:13,40362,transfer,2,ios,0
T004379,U01445,2026-06-20 05:38:00,457,shopping,2,android,0
T004744,U00669,2026-08-14 16:25:35,2646,transfer,1,ios,0
T011565,U00464,2026-04-12 21:01:30,2493,shopping,3,ios,0
T001432,U00741,2026-08-10 01:20:20,253,shopping,3,ios,0
T005798,U00068,2026-05-24 17:10:12,60,recharge,1,ios,0
T002690,U00566,2026-01-11 10:44:33,6284,transfer,1,ios,0
T004630,U02000,2026-07-26 20:30:04,6859,transfer,2,web,1
T000258,U00039,2026-08-24 13:13:51,638,recharge,1,ios,0
T002377,U01917,2026-08-02 13:54:40,1471,shopping,2,android,0
T006944,U01398,2026-08-21 10:50:53,1496,fuel,2,ios,0
T000028,U00316,2026-03-01 21:57:53,8592,transfer,3,ios,0
T002736,U01932,2026-06-14 12:21:09,2168,grocery,2,ios,0
T015063,U00612,2026-07-10 23:08:00,5000,transfer,3,web,1
T004743,U01443,2026-05-27 04:02:40,1446,fuel,3,android,0
T008402,U00668,2026-08-01 08:54:25,1704,recharge,2,ios,0
T015019,U01573,2026-02-08 14:06:00,5000,transfer,2,web,1
T014257,U00946,2026-05-12 14:04:48,2704,shopping,2,ios,0
T011944,U01453,2026-06-08 20:15:08,1909,transfer,3,android,0
T004441,U00639,2026-04-21 06:54:06,9298,shopping,1,android,0
T011534,U01347,2026-07-31 04:59:29,3020,fuel,2,ios,0
T013833,U01026,2026-05-04 02:01:00,915,shopping,3,android,0
T001395,U00513,2026-03-01 11:20:55,166,recharge,3,android,0
T001498,U01104,2026-08-29 20:58:43,1239,grocery,2,android,0
T011710,U00375,2026-09-28 03:59:23,442,recharge,2,android,0
T013388,U00472,2026-04-17 15:16:41,789,grocery,1,android,0
T010120,U01426,2026-05-15 07:43:12,129,grocery,2,ios,0
T002505,U01890,2026-04-13 17:54:07,3241,transfer,1,ios,0
T004531,U00772,2026-09-29 19:39:29,1829,grocery,2,android,0
T002987,U00864,2026-01-11 13:38:41,3553,fuel,2,ios,0
T002133,U01625,2026-02-22 05:05:26,811,fuel,1,ios,0
T009756,U01426,2026-01-06 11:18:51,97,recharge,2,ios,0
T004787,U00675,2026-05-09 03:53:30,25961,shopping,1,android,0
T001834,U01380,2026-06-06 09:24:05,311,grocery,1,ios,0
T012765,U01472,2026-04-27 20:48:33,343,recharge,1,ios,0
T002186,U00463,2026-07-29 22:25:26,18559,shopping,1,ios,0
T013245,U00762,2026-07-23 16:51:03,1106,grocery,2,ios,0
T008666,U01464,2026-03-10 10:39:52,312,fuel,3,ios,0
T009717,U01976,2026-01-13 01:28:17,336,fuel,2,android,0
T005626,U01343,2026-09-23 09:42:55,2147,shopping,1,android,0
T012123,U00710,2026-09-30 13:56:51,1809,shopping,2,ios,0
T009389,U00026,2026-08-15 21:52:13,1578,fuel,1,android,0
T009344,U01182,2026-01-03 13:10:45,398,fuel,2,ios,0
T003970,U01700,2026-05-11 09:39:35,515,grocery,3,android,0
T010239,U00397,2026-07-22 13:36:27,46,recharge,3,ios,0
T002172,U00637,2026-02-20 05:10:27,223,grocery,3,ios,0
T003841,U01746,2026-04-12 16:10:10,4949,shopping,2,ios,0
T006505,U01949,2026-09-27 21:50:11,1095,grocery,3,ios,0
T006127,U00139,2026-08-12 18:49:20,887,shopping,1,android,0
T012267,U01002,2026-09-29 07:32:36,3512,shopping,2,android,0
T012982,U00584,2026-02-05 09:12:56,149,recharge,3,android,0
T015003,U00671,2026-07-25 05:10:00,5000,transfer,2,web,1
T002678,U00788,2026-03-10 14:49:57,8543,transfer,3,ios,0
T011228,U00427,2026-05-18 15:01:22,8350,shopping,3,android,0
T014881,U01325,2026-02-01 05:10:02,12316,shopping,1,ios,0
T002805,U00016,2026-02-06 23:30:41,1981,fuel,1,android,0
T009133,U01466,2026-01-05 18:52:04,398,grocery,2,android,0
T010227,U00882,2026-02-01 06:29:41,1535,fuel,3,web,0
T009170,U01211,2026-01-30 07:21:19,159,recharge,3,ios,0
T013043,U01041,2026-03-23 21:18:00,5248,shopping,1,ios,0
T010167,U00930,2026-08-09 10:30:16,1930,recharge,2,ios,0
T005417,U00214,2026-03-18 19:50:56,2752,shopping,2,android,0
T004101,U00573,2026-01-19 06:48:40,634,grocery,1,ios,0
T002571,U00718,2026-04-20 21:39:33,4897,shopping,1,android,0
T011840,U00108,2026-04-23 23:10:27,294,recharge,1,ios,0
T009602,U01565,2026-07-30 23:23:16,9613,transfer,1,ios,0
T004420,U01282,2026-05-14 15:16:06,162,recharge,3,ios,0
T006519,U00039,2026-05-24 21:39:24,2489,shopping,2,ios,0
T010064,U00281,2026-08-31 06:41:04,658,shopping,2,android,0
T012626,U00421,2026-01-13 03:13:59,248,grocery,2,android,0
T007649,U00291,2026-06-14 08:45:26,701,fuel,1,android,0
T003951,U00258,2026-05-04 23:45:49,163,recharge,1,android,0
T007318,U01891,2026-05-23 07:10:49,531,recharge,1,ios,0
T000360,U00429,2026-07-23 05:11:29,5888,shopping,1,android,0
T001079,U00538,2026-05-13 09:49:55,6280,shopping,1,android,0
T010377,U00044,2026-08-22 00:46:28,95,grocery,1,android,0
T001684,U00741,2026-06-07 08:34:57,2015,shopping,2,ios,0
T000436,U01680,2026-03-14 03:41:52,4447,transfer,2,android,0
T008819,U01780,2026-02-11 03:16:56,4780,shopping,2,ios,0
T006343,U00402,2026-05-05 07:52:32,4618,transfer,1,ios,0
T008661,U01956,2026-06-19 01:48:49,4061,shopping,3,ios,0
T009208,U01789,2026-06-26 20:53:47,1979,fuel,3,android,0
T000972,U00151,2026-09-24 22:26:22,1629,transfer,3,android,0
T013924,U00810,2026-03-29 00:03:26,569,grocery,1,ios,0
T007598,U01914,2026-09-20 21:09:12,4501,shopping,3,ios,0
T006188,U00722,2026-01-18 16:33:23,1288,shopping,3,ios,0
T012851,U00307,2026-03-24 06:46:51,621,grocery,2,android,0
T000849,U01983,2026-06-06 08:58:54,2399,shopping,3,android,0
T008130,U00900,2026-05-15 18:33:38,198,recharge,3,ios,0
T015025,U00549,2026-01-21 16:39:00,10000,transfer,3,web,1
T005459,U01116,2026-05-10 06:57:13,292,fuel,2,android,0
T002341,U01898,2026-06-08 18:00:37,6626,shopping,2,ios,0
T004200,U01387,2026-01-22 03:22:22,8483,shopping,2,web,0
T001737,U00390,2026-02-16 16:12:50,1556,shopping,2,ios,0
T007719,U01804,2026-06-23 23:01:58,783,shopping,2,ios,0
T006730,U00438,2026-04-16 06:07:48,836,recharge,3,ios,0
T014607,U01036,2026-03-14 06:46:49,1562,grocery,1,ios,0
T014601,U01813,2026-07-10 03:36:07,1653,shopping,2,android,0
T003288,U00601,2026-08-10 09:18:55,5383,transfer,2,android,0
T003065,U00942,2026-04-04 05:12:20,279,recharge,1,android,0
T015026,U00549,2026-01-21 16:11:00,2000,transfer,2,web,1
T004607,U00374,2026-08-22 12:43:16,6698,shopping,3,ios,0
T014437,U01692,2026-03-11 11:17:40,769,grocery,3,ios,0
T013977,U02000,2026-07-08 03:17:15,1505,fuel,2,ios,0
T009130,U00038,2026-03-23 10:44:12,669,fuel,1,android,0
T003279,U00294,2026-01-15 17:35:07,1288,shopping,3,web,1
T009432,U00408,2026-04-11 18:11:58,1070,transfer,3,android,0
T001204,U00757,2026-04-26 00:15:58,179,recharge,2,android,0
T000248,U01159,2026-05-20 08:13:00,854,fuel,3,ios,0
T001078,U00065,2026-08-25 09:51:41,4518,shopping,2,ios,0
T001472,U01367,2026-01-01 02:31:24,6269,fuel,1,android,0
T002554,U01108,2026-03-19 13:15:56,647,recharge,1,ios,0
T009735,U01922,2026-08-11 09:50:46,553,recharge,3,android,0
T000029,U00011,2026-04-15 18:24:19,235,recharge,2,android,0
T000829,U01349,2026-09-10 13:20:14,487,grocery,2,android,0
T011450,U01726,2026-02-16 15:35:55,1215,grocery,2,ios,0
T001946,U00985,2026-02-02 11:18:53,10000,transfer,1,android,1
T011814,U00550,2026-06-03 17:07:09,4020,transfer,1,ios,0
T007757,U01607,2026-05-30 23:22:51,1336,recharge,3,ios,0
T006256,U00411,2026-05-18 11:35:17,1543,shopping,1,android,0
T001562,U00949,2026-04-06 06:58:36,3788,fuel,2,android,0
T002809,U00755,2026-06-24 13:36:58,413,recharge,3,android,0
T007396,U00336,2026-01-15 23:05:35,2445,fuel,1,ios,0
T008347,U01865,2026-03-03 09:33:04,1140,grocery,2,ios,0
T003100,U00547,2026-04-30 03:27:10,994,recharge,1,ios,0
T011267,U01686,2026-08-01 15:39:14,246,recharge,3,ios,0
T014157,U01930,2026-02-02 11:53:50,1069,grocery,1,android,0
T004900,U01062,2026-02-12 11:24:14,2864,fuel,2,ios,0
T002217,U00530,2026-05-31 23:51:23,3264,transfer,2,android,0
T006397,U00842,2026-04-27 04:17:46,5417,shopping,3,android,0
T008903,U01959,2026-02-10 00:18:58,445,recharge,2,android,0
T010471,U01476,2026-05-25 08:13:09,1480,grocery,3,ios,0
T009693,U01321,2026-08-13 21:56:14,977,recharge,2,android,0
T009912,U01142,2026-08-15 20:00:34,1472,grocery,2,android,0
T008861,U01745,2026-05-31 11:18:27,434,grocery,1,android,0
T014933,U01320,2026-09-30 11:08:14,477,grocery,3,android,0
T011998,U00392,2026-08-24 01:47:39,6897,transfer,2,android,0
T015060,U00612,2026-07-10 23:33:00,5000,transfer,3,web,1
T012691,U00740,2026-07-12 16:17:19,7125,shopping,3,ios,0
T009177,U01143,2026-06-22 08:01:08,373,recharge,2,android,0
T009687,U00861,2026-06-15 21:15:43,155,grocery,1,ios,0
T010896,U01204,2026-04-20 01:34:16,8237,fuel,3,ios,0
T001765,U00687,2026-09-24 16:57:02,1076,shopping,2,ios,0
T001839,U00397,2026-01-26 15:19:42,1837,recharge,2,ios,0
T008574,U01579,2026-03-23 21:04:29,684,fuel,3,android,0
T001400,U01942,2026-08-01 21:38:44,1891,shopping,2,ios,0
T005562,U00462,2026-03-28 13:53:19,3550,fuel,3,android,0
T002811,U01286,2026-07-27 13:39:52,8925,transfer,2,ios,0
T001475,U00072,2026-06-27 10:52:27,1433,grocery,2,ios,0
T007416,U00708,2026-03-10 15:40:01,3529,shopping,3,ios,0
T001932,U00678,2026-09-29 20:30:58,1624,fuel,2,web,1
T001933,U01035,2026-06-15 01:08:38,224,recharge,3,android,0
T013122,U01296,2026-01-12 13:27:45,1743,fuel,1,ios,0
T003724,U00276,2026-06-23 04:55:53,9588,transfer,1,android,0
T007825,U01082,2026-04-02 08:10:12,2883,transfer,1,android,0
T007706,U00331,2026-09-19 20:55:34,2344,grocery,3,ios,0
T004327,U00229,2026-07-28 13:19:24,3560,fuel,2,android,0
T006624,U01544,2026-09-28 19:55:38,3406,shopping,3,ios,0
T007482,U01980,2026-07-20 02:28:30,5811,transfer,2,ios,0
T015005,U00671,2026-07-25 05:25:00,10000,transfer,3,web,1
T004279,U00851,2026-01-21 11:13:46,1101,grocery,1,web,0
T006585,U00708,2026-05-08 06:01:55,824,recharge,2,ios,0
T012178,U01242,2026-03-14 20:00:26,6414,transfer,3,android,0
T000717,U00703,2026-07-21 01:07:58,452,recharge,2,ios,0
T012940,U01524,2026-06-27 20:13:20,3017,fuel,1,ios,0
T002466,U00130,2026-03-30 05:03:56,801,grocery,1,android,0
T012010,U00955,2026-05-02 05:04:16,1036,fuel,1,android,0
T010344,U00199,2026-03-16 17:38:37,4469,fuel,2,ios,0
T013477,U01054,2026-05-11 01:21:57,7439,transfer,1,android,0
T002803,U01759,2026-02-19 00:17:13,5821,grocery,2,android,0
T014861,U01072,2026-08-10 13:30:25,4962,transfer,3,ios,0
T006225,U01728,2026-03-17 15:05:48,454,recharge,1,ios,0
T003809,U01213,2026-07-02 06:29:50,2821,transfer,2,android,0
T002203,U01623,2026-07-19 22:00:03,1810,shopping,1,ios,0
T003774,U00151,2026-03-18 15:16:55,5688,shopping,1,android,0
T001081,U01575,2026-05-29 01:53:24,860,shopping,2,android,0
T009848,U00551,2026-07-18 20:31:46,2517,shopping,3,ios,0
T011768,U00529,2026-02-07 20:54:09,368,grocery,3,android,0
T005692,U01835,2026-09-07 09:54:44,1888,fuel,3,ios,0
T011673,U00119,2026-01-13 01:24:52,490,grocery,1,android,0
T001482,U01466,2026-08-21 06:13:17,255,grocery,2,android,0
T003422,U00015,2026-07-31 02:25:35,1479,shopping,2,android,0
T006847,U01195,2026-07-23 23:03:34,3413,fuel,2,android,0
T006008,U00366,2026-09-26 17:17:46,468,fuel,2,android,0
T005503,U00241,2026-07-02 20:56:36,1640,grocery,3,android,0
T010105,U00710,2026-09-23 13:59:52,19854,transfer,1,android,0
T007590,U00217,2026-09-06 22:47:16,902,shopping,3,ios,0
T006563,U01716,2026-04-03 17:48:41,335,fuel,3,ios,0
T005057,U01751,2026-09-20 00:58:03,1612,transfer,2,ios,0
T011365,U00961,2026-05-21 20:10:00,4943,fuel,3,android,0
T001698,U01623,2026-07-25 23:15:58,329,recharge,2,ios,0
T004582,U00655,2026-08-16 15:31:56,574,grocery,2,android,0
T008278,U01428,2026-01-06 01:53:03,1375,grocery,1,android,0
T007171,U01508,2026-01-24 01:11:20,207,recharge,1,android,0
T002842,U00047,2026-09-26 11:44:08,2775,shopping,1,ios,0
T014454,U01375,2026-02-24 03:28:12,437,grocery,2,ios,0
T012905,U00498,2026-09-20 17:42:52,214,recharge,3,ios,0
T011600,U01696,2026-05-04 08:58:59,1547,shopping,1,ios,0
T001746,U00281,2026-02-05 18:09:00,631,recharge,1,android,0
T009638,U01796,2026-08-04 21:44:03,8013,transfer,2,ios,0
T007478,U00275,2026-08-05 18:09:51,271,grocery,1,ios,0
T003460,U01000,2026-08-22 06:03:14,4340,transfer,1,ios,0
T013693,U01827,2026-06-28 13:20:25,4801,shopping,2,ios,0
T014834,U01258,2026-04-19 15:30:43,4235,fuel,1,ios,0
T003290,U00510,2026-01-12 00:07:22,1468,fuel,2,ios,0
T007291,U01549,2026-09-04 21:29:13,593,grocery,3,android,0
T010667,U00948,2026-08-15 08:21:03,656,grocery,2,ios,0
T013871,U01525,2026-05-10 08:59:50,86,recharge,1,ios,0
T005646,U00792,2026-01-01 21:57:06,298,grocery,2,ios,0
T007307,U00602,2026-07-14 19:11:14,8451,transfer,3,ios,0
T006745,U00543,2026-06-28 21:09:44,14829,transfer,1,android,0
T003093,U00949,2026-02-09 11:01:33,530,fuel,1,android,0
T009431,U00279,2026-09-16 16:14:33,664,fuel,1,ios,0
T013014,U01847,2026-03-31 06:09:52,292,recharge,3,ios,0
T010049,U00218,2026-05-04 00:05:16,360,recharge,1,ios,0
T002274,U01006,2026-03-18 07:56:29,547,grocery,2,android,0
T001847,U01960,2026-09-06 11:43:43,4390,transfer,3,ios,0
T003972,U00674,2026-05-05 01:54:15,5768,transfer,3,android,0
T002719,U00877,2026-07-18 20:10:29,699,grocery,1,android,0
T002175,U01921,2026-09-29 20:38:20,6876,shopping,3,ios,0
T012047,U00186,2026-08-01 02:18:22,187,recharge,2,ios,0
T006640,U01582,2026-07-10 13:49:55,984,shopping,1,android,0
T008414,U01737,2026-03-15 12:19:04,10022,fuel,3,ios,0
T011443,U01555,2026-07-29 06:44:37,3573,fuel,2,android,0
T011574,U01737,2026-04-21 00:07:23,1988,transfer,1,ios,0
T005213,U01116,2026-07-06 06:38:11,881,shopping,2,android,0
T007845,U01104,2026-04-18 15:49:33,187,recharge,2,android,0
T007215,U01078,2026-03-27 09:23:46,2227,transfer,2,ios,0
T013097,U00223,2026-08-24 04:39:03,2487,transfer,3,ios,0
T009844,U01910,2026-08-31 12:54:13,6038,shopping,3,android,0
T008636,U00965,2026-04-02 01:41:20,4440,shopping,3,android,0
T001217,U01022,2026-09-19 08:41:01,1128,fuel,3,android,0
T007139,U00738,2026-04-02 17:33:39,472,shopping,2,ios,0
T007213,U00748,2026-08-30 14:31:10,2898,transfer,1,web,0
T011686,U00271,2026-01-27 04:09:49,75,recharge,2,android,0
T010233,U00235,2026-03-11 04:44:19,995,recharge,2,android,0
T015001,U00671,2026-07-25 05:09:00,2000,transfer,1,web,1
T010856,U01182,2026-06-17 08:18:47,3436,transfer,1,ios,0
T008268,U01559,2026-04-05 06:47:13,1175,grocery,3,android,0
T004633,U00742,2026-09-03 08:19:07,6303,transfer,1,android,0
T002002,U01966,2026-04-05 14:48:19,1931,shopping,2,android,0
T008083,U01471,2026-02-01 09:51:03,5018,transfer,3,android,0
T001945,U01864,2026-08-20 19:11:56,1456,grocery,3,android,0
T001501,U01257,2026-02-19 01:59:37,1000,transfer,1,ios,1
T014656,U01131,2026-01-27 15:06:09,1615,transfer,3,ios,0
T000059,U00345,2026-07-12 08:39:17,5452,transfer,3,ios,0
T005006,U00474,2026-02-22 00:01:43,1096,grocery,3,ios,0
T002569,U01950,2026-08-05 06:05:44,4053,fuel,1,ios,0
T001894,U00821,2026-03-06 07:15:20,643,recharge,3,ios,0
T013415,U01761,2026-01-16 06:28:36,4140,fuel,1,ios,0
T003268,U01171,2026-07-27 08:41:25,1506,grocery,1,ios,0
T014172,U00628,2026-08-31 17:18:34,810,fuel,2,android,0
T002424,U00910,2026-08-26 13:43:23,358,recharge,3,ios,0
T012596,U01673,2026-03-05 14:43:47,2364,grocery,2,ios,0
T008488,U01858,2026-07-17 09:40:24,1384,fuel,3,ios,0
T011166,U01133,2026-07-31 15:57:03,673,recharge,3,ios,0
T005605,U00586,2026-05-15 07:39:51,16659,transfer,1,ios,0
T006596,U00828,2026-03-21 09:39:19,109,recharge,1,ios,0
T002210,U01781,2026-01-07 17:07:48,2062,shopping,2,ios,0
T001068,U01851,2026-06-19 12:42:22,697,recharge,2,android,0
T009718,U01143,2026-02-14 00:06:40,4863,transfer,1,android,0
T012469,U00689,2026-02-07 09:40:33,624,shopping,1,ios,0
T003823,U00021,2026-08-04 04:24:34,4755,fuel,1,android,0
T006356,U00942,2026-01-30 19:00:49,1581,grocery,3,android,0
T002866,U00248,2026-02-19 19:34:42,4441,shopping,2,android,0
T006818,U01233,2026-06-22 16:58:08,670,shopping,3,android,0
T014980,U01291,2026-07-31 11:51:14,231,recharge,1,ios,0
T008775,U01896,2026-06-29 10:50:34,2762,grocery,3,android,0
T006805,U01912,2026-07-20 23:45:35,333,fuel,2,ios,0
T004299,U01637,2026-03-02 01:59:56,218,recharge,3,web,0
T004591,U00062,2026-08-12 20:38:05,6660,transfer,1,android,0
T014210,U00890,2026-05-14 03:22:56,116,recharge,1,ios,0
T001355,U00014,2026-05-20 04:03:34,4551,shopping,1,android,0
T011788,U00033,2026-02-01 03:51:22,1766,fuel,3,ios,0
T002170,U00626,2026-05-31 05:58:43,1243,fuel,3,web,1
T004223,U00233,2026-07-11 09:21:01,135,recharge,1,android,0
T012643,U01076,2026-01-22 19:25:50,410,fuel,2,android,0
T004584,U00017,2026-05-18 02:33:00,836,grocery,3,ios,0
T010435,U01787,2026-09-03 19:53:11,599,grocery,1,android,0
T003591,U00292,2026-09-26 22:07:24,1032,shopping,2,web,0
T008693,U00701,2026-04-17 11:33:14,4209,transfer,2,android,0
T014739,U01605,2026-01-13 01:14:29,931,grocery,3,ios,0
T012305,U01603,2026-06-18 03:17:53,1254,fuel,1,ios,0
T003021,U00608,2026-09-17 11:38:21,223,shopping,2,ios,0
T012162,U00543,2026-09-04 06:11:06,5165,transfer,3,android,0
T001184,U00891,2026-04-09 02:10:02,11865,transfer,2,ios,0
T003745,U00689,2026-07-24 18:29:16,251,recharge,1,ios,0
T008183,U00066,2026-05-08 15:11:17,3450,shopping,1,ios,0
T002090,U00138,2026-04-14 22:50:52,65,recharge,1,ios,0
T005265,U00464,2026-07-27 10:32:54,403,shopping,2,ios,0
T011860,U00478,2026-04-17 22:24:32,382,grocery,3,ios,0
T011659,U00042,2026-06-09 09:44:48,1724,grocery,3,ios,0
T009193,U01886,2026-01-09 05:02:21,590,recharge,1,ios,0
T012073,U01053,2026-09-12 19:33:10,2711,shopping,3,android,0
T014323,U00075,2026-02-01 08:50:03,503,grocery,2,android,0
T010032,U00793,2026-03-05 00:29:42,558,grocery,3,android,0
T011423,U00834,2026-07-28 10:31:52,737,grocery,3,android,0
T014387,U01427,2026-03-19 03:02:08,735,recharge,2,android,0
T013635,U01783,2026-01-23 00:45:38,436,shopping,1,android,0
T005307,U01092,2026-03-15 20:15:51,359,recharge,2,android,0
T008709,U01354,2026-01-16 01:24:57,2450,grocery,3,ios,0
T000075,U00337,2026-09-01 22:07:48,6895,transfer,2,ios,0
T005514,U01454,2026-06-02 21:41:01,9295,transfer,3,ios,0
T010988,U01918,2026-08-15 22:46:01,807,grocery,3,android,0
T013505,U01147,2026-03-24 16:43:32,733,fuel,3,ios,0
T007776,U00774,2026-09-16 16:39:50,587,grocery,2,android,0
T007290,U01823,2026-01-01 10:15:12,247,recharge,2,android,0
T009339,U00311,2026-02-15 14:36:45,712,fuel,2,android,0
T012084,U00612,2026-06-27 10:57:23,966,shopping,2,ios,0
T014183,U00404,2026-06-08 13:06:50,730,shopping,1,android,0
T000952,U01623,2026-01-02 10:16:15,22596,transfer,2,ios,0
T010638,U00823,2026-01-27 00:25:21,541,fuel,3,ios,0
T013525,U00145,2026-01-16 17:10:43,930,fuel,1,ios,0
T006638,U01514,2026-03-07 13:41:03,267,recharge,1,android,0
T008805,U00043,2026-06-10 03:39:07,4779,transfer,2,android,0
T000327,U00316,2026-04-01 08:41:05,1317,shopping,1,ios,0
T007217,U00703,2026-08-29 20:50:26,349,grocery,1,ios,0
T003459,U00435,2026-07-13 05:38:07,73,recharge,2,android,1
T009559,U00392,2026-07-16 21:18:24,2867,transfer,1,android,0
T009248,U00461,2026-08-25 12:33:32,4470,fuel,1,android,0
T001631,U00964,2026-03-07 18:38:20,11830,fuel,3,ios,0
T014314,U00870,2026-04-07 23:53:14,1856,fuel,1,android,0
T010118,U01468,2026-07-27 04:40:52,590,fuel,1,ios,0
T007425,U01340,2026-08-22 13:01:41,1940,shopping,1,ios,0
T008129,U01110,2026-03-14 15:59:34,4825,shopping,2,android,0
T013040,U01170,2026-05-06 14:55:05,3092,grocery,3,ios,0
T002975,U01599,2026-06-27 09:14:14,364,grocery,2,android,0
T001555,U00509,2026-01-17 10:01:04,512,fuel,3,ios,0
T004888,U00945,2026-06-25 03:43:52,862,recharge,3,ios,0
T014023,U01568,2026-05-11 19:38:18,629,recharge,3,android,0
T003308,U01000,2026-08-04 03:25:41,246,fuel,1,ios,0
T004053,U00024,2026-06-06 03:00:59,6683,transfer,1,ios,0
T005645,U01893,2026-01-28 22:07:33,333,recharge,1,android,0
T008695,U00570,2026-01-24 06:16:26,1725,shopping,2,ios,0
T005398,U01361,2026-02-27 00:49:43,564,recharge,2,ios,0
T006415,U01679,2026-06-04 02:23:57,2285,shopping,2,android,0
T008980,U00824,2026-06-26 15:26:54,472,grocery,1,android,0
T008352,U01479,2026-04-14 03:02:08,6957,fuel,1,android,0
T009878,U00525,2026-03-01 17:26:10,2993,shopping,2,android,0
T002347,U00036,2026-04-20 22:15:46,6367,transfer,3,android,0
T008375,U00010,2026-03-06 19:15:54,1216,grocery,3,android,0
T007046,U00749,2026-08-08 12:41:43,2668,transfer,1,android,0
T004902,U01865,2026-06-05 22:11:26,4863,transfer,1,ios,0
T001299,U00851,2026-08-23 06:53:38,1735,shopping,2,android,0
T005221,U00773,2026-04-14 16:25:27,574,grocery,2,android,0
T006767,U01185,2026-08-14 05:42:43,340,shopping,1,android,0
T011552,U00649,2026-03-28 15:08:44,334,recharge,3,android,0
T005040,U01247,2026-08-08 05:23:04,229,recharge,1,web,0
T006090,U01595,2026-09-21 01:53:04,726,grocery,1,android,0
T004194,U00983,2026-03-18 21:07:19,2300,shopping,3,ios,0
T012345,U00158,2026-05-06 21:09:24,596,grocery,3,android,0
T013885,U01669,2026-07-07 17:30:15,3197,transfer,1,android,0
T014468,U00286,2026-01-24 19:35:21,265,grocery,1,ios,0
T002128,U01107,2026-09-10 20:55:33,299,grocery,1,android,0
T014692,U01425,2026-04-19 02:30:39,2867,shopping,2,android,0
T010871,U01403,2026-01-22 02:39:44,2574,fuel,2,android,0
T000715,U00911,2026-01-18 02:46:10,559,fuel,1,android,0
T014416,U01976,2026-07-23 15:16:48,456,recharge,1,android,0
T005548,U01656,2026-08-31 15:11:47,5810,transfer,2,android,0
T007882,U00817,2026-07-16 09:50:39,1362,fuel,1,android,0
T003324,U01164,2026-04-16 10:16:57,2009,shopping,3,android,0
T006255,U01153,2026-01-14 15:07:56,1230,fuel,1,android,0
T014912,U01040,2026-02-14 18:19:30,518,recharge,3,ios,0
T007787,U01277,2026-03-31 02:35:31,540,grocery,3,android,0
T013128,U00562,2026-02-11 08:49:21,603,grocery,1,android,0
T002738,U01604,2026-09-07 12:00:52,3349,transfer,2,android,0
T005003,U00766,2026-08-02 09:05:55,2805,shopping,2,android,0
T009838,U01091,2026-05-26 17:04:34,758,shopping,1,android,0
T003595,U01153,2026-07-26 13:33:56,866,fuel,1,android,0
T014937,U01182,2026-04-12 21:15:28,24286,transfer,3,ios,0
T010052,U00996,2026-09-30 01:28:19,8574,transfer,3,ios,0
T005681,U01237,2026-01-27 09:16:09,4165,shopping,3,ios,0
T002361,U00340,2026-03-06 15:35:31,1055,grocery,1,android,0
T014508,U00356,2026-06-29 21:11:33,157,recharge,2,android,0
T006565,U00107,2026-09-08 09:44:21,1398,transfer,1,ios,0
T009394,U00475,2026-02-23 05:57:08,840,grocery,1,android,0
T001620,U01329,2026-01-03 21:19:31,417,recharge,2,ios,0
T013339,U00351,2026-01-11 03:21:36,578,recharge,3,android,0
T003566,U01245,2026-09-12 12:50:36,184,recharge,1,ios,0
T006713,U01268,2026-01-03 06:12:07,1015,fuel,1,ios,0
T014362,U00793,2026-08-26 17:15:42,652,fuel,2,android,0
T002362,U01071,2026-07-01 17:54:30,940,grocery,2,ios,0
T008226,U00789,2026-04-22 07:39:00,1621,shopping,3,android,0
T004709,U00620,2026-07-27 09:20:59,467,grocery,1,ios,0
T005257,U01149,2026-05-10 17:31:58,547,transfer,1,ios,0
T011342,U01741,2026-05-01 03:44:55,2444,shopping,1,ios,0
T014510,U01764,2026-07-13 11:13:07,381,shopping,2,ios,0
T013674,U01577,2026-02-01 01:17:02,7593,fuel,1,ios,0
T013478,U00679,2026-02-05 10:30:30,438,grocery,2,android,0
T001558,U01073,2026-07-14 01:47:25,9082,transfer,1,ios,0
T002757,U00181,2026-07-27 05:40:38,252,recharge,1,ios,0
T001015,U01647,2026-05-17 05:30:58,289,recharge,2,ios,0
T008388,U01854,2026-06-10 06:37:34,6956,shopping,2,ios,0
T001293,U00080,2026-09-14 16:31:15,346,grocery,3,ios,0
T000832,U00992,2026-02-08 14:51:34,1947,transfer,2,android,0
T014303,U00624,2026-02-22 15:42:40,90,recharge,1,android,0
T001037,U01834,2026-01-03 12:07:32,5255,fuel,2,android,0
T002616,U00878,2026-05-31 05:25:44,1144,transfer,3,android,0
T007433,U00474,2026-08-17 09:42:18,700,grocery,1,ios,0
T005438,U00827,2026-09-15 20:38:45,824,fuel,3,android,0
T009662,U00599,2026-04-10 17:28:36,988,grocery,3,ios,0
T009473,U01122,2026-08-30 06:27:55,1161,shopping,2,android,0
T002507,U00167,2026-04-25 15:47:25,776,fuel,1,ios,0
T002124,U00149,2026-01-19 15:55:56,3492,fuel,3,android,0
T010490,U00449,2026-03-14 19:18:56,146,recharge,1,android,0
T014127,U01940,2026-09-13 11:43:23,613,recharge,1,android,0
T001222,U01772,2026-08-02 15:01:38,850,fuel,3,ios,0
T002646,U01713,2026-04-02 11:38:22,351,grocery,2,ios,0
T004482,U00485,2026-02-06 02:44:58,55,recharge,3,ios,0
T008037,U01539,2026-09-08 15:05:50,80,fuel,3,ios,0
T007255,U01901,2026-08-21 13:09:48,141,grocery,1,android,0
T002974,U00988,2026-05-18 07:40:50,694,fuel,1,ios,0
T005109,U01263,2026-08-15 02:38:00,1646,fuel,1,ios,0
T006446,U01043,2026-02-11 23:03:01,11936,transfer,2,ios,0
T012593,U01340,2026-05-30 21:30:24,682,fuel,2,web,0
T012394,U01762,2026-01-06 08:03:03,1231,shopping,1,ios,0
T005665,U00318,2026-06-28 05:46:43,8514,shopping,1,android,0
T000980,U00888,2026-04-16 12:11:04,18225,transfer,2,ios,0
T010293,U01226,2026-09-26 11:57:17,3941,transfer,3,android,0
T005394,U00573,2026-07-07 19:54:28,185,recharge,3,ios,0
T000792,U01201,2026-06-14 06:07:54,325,grocery,3,ios,0
T009584,U01070,2026-04-07 00:00:41,3358,shopping,2,android,0
T013905,U00837,2026-01-27 15:24:54,2761,grocery,3,android,0
T010177,U01130,2026-09-03 04:46:15,25377,transfer,2,android,0
T015072,U00798,2026-07-07 05:37:00,1000,transfer,3,web,1
T006541,U00492,2026-03-14 09:35:42,1888,grocery,3,android,0
T004468,U00217,2026-05-03 07:34:31,125,recharge,3,ios,0
T000974,U00241,2026-08-27 10:56:28,312,recharge,2,android,0
T008516,U00771,2026-02-19 18:32:13,225,grocery,1,ios,0
T000108,U00154,2026-09-08 21:02:03,723,grocery,1,android,0
T011511,U01645,2026-06-06 08:35:03,3065,fuel,3,web,0
T011458,U01086,2026-02-13 10:20:49,17059,shopping,1,android,0
T012689,U00600,2026-08-05 06:20:58,375,recharge,1,web,0
T003877,U00313,2026-08-04 17:48:55,3720,transfer,3,web,0
T008735,U00019,2026-05-17 18:43:05,224,grocery,2,ios,0
T011237,U00427,2026-04-17 15:35:12,174,grocery,2,android,0
T011068,U01999,2026-01-26 02:33:24,5116,fuel,3,ios,0
T001167,U00363,2026-02-16 09:08:17,441,fuel,1,ios,0
T008155,U01258,2026-01-22 17:36:29,957,shopping,3,ios,0
T003104,U01910,2026-05-15 02:42:53,1200,grocery,3,android,1
T013067,U00727,2026-04-28 05:05:42,7799,transfer,3,ios,0
T001791,U01269,2026-07-23 16:55:31,1331,fuel,2,ios,0
T001359,U01736,2026-05-18 22:18:09,124,recharge,1,ios,0
T011437,U00206,2026-09-04 16:33:49,271,grocery,1,ios,0
T013857,U00946,2026-08-30 18:33:23,305,grocery,2,ios,0
T007588,U00613,2026-05-11 22:37:33,2114,grocery,1,ios,0
T008087,U01698,2026-01-04 17:11:12,724,fuel,1,android,0
T007430,U01975,2026-04-28 23:58:07,6097,shopping,1,android,0
T002496,U01299,2026-03-28 03:16:11,7596,transfer,3,ios,0
T004129,U01002,2026-09-01 19:12:56,5172,shopping,2,android,0
T002058,U01624,2026-04-27 21:29:57,1324,fuel,2,android,0
T009643,U00346,2026-07-10 06:51:09,2608,shopping,3,android,0
T011128,U01046,2026-03-01 03:59:48,330,recharge,2,android,0
T000928,U01964,2026-06-01 17:02:27,7071,transfer,3,android,0
T013311,U00127,2026-03-15 03:15:48,470,recharge,1,ios,0
T000243,U01759,2026-09-01 08:30:40,331,fuel,3,ios,0
T013800,U01543,2026-02-10 11:34:40,732,shopping,1,android,0
T008300,U01722,2026-05-25 12:59:47,346,recharge,2,ios,0
T001676,U01299,2026-05-05 23:47:19,2068,shopping,1,ios,0
T006646,U01001,2026-02-18 20:50:18,3294,fuel,2,android,0
T000408,U01608,2026-06-22 08:16:27,837,grocery,1,ios,0
T006048,U01062,2026-02-11 16:36:46,1920,shopping,1,ios,0
T012449,U00112,2026-05-31 04:15:48,3626,fuel,3,ios,0
T003607,U00258,2026-06-22 19:53:38,5400,grocery,3,android,0
T007466,U01906,2026-06-12 06:23:02,365,recharge,1,ios,0
T013909,U01562,2026-08-02 06:16:26,9003,transfer,3,ios,0
T007375,U01854,2026-09-02 22:52:06,4505,shopping,2,ios,0
T004058,U00175,2026-05-08 22:42:01,1501,shopping,2,android,0
T011667,U01790,2026-03-07 07:55:18,2122,transfer,1,android,0
T004839,U01470,2026-08-12 09:45:31,90,recharge,2,ios,0
T001574,U01668,2026-07-24 13:17:06,56,recharge,3,ios,0
T011826,U00444,2026-03-27 08:20:22,242,fuel,2,ios,0
T007722,U01628,2026-02-21 11:38:20,6327,transfer,1,ios,0
T013127,U01614,2026-01-09 08:25:41,760,fuel,3,ios,0
T014645,U01225,2026-05-09 03:44:26,1405,shopping,2,android,0
T004419,U01439,2026-05-05 06:58:22,820,grocery,1,android,0
T012602,U00733,2026-07-12 17:36:12,2203,fuel,2,android,0
T001492,U01422,2026-07-15 22:23:02,1000,fuel,3,ios,1
T006421,U00783,2026-05-26 09:23:58,1487,fuel,1,android,0
T014535,U01918,2026-01-19 08:54:29,11947,transfer,3,android,0
T007172,U01542,2026-05-18 16:29:51,1089,transfer,2,ios,0
T003955,U01620,2026-07-28 14:12:04,5833,transfer,1,ios,0
T010822,U01772,2026-04-25 13:48:09,4418,fuel,2,ios,0
T008760,U00812,2026-06-20 11:49:42,6932,shopping,1,ios,0
T008940,U01421,2026-01-23 06:37:09,10714,transfer,2,ios,0
T005902,U00337,2026-07-24 16:30:41,436,recharge,1,ios,0
T009229,U01639,2026-02-14 17:36:39,1063,recharge,1,android,0
T010182,U01808,2026-09-15 21:21:18,16606,transfer,3,ios,0
T011445,U00211,2026-05-12 00:23:55,1393,fuel,1,android,0
T007319,U01073,2026-02-02 09:57:47,2246,fuel,2,ios,0
T002585,U00389,2026-09-29 07:27:05,1289,fuel,3,android,0
T007545,U01214,2026-04-14 06:29:00,155,recharge,2,android,0
T011232,U00168,2026-01-07 18:52:17,3009,shopping,1,android,0
T004077,U01533,2026-06-27 06:07:52,47,recharge,3,android,0
T013937,U00968,2026-06-13 00:02:14,171,recharge,2,android,0
T013619,U00257,2026-05-07 02:36:52,500,recharge,2,ios,0
T003237,U01544,2026-05-21 15:06:35,1786,shopping,1,ios,0
T014632,U00994,2026-07-03 04:11:31,8573,fuel,1,ios,0
T006027,U01110,2026-03-08 01:53:46,98,recharge,2,android,0
T014188,U00124,2026-03-07 03:42:25,197,grocery,1,android,0
T002776,U01586,2026-06-22 01:01:28,513,recharge,1,android,0
T006182,U01272,2026-02-11 09:50:07,49,recharge,3,ios,0
T011762,U01790,2026-08-10 15:26:12,135,grocery,3,android,0
T008862,U01214,2026-03-20 19:15:39,375,grocery,3,android,0
T000320,U01949,2026-06-02 09:38:09,430,fuel,1,ios,0
T009988,U00922,2026-07-16 19:55:16,436,recharge,1,android,0
T000477,U00998,2026-02-04 14:51:23,269,grocery,1,android,1
T010679,U01136,2026-06-28 11:28:11,2766,fuel,3,ios,0
T012254,U01165,2026-08-20 09:58:48,4284,transfer,1,android,0
T009979,U00048,2026-07-29 15:11:36,780,fuel,3,android,0
T000960,U01518,2026-03-28 23:14:25,5080,transfer,1,ios,0
T004770,U01425,2026-04-19 02:02:15,454,recharge,3,android,0
T013963,U01062,2026-03-30 14:15:12,1440,fuel,3,ios,0
T011177,U01594,2026-07-18 12:32:39,1521,shopping,3,android,0
T002638,U00743,2026-02-14 03:33:47,3237,shopping,2,android,0
T005777,U01569,2026-09-15 12:02:00,5374,shopping,2,ios,0
T012491,U00565,2026-09-06 00:12:46,686,shopping,2,ios,0
T007491,U00753,2026-04-02 15:44:51,619,grocery,2,ios,0
T008399,U00932,2026-02-03 05:03:12,941,transfer,3,ios,0
T005271,U00505,2026-09-03 19:50:36,3120,transfer,2,android,0
T008107,U00418,2026-01-01 05:05:44,1069,transfer,1,ios,0
T011180,U01725,2026-01-16 19:38:41,844,shopping,2,android,0
T011653,U00806,2026-09-30 22:35:12,3179,shopping,3,android,0
T003507,U00680,2026-08-12 02:13:40,375,recharge,3,android,0
T006357,U00630,2026-06-22 06:53:37,8978,transfer,3,ios,0
T014713,U01025,2026-04-20 11:44:09,5592,transfer,3,ios,0
T014870,U00172,2026-06-01 23:36:53,3240,transfer,2,ios,0
T007858,U01763,2026-07-01 21:45:32,431,grocery,2,android,0
T011142,U01297,2026-05-20 23:00:24,368,fuel,3,web,0
T013796,U01633,2026-05-10 09:04:41,103,recharge,2,android,0
T005499,U01982,2026-05-16 03:44:36,1571,fuel,1,ios,0
T008771,U00024,2026-04-11 18:00:45,157,recharge,2,ios,0
T013108,U00849,2026-01-19 14:02:21,466,grocery,1,android,0
T000694,U00504,2026-08-21 19:52:20,397,recharge,2,ios,0
T014585,U01368,2026-08-28 22:57:11,4122,transfer,3,web,0
T009478,U00664,2026-02-04 17:30:02,406,recharge,2,android,0
T004485,U00635,2026-05-11 15:24:02,2530,recharge,2,android,0
T006375,U01688,2026-04-05 06:54:27,4405,shopping,2,android,0
T009298,U01368,2026-07-29 13:36:16,1371,transfer,2,ios,0
T011294,U00128,2026-08-06 12:24:55,3665,transfer,1,ios,0
T007862,U01929,2026-03-29 00:28:47,2093,transfer,3,android,0
T005368,U00212,2026-09-12 00:52:05,376,shopping,3,android,0
T012707,U01561,2026-05-04 19:05:11,1740,grocery,1,android,0
T005301,U01397,2026-06-17 20:04:03,2973,grocery,3,android,0
T007607,U00570,2026-06-13 00:18:12,2392,shopping,3,ios,0
T005746,U01001,2026-07-08 02:42:00,611,fuel,1,android,0
T009729,U00925,2026-02-25 10:53:14,340,grocery,1,ios,0
T007038,U01748,2026-05-02 00:26:41,590,recharge,3,ios,0
T011831,U00325,2026-07-31 17:39:27,412,recharge,1,ios,0
T002367,U01468,2026-06-30 18:58:49,7776,shopping,2,ios,0
T004547,U00812,2026-04-16 02:49:39,184,recharge,3,ios,0
T005540,U01773,2026-04-03 22:44:52,528,grocery,3,ios,0
T006322,U01800,2026-07-07 10:31:03,11191,fuel,2,web,0
T004549,U00847,2026-08-09 18:54:04,215,grocery,1,android,0
T010934,U01784,2026-07-23 00:53:09,835,fuel,2,android,0
T000388,U01967,2026-04-09 07:09:55,1483,fuel,1,ios,0
T012799,U00711,2026-01-16 22:49:13,4707,transfer,1,android,0
T008737,U00392,2026-05-01 19:07:13,14399,transfer,2,android,0
T012074,U00707,2026-04-21 17:26:05,18590,transfer,2,android,0
T001265,U00855,2026-06-08 18:10:41,250,grocery,2,ios,0
T008584,U01685,2026-04-17 01:34:49,1726,transfer,1,ios,0
T000210,U00446,2026-04-23 20:23:49,211,fuel,1,android,0
T002098,U01917,2026-09-29 04:28:29,2179,fuel,3,android,0
T014938,U01509,2026-07-31 01:46:55,8931,shopping,3,android,0
T001740,U00798,2026-05-31 08:50:54,805,grocery,1,ios,0
T003577,U01267,2026-07-06 01:50:56,496,grocery,3,android,0
T001642,U00325,2026-07-23 14:39:44,459,grocery,1,ios,0
T009760,U00832,2026-06-04 16:13:01,3126,transfer,3,ios,0
T000942,U00224,2026-06-04 03:47:39,1342,grocery,1,android,0
T014378,U00964,2026-05-19 19:14:42,995,grocery,2,ios,0
T001153,U01778,2026-05-23 15:14:57,6900,transfer,3,android,0
T005744,U01229,2026-04-13 01:13:33,2049,shopping,3,ios,0
T006021,U00882,2026-08-21 19:25:02,615,grocery,1,ios,1
T010110,U00660,2026-05-28 14:25:54,96,recharge,3,android,0
T000762,U00560,2026-03-26 03:32:00,1640,fuel,2,ios,0
T000497,U00759,2026-09-01 14:54:23,3829,transfer,3,ios,0
T013929,U01824,2026-08-04 02:26:14,1634,shopping,3,ios,0
T012632,U01375,2026-04-19 02:29:02,2827,shopping,3,ios,0
T007601,U00416,2026-03-07 07:16:53,10104,transfer,2,ios,0
T002426,U00328,2026-08-20 04:34:31,1428,grocery,1,ios,0
T013379,U00057,2026-06-04 07:33:27,1179,shopping,1,ios,0
T005348,U00179,2026-06-08 16:42:26,187,recharge,3,ios,0
T013595,U00182,2026-01-08 10:25:45,698,shopping,3,android,0
T010615,U00027,2026-05-20 07:50:25,7592,shopping,3,android,0
T007804,U01436,2026-06-08 11:14:27,911,shopping,3,ios,0
T010191,U00899,2026-02-03 03:26:20,1306,transfer,3,android,0
T006377,U01474,2026-07-06 23:11:21,546,grocery,2,ios,0
T000374,U00473,2026-07-05 02:15:16,697,grocery,2,ios,0
T006611,U01866,2026-04-09 12:31:24,1058,grocery,3,ios,0
T000566,U00649,2026-08-11 08:26:49,1485,transfer,3,ios,0
T010003,U01085,2026-07-07 14:01:52,1551,fuel,3,android,0
T010795,U00736,2026-04-28 23:24:46,950,fuel,3,android,0
T002729,U01547,2026-02-28 12:56:52,3118,transfer,2,android,0
T012057,U00747,2026-01-12 13:58:34,598,fuel,1,ios,0
T005210,U01180,2026-02-02 21:00:58,1020,recharge,2,ios,0
T013440,U00425,2026-08-31 23:19:31,152,recharge,1,ios,0
T007700,U00610,2026-06-22 23:38:23,268,recharge,3,ios,0
T009856,U00293,2026-05-09 20:19:37,488,grocery,2,ios,0
T012519,U01490,2026-01-13 10:43:14,800,transfer,1,ios,0
T013710,U01166,2026-01-04 20:13:59,1106,grocery,3,ios,0
T004121,U01864,2026-04-06 11:51:32,689,recharge,1,android,0
T001450,U01962,2026-01-24 12:29:15,3927,shopping,3,android,0
T001214,U01619,2026-01-08 00:27:06,452,recharge,1,ios,0
T007006,U00665,2026-04-08 14:01:19,14066,transfer,3,android,0
T002389,U01828,2026-07-05 17:28:16,1843,transfer,3,ios,0
T011509,U01547,2026-08-09 20:39:13,456,grocery,2,android,0
T005965,U00011,2026-07-21 05:37:07,3078,transfer,2,android,0
T013717,U00319,2026-01-29 10:46:13,16407,grocery,3,android,0
T012522,U01603,2026-01-19 02:48:53,620,grocery,1,ios,0
T008694,U00948,2026-01-15 10:42:31,1209,fuel,1,ios,0
T005634,U01985,2026-04-27 16:13:27,1513,shopping,1,ios,0
T002202,U01093,2026-08-15 21:52:59,858,grocery,2,ios,0
T004311,U00099,2026-09-21 01:35:26,649,fuel,1,android,0
T002316,U01726,2026-04-11 04:51:27,668,grocery,3,ios,0
T011987,U00012,2026-08-10 14:09:18,170,grocery,1,android,0
T011809,U01079,2026-02-16 21:28:42,636,recharge,1,ios,0
T010984,U00533,2026-03-06 21:02:11,1407,recharge,2,ios,0
T006364,U00464,2026-05-20 16:39:51,1833,fuel,2,ios,0
T003208,U00707,2026-02-01 15:31:05,1295,grocery,1,android,0
T005977,U01873,2026-06-24 10:02:01,10134,transfer,2,ios,0
T005933,U00902,2026-05-19 03:00:22,7895,shopping,1,ios,0
T010465,U01531,2026-03-28 02:02:08,185,recharge,2,ios,0
T004405,U01690,2026-07-17 19:31:50,655,grocery,1,ios,0
T007852,U00721,2026-08-17 01:41:40,842,fuel,1,ios,0
T006367,U01140,2026-05-01 16:56:09,805,recharge,2,android,0
T013723,U01566,2026-05-04 12:36:37,167,grocery,3,ios,0
T014422,U01985,2026-09-21 17:35:23,321,recharge,1,ios,0
T003286,U01695,2026-04-06 15:26:01,598,shopping,1,android,0
T013179,U01421,2026-08-18 19:54:16,8250,shopping,3,ios,0
T014521,U00187,2026-01-31 08:35:16,510,fuel,1,android,0
T011991,U00461,2026-05-07 20:18:01,3934,grocery,1,android,0
T004349,U01561,2026-06-13 20:55:03,180,recharge,3,android,0
T000700,U00812,2026-07-11 20:31:09,425,grocery,2,ios,0
T006533,U00773,2026-04-12 16:38:05,327,fuel,1,android,0
T007188,U00801,2026-09-02 19:22:54,3250,fuel,2,ios,0
T000091,U01476,2026-08-10 23:06:04,201,recharge,2,ios,0
T003026,U00367,2026-01-28 10:01:53,3125,transfer,1,ios,0
T005102,U01443,2026-03-28 14:32:48,561,fuel,3,android,0
T014831,U00137,2026-09-08 20:47:28,1782,fuel,1,android,0
T012041,U01765,2026-06-22 11:15:49,11189,transfer,2,ios,0
T007994,U01303,2026-01-02 09:18:03,631,grocery,1,ios,0
T011863,U00680,2026-04-04 06:14:03,3313,transfer,1,android,0
T013060,U00770,2026-02-04 15:05:37,2963,shopping,2,ios,0
T000988,U00406,2026-07-13 15:45:50,571,fuel,1,ios,0
T004578,U00282,2026-08-15 13:48:10,1660,transfer,3,ios,0
T006103,U01509,2026-06-21 19:58:38,317,recharge,2,android,0
T002465,U01163,2026-03-09 04:04:20,350,grocery,2,android,0
T000230,U00680,2026-03-11 03:00:25,2236,grocery,1,android,0
T012478,U00957,2026-02-11 08:47:41,1018,grocery,2,ios,0
T009694,U00388,2026-04-02 09:17:22,1384,grocery,3,android,0
T011529,U00433,2026-05-15 05:28:24,4005,transfer,1,android,0
T003382,U00319,2026-02-15 04:37:57,2526,fuel,2,android,0
T009635,U01699,2026-02-04 21:14:20,11303,shopping,1,android,0
T008767,U01336,2026-08-03 07:23:51,1258,grocery,1,ios,0
T005680,U01802,2026-06-10 12:23:59,5706,transfer,2,android,0
T004079,U00469,2026-04-19 16:28:50,3145,fuel,1,android,0
T005588,U00337,2026-04-04 04:55:53,5133,transfer,1,ios,0
T011003,U01489,2026-07-22 05:04:18,5285,transfer,1,android,0
T007311,U01445,2026-09-28 20:41:47,1144,fuel,2,android,0
T011972,U01570,2026-02-13 11:38:08,1827,grocery,1,android,0
T004251,U00009,2026-03-31 07:46:59,162,recharge,3,ios,0
T002921,U01592,2026-05-28 17:51:32,5695,transfer,2,android,0
T001048,U01608,2026-09-08 13:05:05,152,recharge,2,ios,0
T013729,U00953,2026-01-24 06:08:36,849,grocery,2,ios,0
T001360,U00186,2026-03-30 00:26:23,782,fuel,2,ios,0
T014359,U00039,2026-05-23 05:49:02,2768,shopping,3,ios,0
T006872,U01453,2026-04-23 16:32:43,1376,shopping,1,android,0
T002227,U01748,2026-06-29 03:06:23,73,recharge,1,ios,0
T012937,U01756,2026-07-07 13:50:19,2121,fuel,3,android,0
T003494,U00340,2026-04-21 09:03:40,426,grocery,2,web,0
T009025,U00865,2026-02-14 07:08:17,5010,shopping,3,ios,0
T006698,U01319,2026-03-06 11:53:51,443,grocery,1,web,0
T007844,U01387,2026-02-11 10:20:05,507,shopping,3,ios,0
T004567,U00219,2026-03-14 12:10:56,1535,shopping,3,android,0
T006181,U01649,2026-07-29 21:24:56,56,recharge,2,ios,0
T009274,U01049,2026-02-11 04:56:42,3082,grocery,1,ios,0
T006952,U01813,2026-05-22 21:05:05,596,recharge,3,android,0
T010623,U00576,2026-08-15 17:13:41,1599,grocery,3,ios,0
T008131,U01761,2026-02-08 22:42:14,3989,shopping,2,ios,0
T008530,U00208,2026-01-20 02:52:54,2559,transfer,2,ios,0
T004579,U01966,2026-09-21 16:25:30,2355,shopping,3,android,0
T004617,U00616,2026-09-15 22:41:16,1633,transfer,1,ios,0
T012742,U00407,2026-08-03 15:49:28,393,grocery,3,android,0
T002074,U00589,2026-03-28 05:44:41,524,recharge,2,ios,0
T012388,U00561,2026-06-30 06:49:58,965,fuel,1,ios,0
T003015,U00991,2026-02-06 02:20:05,1161,fuel,2,ios,0
T003840,U01355,2026-08-18 19:29:49,839,grocery,2,ios,0
T000846,U00561,2026-03-28 07:17:32,648,grocery,1,android,0
T007438,U00661,2026-03-29 16:27:48,389,recharge,1,android,0
T014927,U00394,2026-01-23 18:15:24,412,fuel,2,ios,0
T010763,U01695,2026-02-02 10:57:23,310,fuel,1,android,0
T011553,U01001,2026-07-28 01:26:19,3965,shopping,2,android,0
T004610,U01553,2026-05-20 16:42:14,2498,shopping,3,android,0
T000926,U00134,2026-05-01 02:40:29,967,fuel,3,ios,1
T012333,U01220,2026-04-30 02:48:32,3411,shopping,3,android,0
T011412,U00573,2026-08-19 02:59:48,4232,transfer,3,ios,0
T006045,U00979,2026-05-10 02:51:46,9304,shopping,1,android,0
T007532,U01091,2026-03-11 21:03:09,745,grocery,3,android,0
T007484,U01720,2026-03-22 16:29:17,1015,fuel,2,ios,0
T004791,U00175,2026-09-14 04:53:40,1931,fuel,2,android,0
T013742,U00783,2026-05-08 18:33:52,7111,shopping,2,android,0
T010716,U01414,2026-08-22 18:35:41,658,grocery,1,ios,0
T012378,U00090,2026-02-12 02:10:45,2269,fuel,3,android,0
T001950,U01705,2026-01-07 04:58:06,5000,grocery,1,android,1
T002855,U00175,2026-05-30 16:00:10,1995,shopping,3,android,0
T001315,U01906,2026-08-25 18:29:41,1294,fuel,3,ios,0
T001955,U00962,2026-05-23 15:20:14,4639,grocery,3,ios,0
T010216,U01946,2026-02-10 19:38:51,1145,grocery,1,android,0
T003553,U00146,2026-06-17 13:48:35,442,recharge,2,ios,0
T014553,U00528,2026-02-22 10:38:38,623,fuel,1,ios,0
T008719,U00195,2026-03-01 13:35:53,266,grocery,2,web,0
T012496,U00858,2026-03-09 06:52:33,339,grocery,2,ios,0
T006226,U00890,2026-06-13 10:13:46,99,recharge,1,ios,0
T013141,U00390,2026-09-06 08:09:35,10597,transfer,1,ios,0
T014067,U01528,2026-05-17 11:13:12,361,recharge,2,ios,0
T003847,U00615,2026-07-11 12:35:11,2182,transfer,2,ios,0
T006164,U00804,2026-09-09 22:33:34,662,grocery,3,ios,0
T004310,U00588,2026-01-26 14:45:40,688,grocery,3,ios,0
T015085,U00517,2026-03-01 08:30:00,2000,transfer,2,web,1
T012839,U00408,2026-05-17 16:38:12,1793,fuel,2,android,0
T003471,U01531,2026-03-07 00:23:02,600,grocery,1,ios,0
T009204,U01056,2026-06-24 08:27:00,4138,shopping,3,web,0
T010453,U00801,2026-05-19 10:02:06,1371,transfer,1,ios,0
T001573,U00942,2026-05-25 12:22:33,128,recharge,3,android,0
T007050,U01563,2026-03-07 03:45:22,7222,transfer,1,ios,0
T005989,U00748,2026-08-23 21:04:07,1190,transfer,3,ios,0
T007589,U01365,2026-06-04 22:37:48,315,recharge,1,ios,0
T002396,U00695,2026-01-30 21:27:13,792,recharge,2,android,0
T006956,U00926,2026-09-04 16:09:43,391,grocery,1,android,0
T008094,U00795,2026-02-06 11:22:00,9435,fuel,1,android,0
T008579,U00431,2026-08-22 19:15:57,2011,fuel,1,android,0
T014066,U01019,2026-03-30 15:02:06,679,recharge,1,ios,0
T009397,U01116,2026-07-09 11:17:06,3058,grocery,1,web,0
T004750,U00238,2026-07-14 11:20:19,949,fuel,2,ios,0
T004569,U01111,2026-01-07 03:24:07,17604,shopping,2,ios,0
T006353,U00233,2026-04-05 02:41:59,1081,fuel,3,android,0
T010482,U00230,2026-05-18 03:37:35,570,shopping,2,ios,0
T004325,U00110,2026-07-05 15:09:03,13397,transfer,3,ios,0
T007770,U01144,2026-01-18 10:32:30,1567,grocery,3,android,0
T003025,U00275,2026-09-23 18:51:28,371,recharge,2,ios,0
T012523,U00419,2026-02-01 06:08:03,2271,fuel,2,ios,0
T011422,U01207,2026-02-16 12:34:17,1805,fuel,3,ios,0
T013817,U00004,2026-09-07 21:18:41,1018,fuel,3,android,0
T006949,U01923,2026-05-20 17:58:27,3629,transfer,1,android,0
T006287,U01000,2026-01-04 02:39:45,2299,grocery,1,ios,0
T004014,U01447,2026-06-23 21:14:00,69,recharge,1,android,0
T001018,U00501,2026-06-17 06:36:22,1069,shopping,3,android,0
T011926,U01001,2026-06-14 21:57:31,1482,fuel,2,android,0
T009278,U01054,2026-06-25 07:56:29,739,grocery,1,android,0
T000951,U01522,2026-06-28 03:00:44,1139,recharge,1,android,0
T000435,U01762,2026-06-15 07:51:01,7086,transfer,3,ios,0
T002223,U00626,2026-02-24 08:21:51,2419,fuel,3,ios,0
T006339,U00904,2026-03-06 12:05:14,2089,grocery,3,android,0
T010310,U00897,2026-06-14 03:36:08,1406,shopping,3,ios,0
T010441,U00404,2026-09-02 02:40:30,358,grocery,2,android,0
T007560,U01363,2026-04-29 21:00:07,1209,fuel,2,ios,0
T007229,U00368,2026-05-31 15:49:30,257,recharge,2,android,0
T013944,U01244,2026-09-16 07:33:23,6620,shopping,3,ios,0
T006107,U01234,2026-03-23 08:52:14,2234,fuel,3,ios,0
T007407,U01097,2026-01-25 00:09:32,1864,fuel,3,ios,0
T000810,U01839,2026-07-27 14:18:16,1200,grocery,3,android,0
T013561,U00476,2026-08-17 03:39:40,2173,transfer,1,ios,0
T008361,U00045,2026-05-27 02:06:25,160,recharge,2,android,0
T006705,U00425,2026-02-07 07:26:43,2948,fuel,1,ios,0
T000239,U00584,2026-05-04 09:58:46,2420,shopping,1,android,0
T002155,U01228,2026-06-30 02:00:05,3315,shopping,2,ios,1
T010767,U00920,2026-04-07 18:26:17,9209,shopping,3,ios,0
T013794,U00878,2026-06-02 10:55:02,393,recharge,1,android,0
T000176,U00889,2026-07-10 08:47:47,1147,fuel,2,ios,0
T005565,U01969,2026-01-28 08:32:32,525,fuel,2,android,0
T007480,U01178,2026-01-20 21:58:19,8375,transfer,3,ios,0
T014249,U01850,2026-04-24 12:35:20,8177,grocery,1,android,0
T001836,U01353,2026-09-16 07:35:22,12898,fuel,2,android,0
T010576,U01305,2026-03-30 04:01:09,7708,grocery,1,android,0
T004803,U01482,2026-07-18 12:29:10,192,grocery,3,ios,0
T004433,U01255,2026-08-14 02:00:07,2325,grocery,2,ios,0
T010500,U00344,2026-03-25 19:51:19,406,shopping,1,ios,0
T007262,U01120,2026-09-28 10:05:47,10882,transfer,1,ios,0
T004158,U01589,2026-01-17 02:29:17,2317,recharge,3,ios,0
T000780,U01040,2026-05-01 23:02:43,419,grocery,2,ios,0
T006124,U00809,2026-03-01 21:48:56,3406,transfer,1,ios,0
T000180,U01121,2026-03-21 19:21:05,675,recharge,2,ios,0
T013254,U01796,2026-01-25 07:19:22,1019,fuel,2,ios,0
T004537,U01862,2026-04-14 23:48:14,8467,shopping,1,ios,0
T002755,U00203,2026-02-22 12:26:59,1297,grocery,2,android,0
T005606,U00371,2026-08-08 17:32:38,503,grocery,3,ios,0
T001696,U01552,2026-03-30 23:10:17,513,recharge,1,android,0
T008028,U00063,2026-05-11 21:37:51,534,recharge,2,android,0
T000100,U00268,2026-05-03 08:05:45,4432,fuel,2,android,0
T008378,U01907,2026-06-11 08:27:54,853,grocery,1,android,0
T009908,U00190,2026-07-28 20:52:14,364,grocery,3,android,0
T000296,U00276,2026-07-08 23:37:44,1235,shopping,3,android,0
T004458,U00731,2026-09-22 02:40:02,1164,fuel,1,ios,0
T005424,U00167,2026-09-30 02:10:05,10731,transfer,3,ios,0
T010113,U00934,2026-09-24 10:53:37,178,recharge,1,ios,0
T004276,U00634,2026-02-27 02:28:00,23972,shopping,1,ios,0
T011549,U01768,2026-02-11 17:06:11,815,grocery,3,web,0
T012413,U00313,2026-08-11 04:23:24,869,fuel,3,android,0
T010324,U01157,2026-09-24 13:20:59,2282,shopping,2,ios,0
T011620,U00904,2026-07-02 11:22:29,20251,transfer,2,android,0
T004403,U01788,2026-05-30 10:51:43,2000,transfer,3,android,1
T003497,U01656,2026-01-19 00:43:33,13146,transfer,2,android,0
T007832,U00096,2026-01-25 13:15:54,3871,shopping,3,android,0
T007903,U01907,2026-05-30 05:10:35,273,grocery,2,android,0
T001547,U01733,2026-03-30 18:31:18,2708,grocery,2,android,0
T013105,U01851,2026-03-18 11:39:05,408,grocery,1,android,0
T001226,U00202,2026-06-12 10:33:18,3416,transfer,3,android,0
T002932,U00916,2026-02-25 02:24:12,5494,fuel,3,android,0
T011726,U01187,2026-05-25 06:00:28,5500,transfer,2,android,0
T001835,U00897,2026-03-25 03:27:22,1278,fuel,1,ios,0
T000077,U01621,2026-02-02 17:15:17,566,fuel,1,ios,0
T004025,U01100,2026-03-28 16:26:04,1314,grocery,3,ios,0
T007024,U00432,2026-06-27 04:38:13,129,recharge,3,ios,0
T008660,U01125,2026-06-23 23:37:05,458,recharge,3,ios,0
T011535,U01334,2026-07-04 00:58:00,10009,fuel,3,ios,0
T014979,U00764,2026-05-15 06:53:00,2458,fuel,1,ios,0
T002958,U01361,2026-09-21 09:18:58,3456,shopping,2,ios,0
T000644,U01761,2026-05-12 03:54:57,1889,shopping,1,ios,0
T014434,U00371,2026-06-23 06:19:42,387,recharge,3,ios,0
T003509,U01247,2026-05-31 03:20:24,1222,shopping,2,android,0
T003701,U01579,2026-06-05 19:11:34,5044,shopping,1,android,0
T011140,U00569,2026-08-28 21:43:03,383,grocery,3,ios,0
T012767,U01865,2026-06-27 07:37:34,386,recharge,3,ios,0
T009363,U00206,2026-06-12 08:00:45,6731,transfer,3,ios,0
T011724,U01709,2026-01-31 17:41:02,349,recharge,3,ios,0
T014038,U01579,2026-08-04 11:56:32,324,shopping,2,android,0
T001262,U01610,2026-03-03 00:34:57,859,fuel,1,ios,0
T004908,U01899,2026-09-14 02:39:47,890,grocery,2,ios,0
T014497,U01892,2026-06-25 17:12:26,3064,transfer,1,android,0
T006980,U01574,2026-02-24 23:17:16,383,recharge,2,android,0
T000460,U00143,2026-03-11 07:12:05,6432,transfer,1,android,0
T010825,U01331,2026-05-29 03:46:19,1447,shopping,1,android,0
T014499,U01783,2026-02-24 01:00:19,66,recharge,2,android,0
T012806,U01001,2026-08-31 21:00:05,1063,recharge,3,android,0
T009209,U01241,2026-02-09 07:29:36,1264,grocery,3,ios,0
T006087,U00465,2026-09-16 07:34:05,4477,grocery,2,ios,0
T000736,U01019,2026-03-11 17:40:26,264,recharge,2,ios,0
T007503,U00282,2026-09-19 10:49:16,464,recharge,1,ios,0
T014484,U00083,2026-06-08 02:22:40,5955,transfer,1,ios,0
T009646,U00349,2026-05-28 17:30:05,4663,transfer,3,ios,0
T002990,U00823,2026-05-14 19:06:58,1733,fuel,3,web,0
T007800,U00904,2026-08-23 02:44:00,2248,grocery,3,android,0
T003905,U00654,2026-03-11 01:30:08,1299,transfer,1,android,0
T013073,U01145,2026-02-14 13:55:56,1019,shopping,1,ios,0
T001924,U00065,2026-05-23 16:40:12,2683,transfer,2,ios,0
T003974,U01645,2026-02-03 06:15:47,382,recharge,3,android,0
T002742,U00372,2026-04-24 10:51:51,5602,transfer,3,android,0
T009366,U01107,2026-04-11 17:28:23,3294,grocery,1,android,0
T007605,U01615,2026-07-20 14:11:13,157,grocery,3,android,0
T012515,U00783,2026-02-08 23:52:47,263,recharge,1,android,0
T012509,U01564,2026-06-22 00:43:17,381,transfer,3,ios,0
T009986,U00114,2026-07-20 10:03:05,1171,grocery,3,ios,0
T009172,U01837,2026-02-10 00:17:56,9136,shopping,1,ios,0
T001661,U01285,2026-03-16 18:38:45,1371,shopping,1,android,0
T005321,U01354,2026-07-27 00:30:47,1034,recharge,2,ios,0
T000978,U01939,2026-03-18 20:20:31,64873,transfer,1,ios,0
T007911,U01805,2026-02-08 06:57:52,4023,transfer,2,ios,0
T006010,U01700,2026-04-19 15:36:12,3168,transfer,2,android,0
T003281,U01349,2026-03-10 08:46:31,1026,grocery,3,android,0
T013164,U01258,2026-07-28 10:25:51,2424,grocery,3,ios,0
T004552,U01896,2026-07-04 00:22:45,309,recharge,1,android,0
T006856,U00460,2026-03-04 16:00:17,1210,grocery,1,android,0
T002164,U00531,2026-09-17 17:53:02,2728,shopping,3,ios,0
T001069,U00021,2026-07-28 05:54:36,742,fuel,2,android,0
T008396,U01581,2026-05-20 18:00:16,971,grocery,3,ios,0
T007249,U00208,2026-03-10 20:55:06,402,recharge,1,web,0
T000718,U01039,2026-03-17 21:19:35,1001,shopping,1,android,0
T003042,U01752,2026-02-03 00:17:25,3281,grocery,2,ios,0
T005825,U00464,2026-03-13 13:54:27,85,fuel,1,ios,0
T013588,U00814,2026-06-30 06:11:25,1066,grocery,1,android,0
T008270,U01931,2026-07-29 17:48:12,12245,transfer,1,ios,0
T010327,U01657,2026-02-13 05:52:20,654,recharge,2,android,0
T003770,U00568,2026-07-22 06:43:05,5086,shopping,3,ios,0
T000938,U01950,2026-06-10 11:14:57,302,recharge,2,ios,0
T005919,U00175,2026-07-16 19:05:04,912,grocery,3,android,0
T004689,U00869,2026-02-02 00:49:31,526,grocery,2,ios,0
T002049,U00750,2026-05-26 04:38:48,1448,shopping,2,ios,0
T000674,U00692,2026-08-24 05:37:25,2589,transfer,2,ios,0
T006739,U00944,2026-04-04 16:07:04,10178,shopping,1,ios,0
T009495,U01198,2026-06-27 23:36:52,13991,transfer,2,ios,0
T005785,U00266,2026-08-28 10:18:41,225,recharge,3,ios,0
T011020,U00812,2026-06-21 21:40:16,2635,fuel,3,ios,0
T010338,U01566,2026-06-11 08:25:54,2868,shopping,1,ios,0
T014624,U01294,2026-05-13 10:25:50,90,recharge,2,ios,0
T013106,U00971,2026-09-15 22:53:53,20171,transfer,2,android,0
T009659,U01295,2026-06-16 15:28:11,792,grocery,1,ios,0
T002914,U00209,2026-01-25 18:43:56,2160,fuel,2,android,0
T000557,U01108,2026-01-13 06:31:10,858,shopping,1,ios,0
T002126,U00600,2026-09-12 18:34:48,630,fuel,2,android,0
T007313,U01504,2026-02-24 21:32:57,4737,fuel,1,android,0
T001032,U00862,2026-08-06 01:24:37,6093,transfer,2,android,0
T010041,U01900,2026-02-12 22:42:28,503,recharge,1,web,0
T007271,U00539,2026-03-12 16:51:44,423,grocery,1,android,0
T001943,U01893,2026-03-24 08:49:57,446,grocery,3,android,0
T011395,U01412,2026-06-12 21:36:14,159,recharge,2,android,0
T008758,U00826,2026-02-15 04:11:53,261,recharge,1,web,0
T004710,U01630,2026-06-04 05:52:03,2000,grocery,3,android,1
T005066,U00037,2026-03-12 21:07:26,237,shopping,1,ios,0
T008924,U01225,2026-02-22 09:13:30,5415,fuel,1,android,0
T006894,U01801,2026-06-29 08:16:35,619,grocery,1,android,0
T014594,U01644,2026-06-09 10:55:53,15531,transfer,3,ios,0
T012640,U01433,2026-03-12 19:04:34,393,grocery,3,ios,0
T001256,U00362,2026-04-21 04:47:41,808,recharge,3,android,0
T009947,U00448,2026-01-08 18:13:08,834,recharge,3,ios,0
T005923,U01101,2026-04-03 21:05:14,2045,recharge,2,ios,0
T001363,U01639,2026-01-27 22:45:16,3140,shopping,3,android,0
T011415,U01588,2026-03-28 13:15:10,7642,fuel,3,android,0
T003419,U00238,2026-05-05 00:28:35,304,recharge,1,ios,0
T011645,U01749,2026-09-04 06:23:59,541,fuel,3,ios,0
T011953,U01917,2026-06-14 02:42:16,1238,grocery,1,android,0
T000043,U00341,2026-09-08 12:07:35,3945,shopping,1,android,0
T001012,U01971,2026-05-10 17:36:37,1626,grocery,3,ios,0
T008790,U00779,2026-06-04 01:50:07,3138,fuel,1,android,0
T007835,U01320,2026-03-11 14:36:27,9956,shopping,2,android,0
T001345,U00500,2026-06-20 11:18:34,596,grocery,3,android,0
T003099,U01144,2026-02-24 21:33:43,1032,fuel,3,android,0
T012821,U00980,2026-06-12 18:47:18,1149,recharge,2,ios,0
T009246,U00815,2026-04-20 18:13:23,462,fuel,3,android,0
T011652,U00751,2026-08-13 19:00:45,621,grocery,2,android,0
T013071,U00534,2026-08-26 01:38:13,6604,shopping,2,android,0
T002980,U01504,2026-07-14 13:53:56,802,grocery,3,android,0
T004628,U00008,2026-06-11 20:00:25,73,recharge,2,android,0
T011139,U01559,2026-01-03 20:00:38,2465,transfer,1,android,0
T014492,U00168,2026-08-28 18:42:25,445,grocery,2,android,0
T008072,U01152,2026-02-26 15:18:22,879,shopping,1,android,0
T004136,U01677,2026-06-05 14:31:48,281,recharge,2,android,0
T012408,U01223,2026-05-08 15:07:41,1872,fuel,3,android,0
T003775,U00397,2026-03-10 20:14:23,4842,transfer,2,ios,0
T005751,U01696,2026-09-07 02:21:28,6054,transfer,2,ios,0
T003682,U00523,2026-04-01 19:15:37,6506,transfer,1,android,0
T014197,U00493,2026-05-10 19:55:23,1141,fuel,2,android,0
T013263,U01057,2026-06-19 11:14:04,119,recharge,2,android,0
T003008,U01743,2026-09-03 11:45:46,56,recharge,3,android,0
T001569,U01301,2026-03-18 05:58:04,107,recharge,1,android,0
T013876,U01581,2026-05-31 04:07:43,208,recharge,3,ios,0
T013677,U01431,2026-08-18 09:55:23,1120,recharge,3,android,0
T013776,U01177,2026-07-15 00:43:31,257,grocery,3,android,0
T010515,U01555,2026-01-20 17:39:04,973,shopping,2,web,0
T001495,U00520,2026-05-19 20:16:28,6288,transfer,1,android,0
T009871,U00685,2026-02-10 19:37:04,704,grocery,2,android,0
T011239,U01045,2026-04-14 02:33:43,1370,shopping,2,android,0
T013517,U01665,2026-02-14 18:23:52,971,grocery,3,ios,0
T013244,U00865,2026-05-01 14:43:44,465,grocery,1,ios,0
T001389,U01847,2026-04-24 07:49:31,808,grocery,2,ios,0
T014333,U00346,2026-01-27 16:57:32,353,recharge,1,android,0
T004954,U01294,2026-05-31 03:14:07,2440,fuel,1,ios,0
T003798,U00904,2026-01-13 15:16:38,674,recharge,2,android,0
T005840,U01021,2026-06-16 01:27:45,569,recharge,1,android,0
T003322,U01626,2026-09-18 16:30:28,129,recharge,1,ios,0
T004313,U01362,2026-08-23 21:59:53,10000,fuel,3,android,1
T013112,U01705,2026-08-17 20:52:28,1887,shopping,3,android,0
T013300,U00335,2026-07-30 16:27:18,2638,fuel,3,android,0
T003098,U01720,2026-04-29 14:47:02,467,transfer,1,ios,0
T007714,U01220,2026-09-16 21:16:33,2125,grocery,3,ios,0
T014876,U01171,2026-03-20 04:32:40,264,fuel,3,ios,0
T007916,U01656,2026-06-02 10:57:23,6820,shopping,1,android,0
T008407,U00621,2026-05-19 00:16:57,18243,transfer,2,android,0
T014121,U01958,2026-02-23 13:49:34,586,fuel,2,android,0
T008515,U01269,2026-05-11 14:19:17,374,grocery,3,ios,0
T011058,U00473,2026-03-06 12:04:09,455,grocery,3,ios,0
T003064,U01928,2026-02-23 17:23:50,728,recharge,3,ios,0
T011781,U00426,2026-06-08 13:53:01,537,fuel,3,android,0
T007818,U01940,2026-07-01 18:25:50,10026,transfer,1,android,0
T013620,U00892,2026-07-14 08:57:06,432,grocery,2,ios,0
T002360,U01887,2026-03-22 00:22:01,2339,grocery,3,android,0
T005382,U00232,2026-09-28 14:50:07,61,recharge,2,android,0
T005852,U00493,2026-09-03 11:16:24,2502,shopping,2,android,0
T002791,U01049,2026-06-04 17:59:36,370,recharge,1,ios,0
T014791,U01862,2026-09-17 19:40:45,7427,transfer,2,ios,0
T006641,U01111,2026-04-25 01:21:15,206,recharge,1,ios,0
T014857,U00754,2026-02-05 02:00:17,2799,grocery,1,ios,0
T008018,U01537,2026-09-24 02:24:12,430,grocery,1,ios,0
T006440,U00783,2026-04-20 19:11:23,7694,transfer,3,android,0
T004478,U00876,2026-01-27 23:45:50,1394,fuel,2,ios,0
T010019,U01866,2026-04-30 08:29:58,3430,transfer,3,ios,0
T005966,U01646,2026-08-05 22:55:40,2643,transfer,1,android,0
T003523,U00386,2026-01-30 17:00:44,180,grocery,1,android,0
T014974,U00356,2026-01-12 07:36:51,845,grocery,2,android,0
T001151,U01422,2026-02-06 18:48:13,223,grocery,3,ios,0
T005142,U00759,2026-04-23 19:13:29,153,recharge,3,ios,0
T012869,U01177,2026-03-27 06:17:05,4955,shopping,3,android,0
T012617,U00340,2026-01-08 15:19:31,2645,fuel,1,android,0
T009325,U00056,2026-05-09 02:07:58,14621,transfer,1,ios,0
T001094,U00308,2026-01-31 00:35:41,10652,transfer,3,android,0
T007546,U00440,2026-07-09 15:36:41,638,grocery,2,ios,0
T007889,U01508,2026-09-02 05:51:43,6180,shopping,3,android,0
T004336,U01529,2026-09-24 02:49:08,9269,transfer,3,ios,0
T006683,U00960,2026-01-08 13:08:01,3253,transfer,3,android,0
T007933,U00550,2026-06-06 15:34:49,1573,grocery,1,ios,0
T011689,U00697,2026-05-26 22:22:47,289,recharge,2,ios,0
T005463,U00504,2026-07-08 09:58:00,2506,fuel,2,ios,0
T000105,U00613,2026-06-07 01:12:31,1025,recharge,1,ios,0
T004300,U01129,2026-08-19 03:12:36,1061,recharge,2,android,0
T009304,U00281,2026-04-11 21:19:40,212,recharge,3,android,0
T008856,U00633,2026-04-24 05:55:04,25119,transfer,2,android,0
T001301,U01745,2026-07-19 21:40:08,1575,shopping,1,android,0
T011429,U01692,2026-06-02 10:55:13,10442,shopping,2,ios,0
T012085,U00897,2026-02-19 18:47:11,1661,transfer,3,ios,0
T010893,U01456,2026-05-25 08:14:37,278,recharge,3,android,0
T004049,U01613,2026-08-19 22:47:41,322,grocery,1,ios,0
T004830,U01348,2026-02-15 15:11:42,220,recharge,1,ios,0
T013218,U00322,2026-07-12 11:53:33,2085,fuel,2,ios,0
T004407,U01564,2026-03-02 14:49:19,12093,grocery,1,ios,0
T014942,U01539,2026-06-30 09:19:33,1102,transfer,3,ios,0
T013870,U00208,2026-01-02 19:09:25,3705,shopping,2,ios,0
T013815,U00257,2026-03-06 17:08:04,510,recharge,2,ios,0
T008701,U01610,2026-08-14 01:58:25,1947,recharge,2,ios,0
T007531,U01922,2026-05-05 10:44:49,164,grocery,2,android,0
T008339,U00175,2026-01-17 22:49:19,99,recharge,3,android,0
T002748,U01011,2026-04-08 11:54:45,3795,shopping,1,android,0
T011485,U01587,2026-07-31 15:57:46,6743,shopping,3,ios,0
T008373,U01069,2026-03-20 09:32:57,781,shopping,2,ios,0
T006291,U00958,2026-08-02 17:32:48,3848,transfer,2,android,0
T003599,U00619,2026-04-15 14:34:05,528,grocery,3,android,0
T012822,U00216,2026-03-21 19:15:23,16989,transfer,3,ios,0
T009599,U00753,2026-03-17 21:08:07,830,recharge,2,ios,0
T007358,U01910,2026-09-20 13:18:48,7682,shopping,1,android,0
T009504,U00967,2026-07-23 15:06:02,927,grocery,1,android,0
T013185,U01114,2026-07-24 18:07:44,37,recharge,1,android,0
T014346,U00439,2026-05-04 06:28:53,558,grocery,3,android,0
T006344,U00498,2026-03-03 15:31:32,3527,transfer,2,android,0
T009895,U01001,2026-07-17 13:28:03,6799,transfer,3,android,0
T010371,U01790,2026-08-20 13:17:33,396,grocery,2,android,0
T004762,U00820,2026-08-21 02:00:41,1357,grocery,1,ios,0
T011292,U00014,2026-06-08 22:25:30,693,shopping,3,android,0
T008349,U01291,2026-08-17 04:59:43,3275,transfer,3,ios,0
T008084,U01632,2026-05-20 14:03:32,3596,shopping,1,ios,0
T005189,U00825,2026-01-08 07:32:38,1638,fuel,2,ios,0
T007074,U01471,2026-07-21 07:47:03,7589,transfer,2,android,0
T014209,U00941,2026-02-05 03:28:38,2688,transfer,1,android,0
T001477,U01188,2026-09-30 23:17:09,2774,shopping,2,ios,0
T000444,U01036,2026-08-28 03:39:04,74,grocery,2,ios,0
T005132,U01296,2026-08-10 21:55:00,4042,recharge,2,ios,0
T005322,U00935,2026-06-01 17:38:42,302,grocery,3,ios,0
T011886,U01229,2026-01-23 16:44:47,906,fuel,3,ios,0
T005123,U00903,2026-01-23 02:06:08,10000,recharge,2,ios,1
T000613,U01715,2026-06-28 17:41:02,1339,recharge,1,android,0
T005807,U00518,2026-09-30 17:24:59,4587,shopping,2,ios,0
T005922,U00696,2026-01-14 01:27:19,1493,transfer,2,android,0
T013138,U00599,2026-08-10 14:53:35,1960,shopping,2,ios,0
T006136,U01911,2026-04-14 23:34:00,15294,shopping,1,ios,0
T001238,U01542,2026-09-25 15:45:17,1003,fuel,2,ios,0
T006916,U00864,2026-07-24 21:17:28,343,recharge,1,ios,0
T010744,U00434,2026-04-22 08:41:56,1159,shopping,3,ios,0
T006993,U00639,2026-07-23 12:11:34,2970,fuel,3,android,0
T008801,U00137,2026-01-10 11:30:15,391,grocery,3,android,0
T008855,U01397,2026-01-07 06:05:49,4310,fuel,2,android,0
T005143,U00121,2026-09-08 17:28:25,595,grocery,3,android,0
T012990,U01488,2026-07-05 00:23:57,1168,recharge,3,web,0
T010397,U00241,2026-03-18 02:07:51,38,recharge,1,android,0
T009536,U01392,2026-08-20 18:21:22,1265,fuel,1,ios,0
T001697,U00383,2026-01-10 00:50:13,488,recharge,1,android,0
T014072,U01168,2026-01-31 00:24:49,1894,grocery,3,android,0
T011528,U00797,2026-05-07 10:30:40,3672,fuel,3,android,0
T009211,U01636,2026-07-12 02:37:13,2129,fuel,3,ios,0
T010666,U00464,2026-09-13 05:55:55,8686,shopping,3,ios,0
T007803,U00532,2026-04-06 17:04:11,1363,transfer,1,ios,0
T014868,U00594,2026-05-27 03:20:21,2811,transfer,2,ios,0
T009815,U01398,2026-08-17 11:27:42,728,grocery,3,ios,0
T008573,U01064,2026-03-23 02:37:27,641,grocery,2,ios,0
T001994,U00324,2026-01-31 15:46:23,3283,transfer,3,android,0
T006679,U00951,2026-03-26 15:20:55,860,grocery,3,ios,0
T008887,U01813,2026-04-12 13:04:54,172,recharge,1,android,0
T000426,U00361,2026-02-12 05:34:24,607,recharge,2,ios,0
T014842,U01366,2026-01-23 20:10:48,235,recharge,3,ios,0
T006674,U00037,2026-03-04 23:58:20,237,recharge,3,ios,0
T001196,U00385,2026-02-06 01:25:40,390,grocery,1,ios,0
T004068,U00258,2026-03-22 17:42:01,4940,transfer,2,android,0
T012574,U00390,2026-04-16 19:48:26,747,recharge,1,ios,0
T001364,U00708,2026-08-21 21:46:47,631,grocery,3,ios,0
T011482,U00525,2026-06-08 17:33:50,387,fuel,3,android,0
T002322,U00769,2026-04-21 01:19:34,3834,shopping,3,ios,0
T001785,U01246,2026-07-15 22:06:21,243,recharge,1,android,0
T006160,U01130,2026-04-16 13:33:49,2834,grocery,3,ios,0
T009410,U00755,2026-03-31 02:15:27,58,recharge,2,android,0
T002084,U01266,2026-01-20 03:35:33,675,recharge,1,android,0
T003228,U01158,2026-07-13 00:23:53,4710,transfer,1,ios,0
T002881,U01836,2026-05-31 10:15:27,13644,shopping,2,android,0
T000135,U00424,2026-02-01 19:41:59,1432,fuel,3,android,0
T010013,U00546,2026-09-20 23:30:45,1083,fuel,3,android,0
T008074,U00877,2026-04-18 05:10:12,1974,recharge,3,android,0
T003048,U00470,2026-02-22 16:57:00,36989,transfer,2,ios,0
T014652,U01822,2026-06-17 16:12:40,2596,grocery,3,android,0
T013690,U01252,2026-07-10 11:10:54,1907,transfer,1,ios,0
T013399,U01566,2026-09-04 16:36:45,262,recharge,3,web,0
T005458,U00046,2026-09-30 19:23:28,631,fuel,1,android,0
T008406,U01579,2026-03-13 21:01:50,4114,transfer,3,android,0
T009285,U00703,2026-05-03 17:26:15,266,recharge,1,ios,0
T001021,U01936,2026-08-14 01:29:18,313,recharge,2,ios,0
T012006,U00550,2026-06-14 18:50:08,6952,fuel,2,ios,0
T009633,U01312,2026-02-18 23:33:02,11870,transfer,2,android,0
T005716,U00438,2026-02-10 07:46:34,1069,shopping,3,ios,0
T014265,U01982,2026-09-11 20:59:36,803,grocery,1,ios,0
T015018,U01573,2026-02-08 14:26:00,1000,transfer,2,web,1
T012663,U01275,2026-04-19 06:38:51,1902,shopping,3,ios,0
T011361,U00218,2026-03-27 19:15:15,8768,shopping,1,ios,0
T001099,U00920,2026-02-18 15:42:21,11940,transfer,1,ios,0
T013374,U00780,2026-05-31 21:29:42,590,grocery,1,android,0
T008322,U01653,2026-01-20 00:20:26,417,grocery,1,ios,0
T012983,U01037,2026-04-18 14:55:30,481,recharge,3,ios,0
T008141,U00456,2026-09-26 04:59:40,5465,grocery,2,android,0
T003041,U01104,2026-01-07 08:52:10,2134,shopping,3,android,0
T001026,U01954,2026-03-18 09:37:56,221,grocery,3,ios,0
T004453,U00352,2026-03-07 14:32:54,784,shopping,3,web,0
T012934,U00421,2026-07-27 04:02:05,2752,shopping,2,android,0
T012656,U01584,2026-07-20 23:20:54,6237,shopping,2,ios,0
T002868,U00444,2026-07-07 17:52:47,4589,grocery,2,ios,0
T012044,U01499,2026-05-04 00:51:16,6513,shopping,3,android,0
T010644,U01915,2026-07-06 21:24:26,3925,shopping,1,ios,0
T013155,U01689,2026-02-26 02:03:39,8203,transfer,2,android,0
T012372,U00733,2026-08-16 05:17:34,966,grocery,1,android,0
T011650,U00431,2026-06-03 19:29:26,9306,shopping,2,android,0
T011244,U01041,2026-01-05 15:28:11,3753,transfer,3,android,0
T009475,U01932,2026-09-11 23:43:39,169,recharge,3,ios,0
T011519,U00441,2026-05-29 23:04:34,488,recharge,3,ios,0
T003313,U00764,2026-07-10 20:23:54,470,grocery,3,ios,0
T008011,U00449,2026-01-02 00:16:56,1990,shopping,2,android,0
T003399,U01041,2026-09-01 23:58:52,523,fuel,3,android,0
T013432,U00168,2026-06-28 12:37:06,1994,fuel,3,android,0
T014560,U00562,2026-01-22 21:35:10,2165,grocery,3,android,0
T005776,U00532,2026-05-26 14:02:21,1991,transfer,1,ios,0
T012545,U00892,2026-04-02 05:41:18,478,recharge,1,ios,0
T007694,U00727,2026-06-12 23:13:13,946,recharge,2,ios,0
T010873,U00498,2026-08-02 22:53:23,1165,recharge,3,android,0
T014539,U01985,2026-06-29 04:06:55,983,fuel,3,ios,0
T014154,U00301,2026-08-13 08:53:24,181,grocery,3,android,0
T015024,U00549,2026-01-21 16:09:00,2000,transfer,1,web,1
T009309,U01984,2026-01-01 04:00:11,3167,grocery,2,android,0
T001003,U01526,2026-06-28 01:30:13,724,grocery,1,android,1
T001693,U00610,2026-06-13 00:49:00,2365,fuel,1,ios,0
T011696,U00318,2026-02-28 17:03:56,1135,shopping,2,android,0
T010436,U00299,2026-01-16 12:52:32,1459,transfer,3,android,0
T009383,U00812,2026-01-16 16:19:30,443,recharge,3,ios,0
T002826,U01796,2026-02-26 02:50:12,86,fuel,2,ios,0
T003718,U00886,2026-08-29 02:23:32,30085,shopping,3,android,0
T005881,U00201,2026-07-04 18:52:45,7421,transfer,2,android,0
T014082,U01468,2026-01-12 09:32:11,647,transfer,3,ios,0
T012569,U01606,2026-07-21 05:04:51,5129,fuel,3,android,0
T009699,U00695,2026-05-21 08:29:22,104,recharge,2,android,0
T010875,U01802,2026-04-08 13:00:38,2498,grocery,2,android,0
T000322,U01364,2026-05-02 05:04:12,5964,fuel,2,android,0
T003871,U01672,2026-01-12 15:29:25,1725,transfer,2,android,0
T013646,U00213,2026-04-10 21:30:10,4289,transfer,3,ios,0
T008326,U00410,2026-07-27 13:50:20,601,grocery,3,android,0
T006399,U01376,2026-09-26 00:43:59,130,recharge,1,android,0
T011018,U00992,2026-06-05 02:59:44,866,grocery,3,android,0
T014792,U00325,2026-01-12 16:20:33,6694,transfer,3,android,0
T010926,U01017,2026-02-04 07:26:49,242,grocery,3,android,0
T003731,U01860,2026-02-04 01:01:08,868,fuel,2,ios,0
T010688,U01033,2026-04-12 02:09:49,734,shopping,1,ios,0
T010147,U01122,2026-04-06 23:28:21,608,shopping,3,android,0
T009468,U01756,2026-08-16 16:30:44,800,grocery,1,android,0
T007267,U00574,2026-02-14 23:21:44,2883,fuel,1,ios,0
T005295,U01276,2026-05-09 11:30:41,5040,fuel,2,ios,0
T005243,U00046,2026-04-25 07:07:58,3424,shopping,3,android,0
T007397,U00286,2026-01-09 02:56:33,1328,grocery,1,ios,0
T008052,U01225,2026-07-19 02:40:25,1450,shopping,2,android,0
T007777,U01407,2026-04-08 18:29:55,2464,transfer,1,ios,0
T010304,U01508,2026-06-28 12:19:15,728,shopping,1,android,0
T010987,U01645,2026-09-14 06:20:32,167,grocery,2,android,0
T003388,U00571,2026-07-30 13:00:16,1339,fuel,3,android,0
T008591,U00475,2026-04-30 23:30:35,1198,transfer,2,android,0
T000562,U00126,2026-05-23 07:11:22,323,grocery,3,android,0
T012780,U01577,2026-06-19 07:23:01,559,grocery,3,ios,0
T013826,U00251,2026-08-25 14:06:45,1915,fuel,2,android,0
T001401,U00964,2026-04-27 15:11:16,2114,grocery,3,ios,0
T004877,U01298,2026-07-18 11:06:48,143,recharge,3,android,0
T012730,U00218,2026-07-04 21:28:56,7734,transfer,1,ios,0
T005137,U00693,2026-06-11 02:53:54,1799,shopping,3,ios,0
T013163,U00309,2026-05-02 20:27:50,1318,shopping,1,ios,0
T011362,U01597,2026-02-01 03:51:14,824,grocery,2,android,0
T011740,U00973,2026-03-29 18:45:10,195,grocery,3,android,0
T014878,U00330,2026-01-26 08:10:48,54,recharge,3,android,0
T011744,U01464,2026-04-24 11:16:07,16544,transfer,2,ios,0
T002346,U01728,2026-05-19 08:46:24,148,recharge,3,ios,0
T009864,U00510,2026-09-27 04:05:01,922,grocery,3,ios,0
T012655,U00712,2026-01-01 16:56:50,1073,fuel,1,ios,0
T002897,U01597,2026-06-18 00:35:38,1491,fuel,1,android,0
T008990,U00834,2026-07-21 13:07:44,564,recharge,1,android,0
T011492,U00214,2026-03-01 23:52:49,1890,transfer,1,android,0
T014406,U00084,2026-02-05 19:58:10,968,fuel,2,android,0
T001551,U00552,2026-06-29 15:09:30,1709,fuel,3,ios,0
T008442,U00185,2026-06-07 06:08:56,2322,shopping,3,ios,0
T001088,U00086,2026-04-11 14:33:54,2668,shopping,3,ios,0
T008524,U00918,2026-04-11 06:50:38,421,grocery,1,android,0
T009917,U00453,2026-04-07 08:17:40,415,grocery,1,ios,0
T011804,U01489,2026-03-14 05:18:52,2741,grocery,2,android,0
T002425,U00293,2026-01-30 05:25:03,1438,fuel,2,ios,0
T012559,U00075,2026-07-29 22:58:48,881,fuel,3,android,0
T006517,U00585,2026-06-03 07:25:58,96,grocery,1,ios,0
T008272,U01527,2026-03-31 11:08:21,14121,transfer,2,ios,0
T005117,U00535,2026-07-09 12:14:57,131,recharge,1,android,0
T010959,U00266,2026-02-03 01:20:02,2570,recharge,2,ios,0
T011012,U01754,2026-06-18 22:49:42,2063,fuel,2,ios,0
T005566,U01323,2026-02-03 18:32:37,303,recharge,2,ios,0
T012755,U01176,2026-05-28 13:46:18,21,recharge,1,android,0
T008825,U01322,2026-07-19 01:18:00,212,recharge,2,android,0
T011750,U01487,2026-04-11 00:21:04,671,shopping,2,ios,0
T007376,U00648,2026-04-20 23:07:44,16604,transfer,1,ios,0
T012225,U01035,2026-01-24 19:22:20,2637,transfer,3,android,0
T008594,U01685,2026-01-25 00:31:42,2947,shopping,3,ios,0
T000816,U01392,2026-08-18 10:25:52,737,fuel,3,ios,0
T010755,U01302,2026-05-10 16:35:03,265,grocery,3,ios,0
T007069,U00467,2026-05-11 01:55:44,926,grocery,3,ios,0
T012926,U01063,2026-03-05 02:21:58,2735,fuel,1,web,0
T010274,U00588,2026-08-24 04:33:52,339,recharge,2,ios,0
T007736,U00374,2026-01-12 16:34:07,399,recharge,3,ios,0
T010179,U00865,2026-05-11 09:40:31,4850,fuel,1,ios,0
T002575,U00129,2026-01-28 13:49:34,234,recharge,3,android,0
T014219,U00961,2026-06-04 06:38:56,890,shopping,3,android,0
T002511,U01567,2026-03-28 08:02:27,509,recharge,1,android,0
T008872,U00498,2026-06-04 06:43:12,4055,grocery,1,android,0
T008926,U01670,2026-09-13 07:23:14,843,fuel,1,android,0
T014396,U00015,2026-07-19 21:10:31,2876,transfer,1,android,0
T009923,U00303,2026-02-13 02:32:41,1470,fuel,3,android,0
T005633,U01996,2026-05-14 13:16:07,3834,grocery,2,ios,0
T013220,U00244,2026-06-04 22:46:36,12498,transfer,1,ios,0
T013788,U01379,2026-02-21 14:52:04,3207,shopping,2,ios,0
T002836,U00600,2026-02-25 22:20:51,8448,transfer,3,android,0
T001948,U01933,2026-01-19 09:28:14,1473,grocery,3,ios,0
T010681,U00369,2026-05-08 00:46:46,179,grocery,3,android,0
T012744,U01388,2026-06-04 09:50:30,162,recharge,3,android,0
T009291,U00737,2026-07-26 00:43:25,12399,shopping,1,ios,0
T011364,U01074,2026-04-01 09:22:36,156,grocery,2,ios,0
T007625,U01640,2026-02-14 13:01:29,531,recharge,3,android,0
T006895,U01667,2026-07-04 00:32:50,7802,shopping,3,ios,0
T006447,U01655,2026-07-11 21:45:59,590,grocery,1,ios,0
T010745,U00694,2026-01-29 20:13:52,2571,shopping,3,ios,0
T012480,U01552,2026-08-26 10:08:32,1348,fuel,3,android,0
T000183,U01072,2026-04-25 16:52:21,470,fuel,2,ios,0
T003791,U00411,2026-07-05 23:11:59,615,recharge,3,android,0
T001349,U01654,2026-09-30 16:27:39,4129,shopping,1,ios,0
T007755,U01029,2026-08-20 11:56:30,383,recharge,2,android,0
T009742,U01939,2026-01-25 10:23:21,980,shopping,2,ios,0
T002283,U01956,2026-07-31 06:19:05,3352,fuel,1,ios,0
T008082,U00191,2026-09-09 06:46:57,1422,grocery,2,ios,0
T012877,U01154,2026-03-04 03:18:44,2658,transfer,3,ios,0
T009872,U00752,2026-01-31 11:51:33,149,recharge,1,ios,0
T000407,U01797,2026-04-28 12:42:14,800,fuel,2,ios,0
T001172,U00177,2026-02-05 04:05:47,1461,shopping,2,ios,0
T005091,U00886,2026-01-03 12:28:07,263,recharge,2,android,0
T009919,U01051,2026-07-18 22:36:29,4716,shopping,3,ios,0
T008558,U01738,2026-07-03 16:03:26,283,recharge,1,android,0
T007344,U00026,2026-07-19 10:16:00,106,recharge,3,android,0
T004927,U00794,2026-06-20 04:52:43,50000,shopping,2,ios,1
T012454,U01952,2026-06-25 23:30:36,350,grocery,3,android,0
T010600,U01223,2026-07-11 17:00:40,2583,shopping,2,android,0
T005571,U01829,2026-03-27 10:02:49,3692,transfer,3,ios,0
T008600,U00828,2026-03-18 13:07:36,3501,fuel,1,ios,0
T003063,U01001,2026-05-26 09:02:37,8698,transfer,2,android,0
T007408,U00180,2026-07-02 13:47:01,18464,transfer,3,ios,0
T010671,U00522,2026-05-28 04:35:14,10113,transfer,3,android,0
T011487,U00742,2026-05-11 07:31:52,1592,fuel,3,android,0
T000805,U01654,2026-08-24 15:26:28,272,recharge,3,ios,0
T014854,U00971,2026-07-06 02:34:22,700,grocery,1,android,0
T009675,U00054,2026-04-12 17:58:13,3674,transfer,2,ios,0
T005314,U01403,2026-01-30 05:14:37,2230,fuel,1,android,0
T001490,U00667,2026-07-23 03:50:28,445,recharge,3,android,0
T000604,U00085,2026-07-15 15:15:35,2458,shopping,1,android,0
T007754,U00011,2026-09-27 20:30:13,5648,transfer,3,android,0
T004564,U00975,2026-03-15 03:54:55,1696,shopping,2,ios,0
T002893,U00452,2026-04-05 03:43:06,9954,transfer,2,ios,0
T009770,U00219,2026-07-27 18:23:28,12045,transfer,3,ios,0
T005156,U00857,2026-07-11 01:37:34,243,grocery,2,android,0
T001186,U01954,2026-03-05 16:49:58,3186,shopping,2,ios,0
T001840,U01907,2026-08-20 13:00:44,508,fuel,3,android,0
T003801,U01600,2026-03-23 04:19:06,467,grocery,2,android,0
T014880,U01011,2026-04-30 18:03:16,3031,transfer,2,android,0
T003624,U00850,2026-06-27 05:26:26,1117,recharge,2,ios,0
T009785,U01013,2026-04-15 02:23:45,25677,transfer,1,ios,0
T013412,U01605,2026-08-26 18:32:05,1562,shopping,2,android,0
T004267,U01848,2026-03-11 03:23:30,898,recharge,3,android,0
T001073,U01079,2026-07-15 12:27:04,117,recharge,2,ios,0
T006749,U00719,2026-04-15 07:02:47,1039,grocery,3,android,0
T013083,U00138,2026-07-03 16:00:04,4688,shopping,3,ios,0
T002162,U00824,2026-09-17 13:42:25,2242,fuel,2,android,0
T005065,U01348,2026-05-29 07:10:28,586,grocery,1,ios,0
T008520,U01527,2026-09-11 10:45:13,9046,transfer,3,ios,0
T006041,U00893,2026-03-23 16:36:19,667,shopping,2,ios,0
T001505,U01589,2026-03-12 22:40:49,1935,fuel,2,ios,0
T003506,U00543,2026-07-12 08:54:15,2004,fuel,2,android,0
T000504,U00963,2026-04-24 12:06:04,2223,shopping,3,ios,0
T003188,U00702,2026-06-24 19:39:35,1121,grocery,1,android,0
T009442,U00468,2026-04-16 16:52:55,142,recharge,1,android,0
T010650,U01573,2026-03-09 11:57:59,2691,shopping,3,ios,0
T001954,U01931,2026-06-23 01:25:13,7402,fuel,2,ios,1
T014899,U01334,2026-07-19 20:20:16,6699,transfer,3,ios,0
T009962,U00241,2026-01-01 05:28:27,5469,shopping,3,android,0
T007077,U00802,2026-03-23 10:55:03,243,recharge,3,android,0
T011759,U00527,2026-07-24 21:31:12,143,recharge,2,android,0
T013809,U01169,2026-06-15 05:22:05,396,fuel,1,android,0
T008725,U00334,2026-01-20 14:14:19,241,fuel,1,android,0
T003314,U01245,2026-04-28 22:24:41,63,recharge,2,ios,0
T013008,U01738,2026-01-24 10:25:38,2120,transfer,3,android,0
T003132,U01533,2026-06-14 19:42:07,493,grocery,3,android,0
T013874,U01607,2026-06-15 18:18:13,1298,fuel,1,ios,0
T010912,U01192,2026-01-23 12:52:45,353,recharge,2,ios,0
T013210,U00098,2026-06-01 22:41:06,1699,fuel,2,ios,0
T011523,U00939,2026-01-28 11:45:24,3188,shopping,3,ios,0
T010125,U00767,2026-07-15 07:44:32,646,grocery,2,ios,0
T014474,U00310,2026-07-24 23:41:38,1870,fuel,1,ios,0
T006135,U01587,2026-08-17 16:02:00,2442,grocery,1,ios,0
T010357,U01203,2026-02-25 11:51:52,535,recharge,1,android,0
T008770,U01333,2026-08-22 07:55:50,558,fuel,1,ios,0
T012322,U00578,2026-04-25 12:33:27,3472,transfer,2,ios,0
T004656,U00050,2026-01-18 15:32:57,234,recharge,1,android,0
T000032,U01172,2026-03-07 19:52:14,1125,shopping,1,android,0
T007204,U00665,2026-06-11 20:24:31,113,recharge,1,android,0
T008451,U00026,2026-04-14 09:15:00,2746,grocery,2,android,0
T007363,U00762,2026-08-04 21:15:26,7550,transfer,2,ios,0
T008626,U00956,2026-02-09 08:40:24,955,transfer,3,android,0
T000117,U00361,2026-09-28 22:21:03,879,fuel,3,ios,0
T013898,U01163,2026-05-25 16:37:28,976,recharge,1,android,0
T010669,U00859,2026-06-08 08:42:43,22747,shopping,1,android,0
T003020,U01847,2026-02-08 18:55:50,1116,grocery,1,ios,0
T000019,U01132,2026-09-30 22:59:29,1812,transfer,1,ios,0
T003585,U01767,2026-04-06 08:49:34,9542,transfer,2,ios,0
T008394,U01768,2026-07-05 10:22:07,523,fuel,3,ios,0
T004190,U01494,2026-05-31 03:25:04,1521,transfer,2,android,0
T014095,U01246,2026-09-16 17:32:08,1301,fuel,2,android,0
T012733,U01478,2026-04-11 21:39:54,8678,shopping,1,android,0
T012236,U00878,2026-05-09 17:40:57,363,recharge,2,android,0
T003128,U00973,2026-05-19 19:20:30,375,recharge,1,android,0
T004788,U01177,2026-09-23 14:10:21,345,recharge,2,android,0
T007506,U00204,2026-01-27 16:16:43,1504,fuel,2,android,0
T003231,U01106,2026-04-01 00:47:46,229,fuel,2,android,0
T011633,U01817,2026-01-25 05:06:57,1200,fuel,1,android,0
T003218,U00239,2026-07-27 02:59:21,3055,grocery,2,android,0
T001801,U01799,2026-02-20 22:12:02,5311,fuel,1,android,0
T009749,U01993,2026-03-05 12:13:15,593,fuel,1,ios,0
T001358,U00827,2026-05-31 11:18:22,5350,shopping,3,android,0
T001165,U01172,2026-08-24 22:44:29,1194,grocery,3,android,0
T000796,U00350,2026-02-22 04:03:56,848,fuel,2,ios,0
T009491,U00598,2026-05-04 15:55:04,133,recharge,2,ios,0
T000624,U00846,2026-08-09 18:36:03,1692,grocery,2,ios,0
T010619,U00066,2026-04-16 22:07:29,7541,transfer,3,ios,0
T002498,U00291,2026-03-19 13:27:41,2996,shopping,1,android,0
T007236,U00053,2026-07-01 22:28:47,138,recharge,2,ios,0
T006159,U00538,2026-07-25 04:02:22,2916,shopping,2,android,0
T000284,U00589,2026-05-13 19:36:16,756,grocery,2,ios,0
T005647,U00624,2026-02-22 11:49:17,1853,grocery,3,android,0
T008263,U00861,2026-05-29 01:18:54,653,recharge,2,ios,0
T012218,U00034,2026-06-18 20:25:42,409,recharge,2,ios,0
T012533,U00252,2026-08-30 04:25:17,3376,transfer,3,ios,0
T013203,U00019,2026-08-16 14:16:54,219,grocery,2,ios,0
T008505,U01547,2026-09-03 18:52:07,8172,shopping,3,android,0
T006310,U00584,2026-07-08 22:01:28,1047,fuel,2,android,0
T008556,U01297,2026-03-28 02:54:52,316,recharge,1,android,0
T010091,U01736,2026-02-10 18:30:30,1411,fuel,2,ios,0
T004323,U00978,2026-06-13 03:17:40,25276,transfer,1,ios,0
T011157,U01468,2026-04-15 08:14:22,2731,transfer,2,ios,0
T014104,U01705,2026-04-19 04:18:59,12012,transfer,2,android,0
T002873,U01398,2026-08-31 09:26:03,65,recharge,1,ios,0
T009819,U01938,2026-04-06 00:03:42,4129,transfer,2,android,0
T012101,U00932,2026-09-06 06:31:06,36,grocery,1,ios,0
T002741,U00024,2026-04-12 20:28:55,1539,fuel,2,android,0
T007537,U01918,2026-04-20 06:05:57,340,recharge,3,android,0
T002453,U01404,2026-06-19 07:07:44,12783,transfer,1,android,0
T013528,U01647,2026-06-16 07:44:19,3036,shopping,2,ios,0
T007338,U00016,2026-08-14 17:44:33,639,grocery,2,android,0
T007102,U00934,2026-06-07 03:01:02,389,fuel,3,ios,0
T004081,U00555,2026-01-16 16:52:51,536,grocery,3,android,0
T006153,U01655,2026-07-08 05:33:54,503,fuel,3,ios,0
T004213,U01116,2026-03-16 00:39:04,430,grocery,1,android,0
T010356,U00391,2026-07-06 03:02:29,1287,grocery,1,ios,0
T010230,U00873,2026-06-20 18:29:01,2793,fuel,2,android,0
T014363,U00637,2026-08-19 19:12:55,2880,fuel,1,android,0
T006283,U00580,2026-05-23 16:31:36,1692,recharge,1,ios,0
T007949,U00602,2026-03-13 08:37:04,594,recharge,1,ios,0
T011271,U01975,2026-02-18 06:01:35,5438,shopping,2,android,0
T013255,U01244,2026-08-09 06:51:50,327,recharge,2,ios,0
T000529,U01779,2026-09-27 14:49:59,654,recharge,3,ios,0
T014097,U01964,2026-07-14 16:02:20,343,recharge,1,android,0
T006063,U01008,2026-03-06 05:05:24,577,grocery,1,android,0
T001621,U00279,2026-08-03 05:19:38,8486,transfer,2,ios,0
T011035,U01823,2026-09-29 20:41:14,743,fuel,3,android,0
T012066,U00147,2026-08-05 01:37:52,535,grocery,3,ios,0
T003347,U01887,2026-03-31 01:45:02,50000,shopping,2,android,1
T010561,U00586,2026-02-28 17:25:45,877,grocery,1,ios,0
T001118,U01798,2026-04-06 12:04:55,325,grocery,3,web,0
T008081,U01861,2026-02-20 03:38:42,2268,shopping,3,ios,0
T008497,U00735,2026-05-26 22:59:01,108,grocery,1,ios,0
T006546,U00558,2026-01-07 23:30:00,10584,shopping,1,android,0
T014756,U00135,2026-04-23 04:16:22,1927,shopping,1,android,0
T005115,U00943,2026-03-09 17:42:38,1786,grocery,2,ios,0
T002562,U00476,2026-01-29 14:40:36,1359,grocery,1,ios,0
T001538,U01740,2026-02-08 23:29:04,12378,transfer,2,android,0
T004243,U00182,2026-04-16 10:43:02,14070,transfer,1,android,0
T007248,U01262,2026-09-20 16:45:36,3319,transfer,2,android,0
T013443,U00269,2026-06-25 01:13:05,473,recharge,1,ios,0
T009173,U01132,2026-02-08 07:17:29,401,recharge,1,ios,0
T011043,U00705,2026-09-24 00:05:20,1458,shopping,2,android,0
T000878,U00199,2026-02-20 14:33:33,292,grocery,3,ios,0
T009196,U01894,2026-06-21 18:26:30,2765,shopping,3,ios,0
T002906,U00278,2026-07-06 12:27:42,271,recharge,2,ios,0
T006039,U01736,2026-04-09 21:25:17,1440,fuel,1,ios,0
T004440,U01525,2026-01-06 13:06:47,2987,transfer,1,ios,0
T014337,U00887,2026-02-12 21:39:26,1757,transfer,1,android,0
T004088,U00139,2026-09-01 08:42:41,650,recharge,1,android,0
T007095,U01437,2026-03-26 13:22:01,6806,shopping,3,android,0
T008179,U01669,2026-05-24 13:13:13,340,recharge,3,android,0
T006675,U01187,2026-09-26 04:39:24,186,recharge,2,android,0
T006885,U00143,2026-07-14 07:25:43,3953,shopping,1,android,0
T009094,U00931,2026-05-25 00:41:44,7574,transfer,3,ios,0
T013066,U01392,2026-08-23 11:50:31,1175,grocery,3,ios,0
T012586,U01169,2026-03-27 09:31:58,314,recharge,3,ios,0
T008241,U01014,2026-09-15 01:10:49,3642,shopping,1,android,0
T001864,U01869,2026-07-11 09:27:23,9194,transfer,3,android,0
T004202,U00320,2026-06-02 06:56:05,227,recharge,2,android,0
T003230,U00733,2026-06-12 21:29:31,180,grocery,1,android,0
T006214,U01731,2026-07-27 19:28:39,2578,shopping,1,android,0
T009852,U01303,2026-08-30 09:13:32,423,fuel,2,ios,0
T004948,U00641,2026-06-17 02:15:23,1967,shopping,1,android,0
T000218,U01120,2026-03-17 03:31:45,1698,shopping,1,ios,0
T004560,U01316,2026-01-29 10:29:31,87,recharge,3,ios,0
T004771,U00493,2026-05-25 03:05:01,4228,fuel,2,android,0
T011628,U00627,2026-07-27 09:14:18,548,shopping,2,ios,0
T003987,U01335,2026-06-15 16:15:30,2477,shopping,3,android,0
T001116,U00566,2026-09-19 00:15:12,21507,transfer,3,ios,0
T009471,U01042,2026-08-27 09:40:44,1252,fuel,1,android,0
T012606,U01060,2026-01-25 03:55:55,481,shopping,3,ios,0
T014441,U01392,2026-06-18 17:16:40,729,recharge,1,ios,0
T001474,U01989,2026-01-30 13:17:55,1875,transfer,3,android,0
T011843,U01524,2026-04-24 21:59:26,3233,transfer,2,ios,0
T004160,U00801,2026-09-03 12:14:54,927,recharge,2,ios,0
T014848,U00728,2026-01-19 15:51:18,1157,fuel,3,android,0
T005427,U00658,2026-06-13 01:56:51,505,fuel,3,android,0
T014694,U01021,2026-08-10 04:51:08,318,fuel,3,android,0
T009618,U00689,2026-09-04 12:05:04,530,recharge,1,ios,0
T000308,U01284,2026-03-08 06:10:54,3421,fuel,1,ios,0
T013329,U00653,2026-03-12 21:56:42,15544,transfer,2,ios,0
T012373,U00925,2026-07-03 12:46:24,7497,transfer,3,ios,0
T009767,U00783,2026-01-31 15:41:52,196,recharge,1,ios,0
T003521,U01302,2026-03-24 18:58:47,759,recharge,1,ios,0
T010401,U00240,2026-07-23 01:26:23,195,recharge,3,android,0
T002298,U01547,2026-09-15 23:54:05,1878,grocery,1,android,0
T009050,U01164,2026-05-28 12:17:12,78,recharge,3,android,0
T014669,U01199,2026-04-14 03:17:29,1816,fuel,2,ios,0
T003820,U01395,2026-04-15 10:22:21,306,recharge,2,android,0
T013400,U00367,2026-03-29 07:57:17,2560,grocery,1,ios,0
T003627,U01911,2026-09-10 07:02:41,6467,transfer,2,ios,0
T000291,U00647,2026-05-28 08:31:31,962,grocery,1,ios,0
T012951,U01887,2026-02-11 23:59:46,3302,transfer,1,web,0
T004494,U01183,2026-06-07 00:40:17,526,shopping,1,android,0
T009751,U01860,2026-02-11 11:25:42,6678,transfer,3,ios,0
T013744,U01282,2026-05-10 13:27:53,3905,grocery,1,ios,0
T002599,U00077,2026-01-21 20:00:52,1620,transfer,3,ios,0
T006780,U01193,2026-01-25 11:49:09,574,grocery,3,android,0
T014800,U01594,2026-04-17 12:06:00,1981,grocery,3,android,0
T013076,U00526,2026-06-23 00:21:12,2571,grocery,2,android,0
T008676,U00408,2026-07-26 03:28:51,1425,shopping,1,android,0
T006046,U00863,2026-07-21 22:02:20,661,grocery,1,ios,0
T005343,U01386,2026-09-09 01:38:42,162,grocery,3,android,0
T006396,U01980,2026-06-26 20:47:16,16398,transfer,1,ios,0
T004544,U00502,2026-04-11 20:44:02,2733,fuel,1,ios,0
T001321,U01200,2026-09-19 01:42:46,895,fuel,1,android,0
T003052,U01289,2026-04-22 15:54:00,7975,transfer,1,ios,0
T009940,U00578,2026-02-11 18:25:52,1210,shopping,1,ios,0
T005769,U01381,2026-07-29 11:36:30,2516,fuel,1,android,0
T001545,U00894,2026-04-10 00:04:48,3628,transfer,2,ios,0
T010506,U01264,2026-03-29 22:23:30,236,recharge,2,android,0
T002894,U01317,2026-02-01 23:32:01,420,grocery,3,android,0
T002107,U01423,2026-01-04 02:09:53,139,recharge,3,android,0
T001855,U00892,2026-07-25 02:27:24,2453,fuel,2,ios,0
T002602,U01735,2026-01-28 13:31:24,2723,transfer,2,ios,0
T005125,U01116,2026-07-27 00:30:05,558,shopping,1,android,0
T009448,U01704,2026-05-05 08:41:15,491,grocery,1,android,0
T002336,U01274,2026-05-23 02:54:36,796,grocery,2,ios,0
T011672,U01531,2026-07-26 07:10:54,1227,shopping,3,ios,0
T012843,U00442,2026-05-28 05:10:41,1222,shopping,2,ios,0
T007681,U00793,2026-06-21 15:33:13,1647,transfer,2,android,0
T013177,U01589,2026-02-13 23:17:49,1947,shopping,2,web,0
T009093,U01060,2026-09-14 04:21:11,1907,fuel,1,ios,0
T013182,U00274,2026-07-02 22:32:39,4137,transfer,3,android,0
T010663,U00157,2026-07-05 04:20:58,135,recharge,1,android,0
T009983,U00529,2026-06-03 01:11:34,863,grocery,2,android,0
T000455,U00516,2026-02-05 16:57:17,277,fuel,1,android,0
T011220,U01340,2026-08-24 07:43:30,68,recharge,1,ios,0
T010983,U01693,2026-04-06 14:37:32,795,recharge,3,ios,0
T014203,U00442,2026-01-23 09:06:13,1791,transfer,3,ios,0
T001921,U00467,2026-05-30 20:33:50,16759,transfer,2,ios,0
T011134,U00057,2026-01-30 19:35:03,951,recharge,1,web,0
T006288,U00032,2026-09-19 18:52:01,1844,shopping,2,android,0
T001640,U01359,2026-06-01 03:42:35,262,fuel,3,android,0
T009024,U01248,2026-07-11 20:48:55,3073,shopping,1,ios,0
T014590,U00612,2026-02-04 07:35:22,581,recharge,3,ios,0
T000307,U00538,2026-06-01 09:37:48,1690,shopping,1,android,0
T000904,U01407,2026-02-12 18:32:19,555,grocery,2,ios,0
T010943,U01072,2026-07-10 19:10:54,330,recharge,1,ios,0
T000790,U01322,2026-09-22 11:59:59,727,fuel,2,android,0
T003029,U00192,2026-01-26 09:48:18,3810,shopping,2,android,0
T007646,U00575,2026-06-13 22:01:28,4949,transfer,3,android,0
T012409,U01689,2026-02-25 04:58:14,894,grocery,3,android,0
T000195,U00305,2026-09-07 20:54:38,9705,shopping,3,android,0
T012185,U00608,2026-09-15 19:03:17,7975,shopping,2,ios,0
T013332,U01552,2026-09-18 08:39:04,950,grocery,1,android,0
T002106,U01808,2026-08-10 02:21:05,3689,shopping,3,ios,0
T014574,U01049,2026-07-14 17:55:46,4207,shopping,3,ios,0
T014606,U00734,2026-09-04 15:31:41,374,fuel,2,ios,0
T003158,U00098,2026-09-07 21:22:45,396,grocery,1,ios,0
T010685,U01629,2026-04-26 14:58:16,1044,recharge,3,android,0
T006696,U00138,2026-06-18 18:47:45,590,fuel,1,ios,0
T002948,U01911,2026-02-02 13:24:38,1059,grocery,2,ios,0
T013158,U01846,2026-09-28 12:10:36,1271,grocery,3,ios,0
T012782,U01326,2026-04-05 05:22:36,353,recharge,2,ios,0
T006733,U00754,2026-08-30 00:46:57,7561,transfer,1,ios,0
T005183,U00877,2026-09-14 22:24:40,834,fuel,2,android,0
T010758,U01776,2026-04-14 02:47:21,5244,transfer,3,android,0
T000414,U00323,2026-08-30 01:13:04,20000,recharge,1,ios,1
T005455,U00617,2026-03-01 19:15:21,1628,fuel,1,android,0
T012382,U01322,2026-04-11 19:01:04,1287,fuel,3,android,0
T014588,U00253,2026-04-12 03:39:56,844,shopping,3,ios,0
T009091,U01271,2026-08-05 00:44:12,128,grocery,1,ios,0
T004962,U00868,2026-01-06 08:21:39,494,shopping,3,android,0
T003909,U01763,2026-01-13 10:53:17,413,grocery,3,android,0
T002440,U00118,2026-05-20 12:42:24,5418,shopping,2,android,0
T012587,U01309,2026-05-14 05:53:59,219,grocery,3,android,0
T002216,U00646,2026-03-12 05:10:42,6906,transfer,1,ios,0
T002623,U00316,2026-04-11 23:29:18,382,fuel,2,ios,0
T002400,U01243,2026-03-05 20:08:53,303,grocery,2,ios,0
T005312,U00563,2026-07-09 19:08:38,7345,transfer,1,ios,0
T000221,U01223,2026-09-15 01:15:50,185,grocery,3,android,0
T003163,U00752,2026-09-19 19:32:36,1810,recharge,2,ios,0
T013129,U01587,2026-08-11 07:10:49,2021,fuel,2,ios,0
T013249,U01606,2026-08-01 04:16:33,1923,transfer,3,android,0
T003265,U01807,2026-04-29 17:29:07,1303,recharge,2,ios,0
T003963,U00685,2026-03-05 04:09:38,140,recharge,2,android,0
T011905,U00948,2026-09-18 23:04:09,1967,grocery,1,ios,0
T015008,U00499,2026-07-27 13:23:00,2000,transfer,3,web,1
T007469,U00233,2026-07-31 02:07:37,5461,fuel,3,android,0
T004565,U00463,2026-02-19 18:25:57,1000,shopping,1,ios,0
T004329,U01280,2026-09-30 00:07:00,3019,shopping,1,ios,0
T004284,U00457,2026-07-27 02:20:41,889,transfer,1,android,0
T004941,U01773,2026-07-26 01:32:06,3142,shopping,3,ios,0
T003344,U00142,2026-05-18 08:36:21,1555,grocery,1,android,0
T012168,U01896,2026-08-20 01:07:44,1384,grocery,3,android,0
T001536,U00417,2026-03-04 05:17:49,1158,shopping,3,ios,1
T009866,U01782,2026-08-06 02:49:52,5787,transfer,2,ios,0
T012361,U01124,2026-05-24 05:34:39,1580,fuel,1,android,0
T006067,U01827,2026-05-26 23:14:09,1876,shopping,1,ios,0
T012429,U01465,2026-04-05 20:28:48,421,recharge,1,ios,0
T001158,U01557,2026-05-27 12:46:47,3375,grocery,1,ios,0
T001788,U01831,2026-02-13 23:04:17,12303,shopping,3,ios,0
T001381,U00852,2026-03-15 14:14:07,12999,transfer,2,android,0
T002339,U00940,2026-01-02 11:21:23,1649,fuel,2,android,0
T006316,U00245,2026-06-28 12:20:38,816,recharge,3,ios,0
T008566,U01577,2026-09-09 16:06:04,14173,transfer,1,ios,0
T013123,U00497,2026-09-14 02:57:44,9911,transfer,3,ios,0
T003159,U00590,2026-01-28 20:49:10,10592,shopping,2,android,0
T003695,U01616,2026-09-30 14:16:13,1094,transfer,3,android,0
T007340,U00761,2026-08-06 09:46:22,1645,fuel,3,android,0
T003908,U00655,2026-01-22 18:33:50,3455,grocery,2,android,0
T003991,U01526,2026-08-19 12:04:48,1732,shopping,3,android,0
T007717,U01725,2026-03-03 06:18:22,650,recharge,1,android,0
T010519,U01237,2026-02-28 11:34:59,361,recharge,2,ios,0
T006461,U00295,2026-06-02 09:10:57,931,recharge,2,ios,0
T011731,U00413,2026-07-05 20:41:58,187,grocery,3,ios,0
T010229,U01308,2026-05-04 18:24:27,97,recharge,3,android,0
T013697,U00900,2026-08-19 06:43:51,2521,fuel,1,ios,0
T002860,U00988,2026-09-22 14:21:27,72,recharge,3,ios,0
T005891,U01426,2026-09-03 19:51:30,143,fuel,3,web,0
T013376,U01858,2026-01-30 02:52:25,13023,shopping,1,ios,0
T003526,U00668,2026-01-12 03:42:41,419,recharge,1,ios,0
T004640,U00568,2026-02-18 19:28:10,25,recharge,1,ios,0
T013346,U01309,2026-07-22 23:54:41,866,grocery,2,android,0
T013232,U00222,2026-08-08 22:21:08,1362,fuel,1,android,0
T005838,U00712,2026-05-23 17:35:36,2112,shopping,1,web,0
T005256,U00597,2026-06-27 21:15:23,186,recharge,2,ios,0
T007115,U00599,2026-08-19 04:56:10,1224,fuel,3,ios,0
T005663,U00651,2026-03-18 23:48:40,656,fuel,1,android,0
T003411,U01758,2026-04-09 03:31:48,289,grocery,2,ios,0
T010808,U01089,2026-07-24 22:36:41,308,recharge,1,android,0
T007051,U00200,2026-07-08 15:35:50,483,recharge,2,android,0
T005816,U01082,2026-09-16 13:44:42,5525,transfer,2,android,0
T014442,U00507,2026-05-28 11:50:18,2256,recharge,1,ios,0
T011208,U01710,2026-06-09 21:03:10,2926,fuel,3,ios,0
T011345,U00791,2026-06-23 14:12:38,846,fuel,1,android,0
T014712,U01606,2026-03-02 21:15:13,2569,fuel,2,android,0
T011000,U01242,2026-02-23 09:41:33,1968,grocery,3,ios,0
T007072,U00307,2026-03-28 07:11:23,8817,shopping,1,android,0
T012696,U00834,2026-03-21 03:34:14,2232,shopping,3,android,0
T005005,U00662,2026-03-05 23:00:52,3806,fuel,3,web,0
T005492,U00578,2026-04-01 09:26:48,2955,fuel,3,ios,0
T008519,U01738,2026-06-09 08:08:40,1430,fuel,2,android,0
T004225,U00382,2026-08-31 01:03:37,233,grocery,2,android,0
T009892,U00287,2026-03-12 17:40:17,732,grocery,3,android,0
T009368,U01404,2026-02-22 16:27:27,156,recharge,3,android,0
T011135,U01260,2026-05-06 13:00:28,299,recharge,1,android,0
T013541,U01314,2026-05-22 02:14:56,3325,grocery,2,android,0
T011285,U01607,2026-02-26 22:38:22,345,grocery,2,ios,0
T003009,U00661,2026-04-09 16:01:05,1366,shopping,1,android,0
T001616,U01894,2026-06-01 04:20:09,662,recharge,1,android,0
T005730,U00831,2026-02-26 15:16:05,1070,shopping,2,android,0
T006207,U00624,2026-03-24 11:11:49,244,recharge,2,android,0
T003753,U01630,2026-02-17 13:36:49,3899,shopping,2,ios,0
T009808,U00417,2026-01-27 02:49:57,15703,transfer,2,android,0
T007473,U00122,2026-05-10 04:18:36,11477,transfer,3,android,0
T000537,U00157,2026-07-06 05:26:01,374,grocery,1,android,0
T003602,U01533,2026-09-02 21:32:55,1723,grocery,2,android,0
T008355,U01881,2026-09-08 13:35:24,3917,transfer,2,ios,0
T001633,U01009,2026-03-23 22:43:57,3327,shopping,1,android,0
T011449,U01005,2026-05-08 17:50:09,1686,grocery,2,ios,0
T015010,U00499,2026-07-27 13:46:00,1000,transfer,1,web,1
T004283,U00127,2026-04-15 17:39:35,317,grocery,2,ios,0
T005943,U01633,2026-04-10 08:23:17,6486,transfer,2,android,0
T006653,U00716,2026-02-14 10:19:52,3604,shopping,1,ios,0
T007276,U00284,2026-02-15 08:58:50,4305,shopping,2,web,0
T007312,U01985,2026-03-03 05:46:57,3839,transfer,2,ios,0
T002479,U00974,2026-02-01 13:36:20,5404,shopping,3,android,0
T008508,U00181,2026-01-17 20:25:01,1803,grocery,2,ios,0
T006295,U00188,2026-07-15 09:43:19,1379,shopping,2,android,0
T010731,U01554,2026-07-30 20:52:56,1938,shopping,3,ios,0
T005074,U01725,2026-08-31 04:39:40,2835,shopping,3,android,0
T010025,U00900,2026-06-13 00:10:57,924,grocery,1,ios,0
T010904,U00422,2026-08-18 13:51:28,1563,fuel,3,android,0
T004795,U01702,2026-07-24 14:03:13,658,grocery,1,ios,0
T003430,U00145,2026-08-13 09:10:46,6394,fuel,3,ios,0
T009454,U01731,2026-03-12 03:39:44,552,grocery,1,android,0
T005380,U00982,2026-09-01 13:04:14,2879,fuel,3,ios,0
T010547,U00979,2026-04-27 18:15:55,272,recharge,1,android,0
T010598,U00340,2026-01-18 22:01:48,549,recharge,3,android,0
T007237,U01409,2026-08-17 01:02:25,1082,recharge,1,ios,0
T000758,U00518,2026-01-11 09:01:43,2796,fuel,3,android,0
T012386,U01210,2026-09-25 22:39:28,711,grocery,2,android,0
T001774,U01258,2026-06-29 04:36:55,786,grocery,3,ios,0
T000138,U00127,2026-02-03 06:51:00,5805,fuel,3,ios,0
T014413,U00351,2026-07-04 14:00:29,8885,transfer,3,android,0
T013228,U01793,2026-01-09 03:40:49,4439,shopping,3,android,0
T005236,U01836,2026-05-08 10:29:34,3278,transfer,3,android,0
T008225,U00323,2026-06-06 01:41:02,1422,transfer,3,android,0
T014620,U00250,2026-09-30 02:59:55,671,fuel,3,ios,0
T005049,U01486,2026-07-06 07:04:26,1622,fuel,3,ios,0
T008159,U00718,2026-02-02 22:59:25,4775,transfer,2,android,0
T008064,U01839,2026-08-09 00:49:32,2152,shopping,3,android,0
T011937,U01161,2026-02-14 02:13:29,117,recharge,3,android,0
T009561,U00121,2026-06-21 08:52:37,1331,shopping,1,android,0
T014491,U01934,2026-03-06 21:18:55,2322,fuel,3,ios,0
T015070,U00798,2026-07-07 05:55:00,1000,transfer,1,web,1
T007897,U00928,2026-03-10 04:26:55,1705,grocery,2,android,0
T008360,U00997,2026-02-17 12:08:25,1009,shopping,2,ios,0
T013955,U00347,2026-03-27 01:22:39,1761,fuel,1,ios,0
T005714,U01869,2026-06-05 10:15:41,2428,shopping,3,android,0
T011614,U01136,2026-07-25 14:01:05,7416,transfer,2,ios,0
T012198,U00044,2026-07-18 17:44:40,402,fuel,3,android,0
T005452,U00273,2026-03-12 13:23:40,591,fuel,1,android,0
T001973,U00798,2026-01-26 03:35:09,3786,shopping,2,web,1
T009964,U01257,2026-03-21 13:18:01,577,transfer,3,ios,0
T003372,U01708,2026-03-09 10:23:29,667,grocery,2,android,0
T004836,U01400,2026-07-30 14:03:54,127,recharge,1,android,0
T011060,U00347,2026-02-17 17:05:05,677,fuel,2,ios,0
T006701,U01742,2026-08-04 18:04:50,12205,transfer,1,ios,0
T011436,U01200,2026-09-29 02:56:15,8775,transfer,3,android,0
T012055,U01601,2026-03-22 02:23:14,177,recharge,1,ios,0
T002712,U00655,2026-02-07 01:38:39,8698,shopping,3,android,0
T000723,U00236,2026-09-03 04:27:53,2637,fuel,2,android,0
T013805,U01822,2026-04-23 08:40:01,1102,fuel,2,android,0
T012875,U01138,2026-04-28 07:17:18,2733,transfer,3,ios,0
T005337,U00149,2026-06-03 09:04:22,894,grocery,2,android,0
T011199,U00314,2026-09-06 07:52:18,3493,fuel,1,android,0
T012233,U01229,2026-09-29 09:04:00,186,recharge,3,ios,0
T000073,U00146,2026-02-09 18:41:25,569,fuel,2,ios,0
T002132,U00372,2026-03-03 22:29:23,2924,transfer,2,web,0
T010163,U00976,2026-01-07 18:05:11,5567,grocery,2,ios,0
T001719,U01563,2026-08-30 05:48:17,977,shopping,3,ios,0
T011771,U01794,2026-09-24 01:59:17,546,fuel,1,android,0
T006500,U00372,2026-05-17 21:01:54,1461,recharge,2,android,0
T009340,U00243,2026-03-11 17:54:40,132,recharge,1,ios,0
T010997,U01204,2026-01-23 04:04:21,497,grocery,3,ios,0
T011096,U00266,2026-08-31 07:11:59,1103,recharge,3,ios,0
T014863,U00661,2026-05-04 12:34:35,1554,grocery,1,android,0
T012288,U01688,2026-02-07 22:46:18,2541,fuel,3,android,0
T001294,U00859,2026-02-28 18:58:06,10751,fuel,1,android,0
T001175,U00777,2026-08-08 10:33:14,206,recharge,1,android,0
T014578,U01873,2026-09-10 06:36:12,4606,transfer,2,ios,0
T010845,U01908,2026-07-18 20:58:50,318,grocery,3,ios,0
T001783,U01914,2026-04-12 06:09:53,452,grocery,2,ios,0
T008271,U01637,2026-06-02 23:06:30,23613,transfer,3,ios,0
T002912,U00377,2026-09-06 00:09:17,700,recharge,2,ios,0
T006236,U00333,2026-09-19 10:36:41,15417,shopping,3,android,0
T004705,U01562,2026-09-06 14:46:20,18124,transfer,3,ios,0
T001670,U01191,2026-01-21 21:22:46,198,grocery,3,android,0
T007437,U00306,2026-08-16 23:01:47,363,recharge,1,ios,0
T005970,U01624,2026-04-13 06:49:42,1872,fuel,2,android,0
T009627,U01991,2026-05-25 11:20:48,2157,shopping,1,ios,0
T013881,U01336,2026-03-22 02:20:45,637,grocery,2,ios,0
T007836,U00743,2026-06-25 12:07:25,1604,shopping,3,android,0
T000393,U01173,2026-08-13 20:21:25,1998,shopping,1,android,0
T001050,U01957,2026-06-06 19:26:42,3991,shopping,2,android,0
T007951,U01692,2026-03-27 06:21:47,2834,transfer,3,ios,0
T012359,U00167,2026-07-14 06:56:36,1956,transfer,2,ios,0
T003037,U01790,2026-05-06 07:55:49,13203,transfer,2,android,0
T001645,U00274,2026-05-30 08:33:38,1003,grocery,1,android,0
T010634,U00253,2026-09-09 17:01:19,2868,fuel,2,ios,0
T014991,U00492,2026-06-30 02:09:06,788,fuel,2,android,0
T010865,U00521,2026-09-20 20:04:23,7878,shopping,3,android,0
T001122,U01955,2026-04-24 10:43:03,2494,fuel,2,android,0
T008316,U01127,2026-06-26 16:22:20,2521,fuel,2,ios,0
T005921,U00956,2026-09-16 09:42:03,10325,transfer,2,android,0
T001445,U01249,2026-07-02 10:24:39,3610,fuel,1,ios,0
T010493,U00117,2026-03-09 16:49:42,3096,transfer,1,ios,0
T007929,U00468,2026-08-12 21:35:09,714,grocery,2,android,0
T010823,U00487,2026-09-30 22:55:27,3200,fuel,2,ios,0
T002929,U01998,2026-07-27 23:53:32,8228,transfer,3,android,0
T011662,U01815,2026-01-29 08:12:10,11540,fuel,1,ios,0
T002078,U01687,2026-08-05 19:30:28,5271,shopping,1,android,0
T006906,U00052,2026-02-01 00:08:38,7737,fuel,3,ios,0
T007752,U01364,2026-05-09 07:32:49,2826,shopping,2,android,0
T013741,U00503,2026-09-25 12:55:46,2350,shopping,3,ios,0
T010720,U00982,2026-01-12 12:29:06,5320,transfer,1,ios,0
T013045,U01019,2026-01-13 06:04:38,3864,fuel,3,ios,0
T013078,U00314,2026-01-18 23:05:44,172,recharge,1,android,0
T014078,U00374,2026-05-07 17:33:51,317,recharge,1,ios,0
T009072,U01163,2026-07-29 20:44:29,19891,transfer,2,android,0
T010839,U01062,2026-06-14 09:54:05,74,recharge,1,ios,0
T000509,U00688,2026-09-08 21:38:01,11837,transfer,3,ios,0
T011674,U00797,2026-04-19 02:47:28,530,grocery,1,android,0
T007518,U00641,2026-02-07 23:17:16,1541,grocery,2,android,0
T011505,U01886,2026-05-28 07:27:26,1206,shopping,2,ios,0
T005056,U00119,2026-02-15 23:41:36,53,recharge,3,android,0
T008808,U00618,2026-01-10 18:13:39,4586,transfer,2,android,0
T013820,U00513,2026-09-13 13:51:58,966,shopping,3,android,0
T004557,U01948,2026-02-22 02:50:50,2422,grocery,1,ios,0
T008186,U01874,2026-04-16 03:01:42,541,recharge,3,ios,0
T005116,U00501,2026-09-10 11:52:17,2795,transfer,3,android,0
T012797,U01879,2026-02-24 17:23:03,1194,fuel,1,android,0
T003995,U01851,2026-07-22 08:40:19,6606,transfer,3,android,0
T012294,U01155,2026-01-11 07:35:45,10040,transfer,3,ios,0
T012022,U00748,2026-08-01 09:38:46,4971,shopping,1,ios,0
T006115,U01980,2026-01-28 06:56:21,717,shopping,1,ios,0
T006750,U00072,2026-04-11 19:33:57,638,grocery,2,ios,0
T007942,U01045,2026-02-15 18:43:57,1525,fuel,1,android,0
T012058,U01081,2026-09-18 05:34:38,4458,shopping,2,ios,0
T008814,U00942,2026-02-21 13:32:34,2012,grocery,1,ios,0
T010104,U00968,2026-08-26 20:20:05,9191,shopping,2,android,0
T002582,U01805,2026-04-13 11:11:47,467,recharge,3,ios,0
T001314,U00342,2026-03-06 07:50:05,1309,recharge,1,android,0
T004255,U01827,2026-04-10 00:10:34,359,grocery,1,ios,0
T009990,U01006,2026-04-26 22:24:00,15791,grocery,1,android,0
T008489,U00547,2026-01-28 14:05:27,343,recharge,2,ios,0
T002302,U00230,2026-02-11 06:47:37,5694,transfer,1,web,0
T002158,U00379,2026-03-08 05:08:28,2205,transfer,2,ios,0
T012153,U00548,2026-07-21 15:16:44,635,grocery,2,android,0
T003250,U01332,2026-06-07 13:53:57,1534,grocery,1,android,0
T003390,U00657,2026-05-10 16:34:50,1622,shopping,2,ios,0
T001476,U01525,2026-02-13 17:23:05,347,grocery,2,ios,0
T003147,U00374,2026-08-24 20:49:06,3412,transfer,2,ios,0
T007414,U01190,2026-03-14 12:45:09,1223,shopping,3,ios,0
T014801,U01465,2026-02-06 04:56:50,108,recharge,3,ios,0
T013537,U00843,2026-08-10 04:31:59,6791,shopping,3,ios,0
T005848,U00370,2026-03-29 01:49:02,335,recharge,1,ios,0
T012687,U00221,2026-09-26 17:51:39,8757,transfer,2,android,0
T011462,U00385,2026-08-01 01:17:18,1542,shopping,3,ios,0
T005046,U01949,2026-06-06 06:51:39,2459,grocery,3,ios,0
T004141,U00739,2026-03-06 16:55:46,484,recharge,3,ios,0
T014044,U01607,2026-02-18 10:36:48,1978,grocery,2,ios,0
T005472,U01422,2026-09-07 14:36:42,6609,shopping,3,ios,0
T000343,U00665,2026-06-17 05:22:18,629,recharge,2,android,0
T004683,U01235,2026-02-07 06:08:01,634,grocery,3,android,0
T005945,U01643,2026-04-01 07:42:01,1231,transfer,1,ios,0
T008597,U00284,2026-01-11 16:43:57,490,recharge,1,ios,0
T006300,U01858,2026-02-02 09:59:29,2588,fuel,2,ios,0
T012124,U00505,2026-03-30 01:04:49,639,grocery,3,android,0
T013180,U01804,2026-08-05 18:51:16,19678,transfer,2,ios,0
T003312,U00794,2026-06-18 20:27:26,3400,transfer,2,ios,0
T013733,U01640,2026-08-30 02:58:08,551,grocery,1,android,0
T013748,U00604,2026-07-10 21:31:24,476,recharge,1,ios,0
T008071,U00810,2026-07-22 02:56:48,54,recharge,1,ios,0
T002595,U00886,2026-07-01 12:51:04,1406,fuel,1,android,0
T006901,U00994,2026-08-07 20:32:20,643,shopping,1,ios,0
T000777,U01735,2026-07-29 10:44:59,441,recharge,2,ios,0
T005245,U00380,2026-08-05 07:45:36,205,recharge,2,ios,0
T013509,U01104,2026-03-17 08:02:15,4672,transfer,3,android,0
T002240,U01853,2026-06-01 09:46:52,549,recharge,1,ios,0
T000854,U00492,2026-02-02 20:23:25,1858,grocery,1,android,0
T009725,U00723,2026-09-02 21:56:21,1285,grocery,3,android,0
T005051,U01440,2026-06-12 09:33:32,14226,transfer,3,ios,0
T003113,U00276,2026-07-26 03:48:59,1541,fuel,3,android,0
T007256,U01736,2026-01-15 10:33:52,5680,transfer,3,ios,0
T007908,U00263,2026-09-22 15:11:52,884,recharge,2,ios,0
T000521,U00758,2026-05-14 04:55:21,9464,transfer,2,android,1
T006000,U01659,2026-09-27 21:38:49,6351,transfer,2,ios,0
T010247,U01372,2026-09-20 17:38:05,319,fuel,2,android,0
T008781,U00629,2026-08-06 20:57:03,164,recharge,2,android,0
T010910,U01544,2026-05-23 12:49:38,2446,fuel,1,ios,0
T002032,U01697,2026-06-04 12:32:40,5342,transfer,2,android,0
T007867,U00038,2026-07-21 08:32:33,296,grocery,1,android,0
T004829,U01039,2026-02-11 11:08:33,1665,grocery,1,android,0
T011162,U01759,2026-06-15 07:30:46,142,grocery,2,ios,0
T001469,U01706,2026-05-21 04:11:20,1279,fuel,3,ios,0
T008957,U00531,2026-05-31 08:59:57,6757,transfer,1,ios,0
T007558,U00096,2026-03-04 17:25:40,10934,fuel,3,android,0
T010039,U01126,2026-05-15 03:24:36,1010,fuel,1,web,0
T001815,U01181,2026-06-09 23:33:41,15001,shopping,3,android,0
T007242,U00342,2026-05-14 11:07:52,1084,fuel,1,android,0
T000175,U00343,2026-04-23 22:42:41,694,grocery,1,ios,0
T000834,U01086,2026-08-16 01:59:59,6970,transfer,1,android,0
T010088,U01762,2026-06-19 06:20:38,951,shopping,1,ios,0
T000457,U01565,2026-09-28 03:57:42,1252,shopping,1,ios,0
T002620,U00672,2026-03-08 20:32:04,153,recharge,2,ios,0
T003360,U01795,2026-08-16 10:48:29,986,grocery,2,android,0
T005268,U01974,2026-09-10 08:56:33,1131,fuel,2,android,0
T013521,U00422,2026-03-21 22:17:30,1122,grocery,3,android,0
T007284,U01245,2026-07-28 07:35:59,2715,fuel,3,ios,0
T013688,U00709,2026-01-24 00:51:57,214,recharge,1,ios,0
T004643,U01496,2026-01-01 00:52:07,874,grocery,3,ios,0
T002848,U01309,2026-01-27 11:05:22,434,grocery,2,android,0
T008863,U01286,2026-05-15 16:14:44,662,grocery,2,ios,0
T003969,U00693,2026-01-17 03:47:17,12861,transfer,1,ios,0
T007718,U01029,2026-08-13 09:43:31,1110,transfer,1,android,0
T007490,U01572,2026-09-14 04:02:42,1270,fuel,3,ios,0
T015027,U00549,2026-01-21 16:40:00,1000,transfer,3,web,1
T011101,U00576,2026-04-09 21:07:48,455,grocery,2,ios,0
T002945,U01733,2026-07-04 17:10:17,571,grocery,3,android,0
T004518,U01336,2026-08-08 12:00:56,477,grocery,3,ios,0
T009141,U00889,2026-07-06 21:13:51,6117,shopping,1,ios,0
T001429,U01713,2026-07-16 18:21:42,3300,shopping,2,ios,0
T001604,U01211,2026-09-11 05:35:24,2784,fuel,2,ios,0
T004366,U01666,2026-07-14 16:41:23,1392,fuel,1,ios,0
T007851,U00696,2026-01-05 11:13:15,1866,shopping,2,android,0
T010655,U00584,2026-04-29 00:06:49,11858,transfer,1,android,0
T007810,U01110,2026-03-16 22:40:41,9133,transfer,2,android,0
T014267,U01503,2026-05-28 10:01:49,1658,grocery,3,android,0
T012181,U00035,2026-07-21 02:41:57,4778,transfer,1,ios,0
T011948,U01176,2026-05-09 16:48:12,4835,transfer,1,android,0
T010330,U00059,2026-05-03 01:22:53,1345,shopping,1,ios,0
T009194,U01102,2026-09-17 05:00:50,1671,grocery,3,ios,0
T011812,U00050,2026-09-29 13:04:05,1434,recharge,2,android,0
T004011,U01673,2026-08-14 19:38:58,31381,transfer,3,ios,0
T001830,U01202,2026-04-28 14:12:48,157,recharge,3,android,0
T005108,U00697,2026-09-13 13:13:17,1568,grocery,1,ios,0
T007878,U01483,2026-05-18 17:01:21,138,grocery,2,ios,0
T004819,U01524,2026-06-23 16:47:25,874,shopping,1,ios,0
T005101,U01740,2026-07-29 13:39:49,1333,recharge,1,android,0
T009088,U00033,2026-07-27 23:18:16,497,grocery,3,ios,0
T011346,U00821,2026-06-21 15:51:32,1658,transfer,1,ios,0
T013034,U00972,2026-08-09 14:20:03,10705,fuel,3,android,0
T012901,U00354,2026-03-05 23:47:44,575,grocery,2,android,0
T014063,U01036,2026-06-14 21:57:11,4369,transfer,1,ios,0
T003787,U01874,2026-07-09 20:48:35,4718,transfer,3,ios,0
T005632,U00259,2026-06-10 19:15:18,444,grocery,1,android,0
T001585,U01434,2026-01-16 16:50:00,141,recharge,3,android,0
T013823,U00780,2026-09-24 00:26:49,414,recharge,2,android,0
T013957,U00275,2026-02-27 07:18:03,201,grocery,1,ios,0
T009255,U00029,2026-08-28 04:56:40,1247,grocery,1,android,0
T006752,U00287,2026-09-24 16:51:53,2968,grocery,3,android,0
T001463,U01127,2026-01-14 23:35:47,272,grocery,1,android,0
T004253,U00549,2026-04-02 13:04:24,1623,shopping,3,android,0
T002672,U00475,2026-04-26 19:04:54,3022,transfer,3,android,0
T008707,U01574,2026-06-09 15:02:54,421,recharge,1,web,0
T010289,U00564,2026-01-09 16:54:13,562,fuel,3,android,0
T000385,U01489,2026-05-28 01:32:26,2711,shopping,3,android,0
T010394,U00097,2026-07-28 16:41:01,5878,transfer,3,android,0
T004138,U00808,2026-01-04 06:29:10,800,grocery,3,ios,0
T014609,U01390,2026-08-31 06:46:12,5249,shopping,2,ios,0
T005261,U01147,2026-06-28 06:39:53,234,recharge,3,ios,0
T002785,U00029,2026-05-14 18:47:31,367,recharge,2,android,0
T007523,U01188,2026-08-29 20:57:09,613,fuel,1,ios,0
T014344,U01198,2026-02-15 05:05:09,264,recharge,3,ios,0
T004189,U01014,2026-01-27 09:39:59,4120,fuel,2,android,0
T013722,U01737,2026-02-25 10:08:25,41,recharge,3,ios,0
T001902,U00640,2026-04-12 10:44:10,195,grocery,2,ios,0
T006870,U00308,2026-04-11 06:33:08,9203,fuel,2,android,0
T003580,U01016,2026-03-01 14:41:14,1049,transfer,2,ios,0
T006939,U02000,2026-08-19 01:01:48,4560,transfer,1,ios,0
T003625,U00700,2026-01-26 03:30:25,4400,shopping,3,android,0
T007202,U01794,2026-07-04 15:32:16,16208,transfer,2,android,0
T010985,U01810,2026-05-12 18:31:58,194,recharge,3,android,0
T000787,U01205,2026-02-18 08:12:52,531,grocery,2,ios,0
T005374,U01799,2026-03-06 16:35:07,2782,shopping,3,android,0
T007088,U00448,2026-07-01 11:37:00,1561,transfer,1,ios,0
T012400,U00198,2026-09-14 05:42:24,1703,fuel,3,android,0
T004365,U00259,2026-06-25 09:28:38,16949,transfer,3,android,0
T002095,U01072,2026-06-15 13:59:09,4860,transfer,1,ios,0
T012534,U01223,2026-03-26 15:59:15,2852,fuel,3,android,0
T012157,U00985,2026-06-12 04:33:46,1482,fuel,2,android,0
T008086,U01032,2026-08-12 08:01:51,3980,transfer,1,android,0
T010791,U00280,2026-05-11 21:56:09,973,shopping,3,ios,0
T003434,U00749,2026-07-19 01:07:17,4192,shopping,3,android,0
T013133,U01904,2026-08-15 14:03:58,1673,grocery,3,ios,0
T009481,U01534,2026-05-03 17:26:21,785,shopping,2,android,0
T003383,U01038,2026-08-25 16:51:04,1906,fuel,2,ios,0
T001675,U01645,2026-07-21 03:41:28,565,fuel,3,android,0
T014726,U00342,2026-05-21 15:28:20,6500,fuel,2,android,0
T005134,U00140,2026-08-12 18:29:49,781,grocery,2,ios,0
T007635,U00151,2026-01-30 13:58:45,5592,shopping,3,android,0
T007542,U00978,2026-09-02 10:40:23,1259,grocery,2,ios,0
T013277,U00807,2026-05-28 13:40:07,7440,transfer,1,ios,0
T007860,U00691,2026-09-27 21:23:21,2105,grocery,1,android,0
T003478,U00301,2026-09-08 01:35:38,8510,transfer,3,android,0
T010550,U00242,2026-02-16 17:12:45,2956,grocery,1,android,0
T013365,U01654,2026-01-28 01:54:30,6039,shopping,3,ios,0
T003264,U01178,2026-09-08 18:57:26,3087,transfer,3,ios,0
T006583,U00391,2026-02-12 07:49:15,1412,recharge,2,ios,0
T012952,U00581,2026-01-26 00:03:42,2365,fuel,2,ios,0
T002853,U00211,2026-08-05 23:58:11,6635,transfer,3,android,0
T000475,U01625,2026-05-11 07:07:17,592,fuel,1,ios,0
T007562,U00511,2026-01-06 14:48:38,401,grocery,1,ios,0
T009313,U01983,2026-07-20 21:43:39,1843,grocery,1,android,0
T005655,U00504,2026-09-09 07:44:04,1169,fuel,1,ios,0
T011922,U00582,2026-09-23 00:07:07,7413,fuel,3,android,0
T013645,U00583,2026-04-29 03:15:29,506,fuel,1,ios,0
T003664,U00024,2026-09-10 04:23:04,5538,transfer,2,ios,0
T008951,U01457,2026-04-20 04:26:29,4003,transfer,3,ios,0
T010425,U01527,2026-03-08 09:49:52,491,recharge,1,ios,0
T008780,U00521,2026-08-16 03:21:06,3078,fuel,2,android,0
T012056,U01484,2026-08-08 07:57:01,4046,shopping,2,ios,0
T000274,U01224,2026-06-20 11:30:57,3180,grocery,1,android,0
T009541,U01945,2026-08-05 06:06:10,492,recharge,3,android,0
T000132,U00890,2026-03-21 19:52:09,5183,fuel,1,ios,0
T011389,U00553,2026-02-21 10:01:20,3954,shopping,1,android,0
T000984,U00441,2026-05-03 02:54:48,127,recharge,2,ios,0
T002357,U01017,2026-09-11 07:14:19,874,grocery,3,android,0
T001025,U00011,2026-01-01 05:58:52,5385,transfer,2,android,0
T012265,U00555,2026-04-29 02:56:13,305,recharge,1,android,0
T009959,U01052,2026-08-15 03:00:08,1582,fuel,3,ios,0
T011388,U01049,2026-02-14 22:16:29,2645,grocery,3,ios,0
T013873,U00632,2026-02-13 15:39:31,761,grocery,1,ios,0
T001694,U01731,2026-05-01 05:32:29,6470,shopping,2,android,0
T003657,U01337,2026-05-19 11:12:52,1673,transfer,2,ios,0
T004100,U00007,2026-06-30 12:46:51,1843,shopping,2,android,0
T000749,U01099,2026-06-01 01:40:35,2435,transfer,2,ios,0
T001480,U01643,2026-03-15 00:56:15,142,recharge,1,ios,0
T000371,U01578,2026-03-03 09:06:48,793,fuel,3,android,0
T003709,U00796,2026-06-16 17:36:37,1056,shopping,2,android,0
T004375,U01281,2026-01-14 04:33:04,643,recharge,1,android,0
T012366,U01832,2026-09-22 17:09:04,194,recharge,3,ios,0
T009552,U01985,2026-07-26 13:17:23,2010,fuel,1,ios,0
T011833,U00916,2026-07-20 02:17:33,3986,fuel,3,android,0
T007959,U01365,2026-06-06 15:16:37,593,recharge,2,ios,0
T003911,U01477,2026-09-11 09:14:00,2018,grocery,2,ios,0
T003138,U00521,2026-02-02 03:52:11,13620,transfer,3,android,0
T002043,U00182,2026-06-09 14:11:52,338,recharge,1,android,0
T001992,U01469,2026-05-03 09:11:48,3493,shopping,2,ios,0
T013435,U01218,2026-05-19 08:58:48,5552,shopping,1,android,0
T005837,U00357,2026-06-12 07:02:49,399,grocery,1,android,0
T000814,U01930,2026-05-02 16:50:29,4195,grocery,3,android,0
T012215,U00249,2026-01-22 21:27:40,1668,grocery,2,android,0
T011098,U01284,2026-01-13 07:58:50,1510,grocery,3,ios,0
T009673,U00069,2026-09-22 04:15:56,3440,transfer,3,android,0
T001488,U00286,2026-06-12 17:08:23,1727,fuel,3,ios,0
T006938,U00726,2026-03-01 20:35:41,550,grocery,1,android,0
T002038,U01985,2026-01-16 18:13:37,2738,transfer,2,android,0
T009910,U00125,2026-06-29 06:23:47,1067,fuel,3,web,0
T008909,U01092,2026-07-09 19:03:10,184,grocery,3,android,0
T009916,U01853,2026-04-19 06:43:42,29907,transfer,2,ios,0
T009245,U01619,2026-06-20 01:01:31,11240,fuel,3,ios,0
T013493,U00049,2026-09-15 04:04:54,2395,transfer,1,android,0
T003157,U00612,2026-08-19 14:04:47,750,grocery,2,ios,0
T011499,U01570,2026-06-05 06:45:58,1442,fuel,1,android,0
T007015,U00606,2026-08-28 02:14:31,113,recharge,1,ios,0
T004918,U00112,2026-03-08 05:54:07,3382,shopping,3,ios,0
T014505,U01378,2026-01-31 22:30:29,10290,transfer,1,android,0
T000791,U01358,2026-02-05 20:21:08,21928,fuel,1,android,0
T003078,U01517,2026-06-06 22:38:05,163,recharge,3,ios,0
T008112,U01330,2026-08-21 00:45:43,647,fuel,2,ios,0
T007559,U01120,2026-03-02 12:41:31,296,recharge,3,ios,0
T002239,U00480,2026-02-03 00:06:42,332,recharge,1,android,0
T000173,U00765,2026-07-26 05:35:37,182,grocery,2,android,0
T006265,U00340,2026-02-20 16:57:25,5199,transfer,1,android,0
T009037,U00611,2026-03-31 07:24:50,5120,transfer,3,ios,0
T014418,U00122,2026-01-27 19:38:34,21754,transfer,3,android,0
T011732,U01520,2026-06-12 04:52:54,1261,shopping,3,android,0
T007547,U01018,2026-03-16 08:49:50,4909,fuel,2,android,0
T013029,U01275,2026-07-08 12:55:45,23665,transfer,3,ios,0
T010828,U01971,2026-08-10 19:01:14,3407,grocery,2,ios,0
T012414,U01329,2026-06-10 09:17:14,4449,transfer,2,ios,0
T011110,U00956,2026-06-10 07:06:20,699,recharge,1,android,0
T012619,U00902,2026-01-14 08:03:16,1468,shopping,1,ios,0
T003693,U01872,2026-02-01 19:32:11,2172,shopping,1,android,0
T009247,U00733,2026-05-10 04:29:22,1406,recharge,1,android,0
T003097,U00835,2026-09-15 17:36:30,549,recharge,3,ios,0
T011973,U00374,2026-03-10 06:42:16,1659,shopping,1,ios,0
T001435,U00927,2026-05-30 17:43:06,1320,fuel,1,ios,0
T006106,U01349,2026-04-29 01:44:45,3440,shopping,2,android,0
T008875,U00921,2026-06-26 22:14:08,614,grocery,2,android,0
T009185,U01745,2026-02-28 07:23:48,1028,grocery,2,android,0
T004809,U00681,2026-08-20 01:31:23,182,recharge,3,android,0
T006355,U01297,2026-04-17 15:56:40,8092,shopping,3,android,0
T014917,U00983,2026-02-09 01:01:02,234,recharge,2,ios,0
T007047,U00865,2026-05-10 23:13:04,424,recharge,1,ios,0
T004196,U01268,2026-03-27 16:52:46,8496,transfer,1,ios,0
T003961,U01299,2026-07-13 23:31:58,718,grocery,1,ios,0
T012948,U00945,2026-08-14 15:40:23,3817,shopping,1,android,0
T009226,U01028,2026-06-16 01:00:21,315,shopping,2,android,0
T005445,U00462,2026-05-19 22:05:55,1101,fuel,2,android,0
T013093,U01793,2026-08-07 05:52:35,2182,grocery,2,android,0
T009922,U01588,2026-08-20 04:25:54,3587,fuel,1,android,0
T012332,U00173,2026-03-23 05:49:24,3679,transfer,2,ios,0
T002608,U01442,2026-02-10 12:25:13,1727,shopping,3,android,0
T000614,U01957,2026-05-08 22:28:53,838,recharge,3,android,0
T002436,U01635,2026-02-12 12:15:12,508,recharge,3,ios,0
T014397,U00615,2026-03-18 21:28:23,1407,fuel,1,ios,0
T010021,U01452,2026-02-26 02:08:59,7536,transfer,3,android,0
T014647,U00819,2026-08-12 00:44:43,1492,grocery,1,android,0
T015062,U00612,2026-07-10 23:11:00,10000,transfer,2,web,1
T001778,U01359,2026-08-29 14:31:24,185,recharge,2,android,0
T007604,U00034,2026-05-06 16:37:51,2439,fuel,2,ios,0
T014443,U01174,2026-01-21 14:14:08,333,grocery,1,ios,0
T006003,U00453,2026-04-10 21:59:43,524,grocery,2,ios,0
T014872,U00225,2026-03-25 00:10:39,5346,transfer,3,android,0
T002971,U00356,2026-09-24 01:58:47,1396,grocery,3,android,0
T004170,U00462,2026-02-11 10:52:56,132,recharge,2,android,0
T008429,U00749,2026-06-28 06:03:59,1487,shopping,3,android,0
T009929,U01494,2026-08-21 06:07:52,766,fuel,1,android,0
T014212,U01323,2026-02-22 13:52:04,1314,grocery,1,ios,0
T002332,U00061,2026-03-10 06:23:52,987,grocery,3,android,0
T013995,U00555,2026-08-08 20:54:25,1038,grocery,2,web,0
T010957,U01955,2026-03-26 15:22:31,314,grocery,2,android,0
T011021,U00918,2026-06-07 18:27:20,4830,shopping,1,android,0
T008172,U00183,2026-07-27 03:33:55,1940,fuel,2,android,0
T010026,U01011,2026-07-01 19:13:40,740,fuel,1,android,0
T005718,U00091,2026-01-12 15:21:57,242,recharge,2,android,0
T003102,U01516,2026-06-12 02:28:48,1684,grocery,2,ios,0
T003597,U00202,2026-02-04 07:21:22,1929,transfer,1,android,0
T000532,U01085,2026-09-01 21:39:48,466,grocery,3,android,0
T004820,U01962,2026-05-24 15:45:12,162,recharge,1,android,0
T004087,U00857,2026-05-14 20:57:14,1735,shopping,1,android,0
T001212,U01594,2026-01-18 18:20:52,8982,fuel,2,android,0
T008089,U00695,2026-01-22 09:19:54,1067,shopping,1,android,0
T010193,U01156,2026-06-30 15:32:05,198,grocery,2,android,0
T014797,U00960,2026-08-24 18:09:10,352,grocery,2,android,0
T009407,U01047,2026-01-23 03:28:29,1124,grocery,3,ios,0
T002190,U01340,2026-08-30 05:43:23,69,recharge,1,android,0
T004758,U01789,2026-02-27 16:36:32,4221,transfer,3,android,0
T009999,U01233,2026-01-22 23:58:40,3543,transfer,1,android,0
T002506,U00782,2026-07-22 16:39:11,13948,fuel,3,ios,0
T008972,U00153,2026-02-24 11:54:36,4538,transfer,1,ios,0
T009324,U00605,2026-01-23 15:07:59,5167,transfer,2,android,0
T007096,U00711,2026-02-01 09:10:36,1413,shopping,1,android,0
T004008,U01817,2026-08-10 10:40:29,4542,shopping,3,android,0
T007822,U01215,2026-05-05 00:28:13,1180,shopping,2,android,0
T010962,U00566,2026-05-07 05:38:21,11339,shopping,3,ios,0
T006787,U01338,2026-06-07 05:12:58,1687,grocery,1,ios,0
T002559,U01882,2026-01-25 16:04:52,416,fuel,1,android,0
T014432,U01207,2026-08-22 12:09:01,7121,transfer,2,ios,0
T008285,U00548,2026-04-06 05:09:16,780,shopping,2,android,0
T009288,U01975,2026-05-13 09:20:35,1655,shopping,3,android,0
T007975,U00053,2026-03-20 17:18:50,12237,fuel,2,ios,0
T008970,U00373,2026-02-20 12:48:10,12012,shopping,2,ios,0
T002179,U00387,2026-01-19 00:36:10,577,grocery,1,ios,0
T011275,U00672,2026-01-06 18:41:50,890,recharge,2,ios,0
T000413,U00411,2026-05-04 22:41:29,5398,fuel,2,android,0
T009575,U00670,2026-06-27 19:21:23,316,grocery,1,ios,0
T003780,U01981,2026-03-19 05:02:24,668,grocery,2,android,0
T014986,U00949,2026-04-20 04:09:05,2725,fuel,1,android,0
T012326,U00219,2026-04-17 04:14:03,898,grocery,1,ios,0
T014757,U01925,2026-06-14 09:21:23,1837,fuel,1,ios,0
T004735,U00768,2026-01-08 03:22:28,4260,transfer,3,android,0
T013783,U01461,2026-05-29 23:05:48,414,recharge,1,ios,0
T004201,U01345,2026-09-24 19:39:31,365,recharge,2,web,0
T004465,U01511,2026-01-11 05:08:17,2756,shopping,1,ios,0
T005592,U01076,2026-09-01 19:51:52,6234,transfer,3,android,0
T014102,U01912,2026-09-06 01:44:00,37245,transfer,3,ios,0
T003902,U00514,2026-02-28 04:09:16,650,transfer,2,ios,0
T012399,U00585,2026-06-09 12:23:40,3418,shopping,3,ios,0
T002257,U00435,2026-05-14 07:19:53,5309,transfer,1,ios,0
T013290,U01295,2026-07-30 16:06:04,1547,grocery,3,ios,0
T007477,U01955,2026-05-11 08:04:39,3631,fuel,1,android,0
T005060,U01109,2026-06-25 15:54:53,8062,shopping,2,ios,0
T004702,U01360,2026-07-09 19:08:02,1578,fuel,3,ios,0
T004968,U01129,2026-04-16 12:40:19,9326,shopping,1,android,0
T011387,U01394,2026-03-13 10:05:56,590,grocery,1,ios,0
T011567,U00994,2026-09-12 16:09:36,3091,fuel,1,ios,0
T012367,U00588,2026-09-27 01:10:27,211,recharge,1,ios,0
T010131,U00491,2026-09-08 17:06:29,2834,transfer,2,ios,0
T003410,U00874,2026-07-03 00:19:33,4140,shopping,2,ios,0
T014494,U01002,2026-06-28 06:16:17,4081,shopping,1,android,0
T012784,U01518,2026-07-18 05:57:39,7752,shopping,1,ios,0
T010306,U01635,2026-09-28 14:50:02,2001,shopping,2,android,0
T005736,U00046,2026-05-11 10:49:44,2841,transfer,3,android,0
T004220,U01429,2026-09-26 01:42:11,186,grocery,1,web,0
T013117,U00834,2026-09-15 02:34:07,1666,grocery,3,android,0
T007221,U01500,2026-06-16 02:13:33,2570,transfer,2,ios,0
T014318,U00718,2026-09-01 02:15:57,2946,fuel,3,android,0
T008137,U01341,2026-01-22 04:21:31,794,fuel,3,ios,0
T006229,U00793,2026-01-27 17:50:10,941,recharge,1,android,0
T014026,U00764,2026-01-11 04:51:48,2253,shopping,1,ios,0
T012980,U00344,2026-07-11 09:51:43,2976,shopping,1,ios,0
T007169,U00614,2026-05-14 17:25:56,507,grocery,2,ios,0
T001565,U00051,2026-05-25 04:27:14,729,shopping,1,ios,0
T006489,U00717,2026-07-10 15:17:37,1351,grocery,1,ios,0
T014988,U00762,2026-05-07 13:45:23,736,fuel,1,ios,0
T006326,U00952,2026-03-18 12:11:16,962,fuel,1,ios,0
T001388,U01358,2026-05-04 11:14:29,1567,shopping,1,android,0
T008279,U01416,2026-01-28 11:43:25,22061,transfer,3,android,0
T010366,U01892,2026-02-02 17:06:10,4115,shopping,2,android,0
T004673,U01276,2026-08-24 17:28:58,2626,grocery,3,ios,0
T010779,U01710,2026-02-14 13:17:31,248,fuel,3,ios,0
T007474,U01654,2026-07-25 09:49:58,454,grocery,3,ios,0
T004556,U00422,2026-05-14 17:55:26,2252,shopping,3,android,0
T014683,U00529,2026-05-25 22:41:54,181,grocery,2,android,0
T007568,U00040,2026-07-02 09:24:44,962,fuel,1,android,0
T005835,U00115,2026-09-12 11:12:42,8055,transfer,3,android,0
T005023,U01962,2026-04-10 03:53:18,14178,transfer,3,android,0
T000288,U00087,2026-07-11 04:56:41,5859,transfer,2,ios,0
T002291,U01957,2026-06-29 04:30:42,1108,shopping,1,android,0
T005523,U00978,2026-06-10 00:00:54,587,transfer,2,ios,0
T013721,U01087,2026-06-07 10:22:32,5959,shopping,1,android,0
T000201,U01468,2026-02-07 20:10:43,500,recharge,3,ios,0
T014100,U01452,2026-05-14 10:00:07,19507,transfer,2,android,0
T005545,U01721,2026-01-08 05:52:09,1627,transfer,1,android,0
T000870,U00984,2026-06-16 14:07:18,188,recharge,2,ios,0
T000544,U00445,2026-07-28 14:22:54,4212,fuel,2,ios,0
T005340,U00941,2026-08-10 05:26:50,7649,transfer,2,android,0
T009677,U00702,2026-04-29 20:25:56,2227,transfer,2,android,0
T007059,U01475,2026-09-19 11:19:29,736,shopping,3,android,0
T010375,U01135,2026-02-25 12:43:58,1050,shopping,1,ios,0
T001323,U01684,2026-06-26 11:00:41,3250,grocery,3,ios,0
T006693,U01506,2026-02-09 23:23:19,1918,shopping,1,ios,0
T004206,U01000,2026-06-10 08:13:21,1824,fuel,3,web,0
T003683,U01525,2026-08-11 09:01:08,100,recharge,1,ios,0
T005174,U00601,2026-04-18 17:03:25,81,recharge,2,android,0
T014888,U00362,2026-03-22 15:43:11,1433,recharge,2,android,0
T013668,U01069,2026-07-24 02:12:14,853,fuel,2,ios,0
T012170,U01553,2026-04-30 16:26:27,513,recharge,3,android,0
T012342,U00281,2026-04-21 16:19:55,12939,transfer,2,android,0
T011924,U00078,2026-04-05 11:10:40,2214,grocery,1,android,0
T008328,U00068,2026-01-25 09:23:04,4216,transfer,2,ios,0
T003638,U00560,2026-09-19 03:05:48,4263,shopping,2,ios,0
T005175,U01822,2026-06-18 13:03:39,270,recharge,1,android,0
T001124,U00871,2026-05-04 20:25:08,1169,grocery,1,android,0
T008308,U00529,2026-03-08 23:35:39,423,fuel,2,android,0
T008133,U00045,2026-06-16 06:55:20,4766,transfer,3,android,0
T010094,U01355,2026-04-01 18:21:12,669,shopping,2,ios,0
T013960,U00063,2026-08-16 07:25:27,8927,shopping,3,android,0
T010914,U00637,2026-01-05 10:33:28,973,fuel,1,android,0
T000116,U01621,2026-05-31 20:21:37,198,grocery,1,ios,0
T011116,U00918,2026-07-12 08:22:37,1400,grocery,2,android,0
T001318,U00137,2026-07-06 18:36:44,6630,grocery,2,android,0
T013028,U00123,2026-04-23 11:47:47,5913,shopping,1,ios,0
T002820,U00171,2026-03-16 18:50:13,599,recharge,1,android,0
T008609,U01527,2026-09-25 23:22:00,8080,transfer,3,ios,0
T001779,U01379,2026-07-30 09:39:47,111,grocery,1,ios,0
T001295,U01801,2026-03-21 06:08:04,359,grocery,1,android,0
T010244,U01154,2026-01-09 06:10:25,537,fuel,3,ios,0
T006480,U00422,2026-07-31 01:22:46,688,grocery,2,android,0
T012285,U00724,2026-03-28 03:12:50,684,recharge,2,android,0
T007334,U01969,2026-01-28 20:30:43,205,recharge,3,ios,0
T005878,U00853,2026-07-08 11:26:46,4260,fuel,1,ios,0
T007330,U01134,2026-08-25 14:45:31,9721,transfer,2,ios,0
T014009,U01746,2026-03-16 18:00:31,824,shopping,3,ios,0
T010972,U01571,2026-09-12 16:04:08,36515,transfer,1,ios,0
T014573,U00628,2026-02-04 02:16:54,646,grocery,2,android,0
T003442,U00947,2026-06-16 16:22:17,586,shopping,3,android,0
T013322,U00174,2026-04-22 07:48:41,319,grocery,1,android,0
T010817,U00095,2026-07-13 08:06:25,702,grocery,2,android,0
T012223,U00528,2026-03-09 22:20:51,9271,transfer,3,ios,0
T009158,U00612,2026-03-21 14:52:34,2823,grocery,2,ios,0
T008358,U01642,2026-09-02 12:55:03,462,fuel,3,ios,0
T010178,U00513,2026-01-10 13:48:27,3670,grocery,1,android,0
T013355,U00479,2026-02-03 13:26:37,74,fuel,3,ios,0
T011821,U00557,2026-09-03 01:55:04,4394,transfer,1,ios,0
T008253,U01920,2026-09-14 03:14:50,5774,fuel,2,ios,0
T006803,U00096,2026-08-10 04:50:33,968,shopping,1,ios,0
T012749,U01453,2026-08-09 06:46:24,489,shopping,3,android,0
T011678,U00076,2026-06-21 18:42:03,2394,recharge,2,android,0
T005581,U00396,2026-01-03 12:40:17,12567,transfer,2,ios,0
T007106,U01459,2026-09-20 17:56:12,324,recharge,3,android,0
T014282,U00952,2026-04-09 08:40:12,3887,shopping,1,ios,0
T013718,U00057,2026-07-29 13:43:38,4193,transfer,2,ios,0
T007149,U00038,2026-06-22 18:02:59,7534,grocery,2,android,0
T010068,U00412,2026-07-18 21:25:52,121,recharge,3,android,0
T003333,U01757,2026-01-06 18:04:07,129,recharge,2,android,0
T014787,U00682,2026-03-15 15:31:52,294,recharge,1,android,0
T009323,U00972,2026-05-04 21:36:07,1137,grocery,1,android,0
T001170,U00354,2026-03-19 03:51:48,8187,transfer,1,android,0
T002516,U01673,2026-02-22 09:15:05,1803,transfer,3,ios,0
T013313,U01260,2026-06-07 02:36:22,1454,fuel,3,android,0
T013188,U01082,2026-01-09 06:12:36,191,grocery,3,android,0
T001201,U01653,2026-07-03 21:46:50,40860,transfer,3,android,0
T011889,U00106,2026-08-27 02:36:32,1481,fuel,1,ios,0
T011461,U01205,2026-04-09 22:13:05,4509,shopping,1,ios,0
T010271,U00206,2026-03-27 22:28:19,560,grocery,3,ios,0
T002789,U00560,2026-02-02 05:33:48,249,recharge,2,ios,0
T007317,U00042,2026-08-17 13:07:09,527,recharge,2,ios,0
T001865,U01209,2026-06-11 00:07:51,3318,transfer,3,ios,0
T000220,U00330,2026-07-01 02:31:23,2000,shopping,2,android,1
T006327,U01181,2026-09-20 10:24:33,1961,shopping,3,android,0
T007500,U00184,2026-07-07 11:19:35,229,recharge,1,android,0
T012159,U00940,2026-08-12 00:57:03,7232,transfer,1,android,0
T012457,U01597,2026-09-28 01:28:10,198,recharge,1,android,0
T006431,U01298,2026-05-14 19:06:57,344,recharge,2,android,0
T012609,U01435,2026-09-30 09:51:34,4124,transfer,1,ios,0
T008598,U01411,2026-07-04 16:54:41,2095,transfer,1,android,0
T013838,U00135,2026-05-14 18:19:56,102,grocery,1,android,0
T010491,U00180,2026-07-22 18:21:52,381,shopping,3,ios,0
T005262,U01377,2026-08-22 06:16:50,15879,shopping,1,android,0
T011503,U01894,2026-07-07 00:34:20,9078,transfer,3,android,0
T011636,U01502,2026-03-22 07:43:08,709,fuel,2,android,0
T008010,U00254,2026-03-17 11:30:07,1425,fuel,2,ios,0
T012818,U00118,2026-07-10 12:23:26,2271,shopping,3,android,0
T011915,U01700,2026-02-15 05:56:55,642,fuel,3,android,0
T014349,U01227,2026-04-02 16:35:55,1698,shopping,1,android,0
T010769,U01988,2026-08-07 05:18:41,277,fuel,1,android,0
T000881,U01341,2026-02-08 07:22:02,352,fuel,1,ios,0
T002700,U00235,2026-06-27 20:45:41,322,recharge,3,android,0
T003808,U01647,2026-08-20 14:08:49,1615,shopping,1,ios,0
T011675,U01872,2026-02-19 11:33:08,438,grocery,1,android,0
T012188,U00838,2026-08-29 21:39:59,1944,shopping,2,ios,0
T001197,U00584,2026-07-06 16:00:06,258,recharge,2,android,0
T009885,U00458,2026-09-11 14:01:10,11038,transfer,3,android,0
T005089,U01249,2026-05-05 03:02:28,2747,transfer,1,ios,0
T004609,U00215,2026-08-11 02:45:34,1297,fuel,1,ios,0
T007100,U01119,2026-08-06 20:35:00,857,fuel,2,ios,0
T000110,U00784,2026-03-14 16:22:29,2670,transfer,1,android,0
T007690,U01904,2026-05-07 06:14:37,3062,fuel,1,ios,0
T013546,U00551,2026-03-24 17:53:41,708,shopping,1,ios,0
T008606,U01199,2026-03-05 10:38:31,959,grocery,2,ios,0
T005162,U00054,2026-06-14 09:18:01,2230,shopping,1,ios,0
T012402,U01327,2026-09-02 16:46:25,1165,grocery,1,android,0
T012445,U01271,2026-05-26 11:03:16,457,fuel,3,ios,0
T007287,U01651,2026-05-06 11:29:34,1164,shopping,2,ios,0
T014646,U00910,2026-01-16 13:16:06,4649,shopping,1,ios,0
T007782,U00826,2026-08-23 04:22:44,885,transfer,1,android,0
T007281,U01905,2026-02-18 12:48:21,373,recharge,1,android,0
T002807,U00005,2026-08-14 22:27:49,1194,grocery,3,android,0
T010628,U01730,2026-06-26 12:11:47,119,recharge,2,android,0
T006012,U01218,2026-05-12 10:09:08,4174,fuel,1,android,0
T007798,U01616,2026-04-16 06:12:50,3743,shopping,2,android,0
T003424,U01354,2026-01-18 13:15:11,81,recharge,3,ios,0
T002905,U01248,2026-08-15 16:46:37,445,grocery,2,ios,0
T015067,U00798,2026-07-07 05:17:00,1000,transfer,1,web,1
T002824,U01018,2026-05-13 08:44:23,18245,transfer,2,android,0
T012995,U00407,2026-04-19 06:51:58,411,recharge,1,android,0
T006946,U00778,2026-06-08 14:07:45,565,recharge,3,ios,0
T005248,U00990,2026-08-14 06:05:27,9849,transfer,2,android,0
T005395,U01181,2026-07-20 16:33:13,4555,fuel,2,android,0
T013999,U00287,2026-04-22 09:54:53,7522,transfer,3,android,0
T007740,U01669,2026-06-14 03:07:55,2418,shopping,3,android,0
T000910,U01572,2026-06-14 14:24:04,1725,transfer,2,ios,0
T006766,U00803,2026-03-03 17:47:20,232,grocery,2,ios,0
T013889,U01867,2026-03-01 00:51:49,879,grocery,2,android,0
T013479,U00696,2026-06-29 10:04:07,286,shopping,3,android,0
T005628,U00853,2026-01-08 00:24:47,862,recharge,3,ios,0
T010632,U00821,2026-04-11 08:15:15,759,fuel,2,ios,0
T004208,U01798,2026-01-18 20:29:52,1585,transfer,2,ios,0
T012900,U00126,2026-01-25 10:16:38,6695,transfer,3,android,0
T004935,U01292,2026-07-31 19:40:27,2136,grocery,1,android,0
T003092,U00134,2026-02-19 08:59:11,62,recharge,2,ios,0
T014461,U01112,2026-09-24 07:36:21,1134,grocery,1,android,0
T003105,U01129,2026-03-03 07:44:26,7596,transfer,1,android,0
T001930,U01243,2026-04-10 00:07:08,2423,transfer,1,ios,0
T005090,U00297,2026-05-16 16:58:15,1944,grocery,3,ios,0
T002455,U01350,2026-03-21 20:12:01,2472,fuel,1,android,0
T007452,U01536,2026-09-27 19:11:58,2709,grocery,2,android,0
T000709,U01281,2026-01-24 13:38:35,14052,transfer,3,android,0
T007201,U00008,2026-09-24 10:31:35,2990,shopping,1,web,0
T006574,U00255,2026-06-20 19:39:28,1275,grocery,3,android,0
T003271,U01596,2026-08-19 15:32:35,1070,fuel,1,android,0
T011841,U01951,2026-03-30 03:37:19,674,grocery,1,android,0
T012531,U01781,2026-04-08 15:15:12,2883,transfer,2,ios,0
T006876,U00339,2026-05-26 23:02:28,349,fuel,2,android,0
T008581,U00026,2026-01-18 18:20:56,1376,shopping,2,android,0
T014187,U00349,2026-07-25 22:20:23,1240,grocery,2,ios,0
T008669,U00790,2026-01-21 01:29:12,17201,transfer,1,ios,0
T009370,U00091,2026-06-30 12:29:55,132,recharge,1,android,0
T010603,U01550,2026-09-17 08:10:27,907,grocery,3,android,0
T006594,U00051,2026-09-17 16:17:47,3701,shopping,1,ios,0
T005292,U00556,2026-05-05 01:03:13,2328,fuel,3,android,1
T007386,U01043,2026-05-11 07:50:30,6201,transfer,3,ios,0
T001371,U00579,2026-03-18 21:52:50,127,recharge,1,android,0
T015095,U01130,2026-09-21 23:25:00,10000,transfer,2,web,1
T000934,U01634,2026-05-02 20:04:12,387,grocery,2,ios,0
T002229,U01095,2026-07-25 18:34:14,497,grocery,1,ios,0
T013420,U01875,2026-05-11 00:06:05,2898,transfer,1,android,0
T009109,U00142,2026-04-08 13:16:00,1104,grocery,1,android,0
T007263,U01151,2026-01-27 00:10:33,6446,transfer,3,ios,0
T011627,U01820,2026-09-15 03:39:50,2212,fuel,1,android,0
T006955,U01579,2026-02-23 03:18:23,816,grocery,1,android,0
T003468,U00460,2026-03-09 07:36:41,168,grocery,2,android,0
T004867,U00571,2026-01-02 11:14:23,902,shopping,2,android,0
T000336,U01315,2026-08-31 07:49:35,7592,transfer,3,android,0
T009685,U01305,2026-09-01 00:23:58,1313,fuel,3,android,0
T009428,U00602,2026-08-24 10:46:23,833,fuel,1,ios,0
T002816,U01357,2026-03-02 12:54:13,255,grocery,3,ios,0
T005679,U00476,2026-01-29 21:16:31,1254,fuel,1,ios,0
T006279,U00163,2026-04-14 09:31:50,1435,fuel,3,ios,0
T004301,U01746,2026-09-04 10:18:20,7904,fuel,2,ios,0
T009351,U00240,2026-07-25 08:25:35,1246,shopping,2,android,0
T008408,U00137,2026-02-22 18:53:04,449,grocery,1,android,0
T007339,U01526,2026-04-03 23:21:16,872,fuel,3,ios,0
T008306,U00394,2026-05-28 23:28:15,1640,grocery,2,ios,0
T001255,U01207,2026-04-08 18:27:33,6700,shopping,2,ios,0
T008140,U00959,2026-06-14 18:01:24,1238,shopping,1,ios,0
T001300,U00662,2026-09-17 14:14:14,4739,shopping,2,ios,0
T014858,U01900,2026-02-14 10:38:05,1849,fuel,1,android,0
T006299,U01679,2026-07-12 16:21:14,1728,transfer,2,android,0
T003980,U00256,2026-09-17 10:26:31,760,fuel,3,android,0
T006781,U00632,2026-09-25 19:45:29,6347,transfer,2,ios,0
T013480,U00740,2026-05-30 03:00:24,3861,transfer,3,ios,0
T000756,U01877,2026-03-26 08:57:43,2336,grocery,3,ios,0
T002827,U00708,2026-05-22 22:04:03,2212,fuel,1,ios,0
T008634,U00520,2026-05-26 18:15:59,63,recharge,1,android,0
T014752,U00022,2026-08-15 13:06:06,3300,fuel,3,android,0
T005580,U00001,2026-07-02 22:57:28,2636,fuel,1,android,0
T014772,U00681,2026-03-09 03:30:54,4757,transfer,3,android,0
T002529,U01932,2026-06-05 14:35:48,3882,recharge,3,ios,0
T009527,U01096,2026-02-20 10:24:01,40817,transfer,3,ios,0
T012385,U00635,2026-04-24 17:10:23,2318,shopping,1,android,0
T004932,U00583,2026-01-20 18:47:05,2543,recharge,2,ios,0
T006233,U01223,2026-04-27 17:54:26,34,recharge,3,android,0
T006289,U01330,2026-02-15 13:17:53,1347,fuel,1,ios,0
T013279,U00217,2026-07-06 00:37:47,3269,shopping,2,ios,0
T003729,U00311,2026-01-14 03:28:19,184,recharge,3,android,0
T013663,U00354,2026-07-20 10:39:36,160,recharge,3,android,0
T010444,U01527,2026-05-28 07:43:24,2289,shopping,1,ios,0
T013782,U01390,2026-05-14 08:23:06,5944,transfer,2,ios,0
T000867,U01363,2026-08-02 15:31:27,292,recharge,1,ios,0
T004971,U00610,2026-08-24 06:50:34,2484,grocery,2,ios,0
T007733,U01159,2026-05-12 12:52:12,1214,transfer,2,ios,0
T000410,U00202,2026-03-21 16:28:56,4747,shopping,3,android,0
T014429,U00242,2026-07-11 04:11:36,296,recharge,3,ios,0
T010144,U00285,2026-03-01 18:39:34,685,grocery,3,ios,0
T012228,U01213,2026-05-04 04:48:35,12991,transfer,3,android,0
T005846,U01950,2026-03-13 06:43:04,5036,transfer,1,ios,0
T003310,U00458,2026-06-05 11:27:38,865,grocery,3,android,0
T007548,U01265,2026-01-13 00:45:10,604,grocery,1,android,0
T000478,U00975,2026-04-16 05:26:04,1593,fuel,1,web,0
T011277,U00545,2026-08-03 13:23:26,5531,fuel,3,android,0
T000794,U01491,2026-05-14 17:58:25,1553,grocery,1,ios,0
T010700,U01411,2026-01-10 13:24:34,6375,transfer,1,ios,0
T014385,U00406,2026-08-07 18:00:21,621,shopping,2,ios,0
T000543,U01493,2026-01-27 12:56:50,576,shopping,1,android,0
T006081,U00834,2026-03-28 14:05:35,175,recharge,1,android,0
T009026,U00346,2026-02-08 15:48:40,1455,grocery,3,android,0
T015011,U00499,2026-07-27 13:51:00,5000,transfer,2,web,1
T006272,U01185,2026-05-29 18:13:48,460,recharge,3,web,0
T008079,U01879,2026-09-05 12:34:22,3920,transfer,3,ios,0
T008115,U00046,2026-04-11 23:09:41,10741,transfer,3,android,0
T010429,U00396,2026-08-30 19:17:07,7766,shopping,3,ios,0
T005507,U00363,2026-06-19 16:43:20,502,recharge,1,ios,0
T000663,U00484,2026-09-01 19:00:05,12932,shopping,3,ios,0
T011507,U00954,2026-09-04 13:30:27,35,recharge,2,ios,0
T003827,U00945,2026-05-13 05:39:42,120,recharge,2,ios,1
T005220,U00901,2026-08-08 15:30:12,645,recharge,2,ios,0
T007419,U00604,2026-01-29 21:09:57,7162,fuel,1,ios,0
T011850,U00349,2026-06-16 21:06:06,250,recharge,3,ios,0
T012750,U00815,2026-08-20 00:47:43,1712,shopping,2,android,0
T003149,U01831,2026-02-08 20:34:45,2983,shopping,3,ios,0
T004320,U01800,2026-01-28 02:53:27,344,grocery,1,android,0
T005733,U00887,2026-03-25 23:57:11,237,grocery,2,android,0
T006577,U01975,2026-04-14 07:16:06,1063,transfer,1,android,0
T009503,U00203,2026-05-08 00:44:25,1577,fuel,1,android,0
T010153,U00391,2026-03-18 00:49:21,543,grocery,1,ios,0
T000202,U01700,2026-09-30 16:00:34,279,recharge,3,android,0
T003408,U00678,2026-06-18 20:03:40,2426,fuel,3,android,0
T005678,U00458,2026-02-23 17:05:35,552,fuel,3,android,0
T004823,U00107,2026-08-10 17:16:39,2060,transfer,3,ios,0
T001786,U01063,2026-08-05 23:19:14,149,recharge,2,ios,0
T010122,U01673,2026-08-27 23:08:03,871,recharge,3,ios,0
T000255,U00233,2026-03-23 19:54:11,7439,transfer,3,android,0
T006623,U00569,2026-08-12 23:45:59,900,recharge,1,ios,0
T012193,U00174,2026-05-20 03:13:04,404,recharge,3,android,0
T013523,U01875,2026-01-01 09:05:29,4872,transfer,2,android,0
T014867,U00703,2026-08-28 17:46:48,693,grocery,2,ios,0
T001972,U00375,2026-06-25 18:45:40,943,fuel,3,android,0
T009345,U01925,2026-02-21 23:25:30,491,fuel,3,ios,0
T000887,U00424,2026-03-26 14:06:54,1731,fuel,1,web,0
T013811,U01794,2026-02-27 11:01:16,275,recharge,2,android,0
T002728,U01561,2026-04-08 00:41:34,1279,shopping,3,android,0
T009477,U01584,2026-04-05 11:09:10,121,recharge,2,ios,0
T014891,U01023,2026-02-07 03:14:28,447,recharge,3,android,0
T008351,U00286,2026-01-25 02:33:04,245,recharge,2,ios,0
T010196,U00269,2026-08-22 19:38:38,4274,transfer,2,ios,0
T014241,U00560,2026-07-12 12:53:59,308,recharge,3,ios,0
T008740,U00832,2026-05-10 00:50:15,1192,recharge,3,ios,0
T013465,U01847,2026-04-15 11:54:58,6341,transfer,3,ios,0
T004772,U01235,2026-06-15 15:55:56,5023,transfer,1,android,0
T002588,U01881,2026-03-03 22:12:56,599,fuel,3,ios,0
T002399,U00988,2026-06-30 12:08:35,3450,grocery,1,ios,0
T007781,U00261,2026-01-12 01:13:08,1175,fuel,3,ios,0
T010854,U00153,2026-07-13 12:05:46,4997,transfer,1,ios,0
T006370,U00464,2026-04-10 10:57:35,100,recharge,2,ios,0
T006026,U00485,2026-02-02 13:01:20,535,fuel,1,ios,0
T003603,U01987,2026-04-10 05:19:13,1499,fuel,2,ios,0
T013089,U00603,2026-09-02 06:24:01,253,recharge,2,android,0
T005829,U01128,2026-01-02 12:28:38,273,recharge,2,android,0
T006572,U00171,2026-04-20 12:46:03,162,recharge,3,android,0
T007168,U01117,2026-01-03 21:09:41,499,grocery,3,android,0
T000818,U01232,2026-01-14 08:06:28,372,recharge,1,android,0
T000714,U01617,2026-07-17 15:16:23,783,fuel,3,android,0
T003109,U01132,2026-03-12 15:41:59,425,grocery,1,ios,0
T008880,U00776,2026-02-12 18:25:21,416,fuel,3,ios,0
T008058,U01526,2026-07-15 13:15:03,3969,transfer,1,android,0
T000737,U01847,2026-07-19 03:33:30,865,grocery,2,ios,0
T003331,U01580,2026-01-14 01:35:54,368,recharge,2,android,0
T009651,U00744,2026-05-08 00:41:02,3739,fuel,1,ios,0
T008167,U01898,2026-08-18 09:58:11,160,recharge,1,ios,0
T013314,U00260,2026-02-06 18:44:57,14559,shopping,3,android,0
T003437,U01604,2026-09-23 15:15:30,1838,recharge,2,android,0
T013893,U00188,2026-02-11 04:58:32,219,recharge,3,android,0
T008912,U00066,2026-05-09 01:47:23,4469,transfer,1,ios,0
T014557,U00416,2026-08-20 08:14:34,3544,fuel,3,ios,0
T008654,U01572,2026-02-12 20:10:03,902,fuel,3,ios,0
T001422,U01172,2026-01-04 17:54:00,5544,fuel,1,android,0
T006332,U01043,2026-06-28 10:56:10,2173,transfer,2,ios,0
T009275,U00594,2026-09-12 16:51:56,17080,transfer,3,ios,0
T010232,U00231,2026-03-18 12:32:21,8067,transfer,3,android,0
T008223,U00986,2026-07-10 10:24:33,222,recharge,2,ios,0
T001761,U00878,2026-02-16 05:06:48,3936,transfer,3,android,0
T014826,U00712,2026-04-26 14:04:31,3622,transfer,2,ios,0
T009655,U00843,2026-07-04 04:23:39,4450,transfer,3,ios,0
T005938,U01582,2026-04-10 01:24:13,92,recharge,2,android,0
T014859,U00972,2026-03-20 00:54:32,1467,shopping,3,android,0
T009250,U00949,2026-08-18 09:56:38,483,grocery,2,android,0
T003796,U00049,2026-03-07 21:16:52,882,recharge,1,android,0
T007133,U01705,2026-01-21 16:44:33,1026,recharge,2,android,0
T001885,U00093,2026-04-20 22:07:25,5730,shopping,2,android,0
T012793,U00022,2026-04-28 08:30:07,1490,fuel,2,android,0
T000685,U00485,2026-05-30 12:54:49,12921,transfer,3,ios,0
T003376,U01088,2026-08-11 12:22:51,675,recharge,3,ios,0
T007883,U00533,2026-01-15 13:19:27,5229,shopping,2,ios,0
T000750,U01454,2026-05-01 12:20:01,6559,transfer,1,ios,0
T007010,U00224,2026-03-28 08:24:56,1405,shopping,1,web,0
T011047,U01041,2026-02-05 09:54:11,396,recharge,3,android,0
T009107,U01508,2026-03-27 02:15:54,415,grocery,2,android,0
T003940,U01209,2026-02-26 03:43:33,6008,transfer,1,ios,0
T004218,U00992,2026-03-13 01:03:14,2418,fuel,1,android,0
T004568,U01457,2026-08-15 04:41:42,28790,transfer,1,ios,0
T011002,U01296,2026-03-02 12:42:10,2812,shopping,2,ios,0
T008184,U01731,2026-04-20 14:28:33,2243,shopping,2,android,0
T001541,U01243,2026-01-31 01:01:08,2517,fuel,2,ios,0
T003929,U00138,2026-03-18 05:41:32,4201,transfer,1,ios,0
T011586,U01562,2026-04-20 05:59:39,504,recharge,3,android,0
T013222,U01463,2026-04-18 22:06:10,709,shopping,3,ios,0
T010467,U00354,2026-03-18 03:12:04,355,fuel,3,android,0
T007152,U00359,2026-05-20 13:51:37,132,grocery,2,ios,0
T007060,U01540,2026-08-13 08:13:35,788,recharge,1,android,0
T005255,U01197,2026-08-31 00:51:52,563,grocery,3,android,0
T014780,U00447,2026-02-02 01:01:47,342,recharge,1,ios,0
T013490,U01831,2026-07-28 03:21:40,6514,shopping,2,ios,0
T010804,U01323,2026-02-10 21:24:18,814,transfer,2,ios,0
T000376,U01947,2026-03-20 18:32:45,7657,transfer,1,ios,0
T003164,U00996,2026-05-21 15:15:11,2157,shopping,2,ios,0
T011156,U01488,2026-02-10 16:57:39,6139,transfer,1,ios,0
T014628,U00187,2026-03-06 09:43:59,32574,transfer,3,android,0
T001169,U01361,2026-09-18 01:30:29,8025,transfer,2,ios,0
T002917,U00033,2026-01-06 07:08:05,11929,transfer,1,ios,0
T000165,U01927,2026-03-08 00:23:25,173,recharge,3,ios,0
T008700,U01764,2026-08-18 22:58:44,1976,grocery,2,ios,0
T001695,U00084,2026-09-03 07:14:23,3841,transfer,2,android,0
T003130,U01276,2026-06-27 14:50:53,13257,transfer,2,ios,0
T004721,U00596,2026-07-02 22:27:04,1352,grocery,2,android,0
T003870,U01433,2026-06-07 04:36:50,659,grocery,1,ios,0
T013644,U00196,2026-01-04 01:30:26,4332,shopping,1,ios,0
T004600,U01878,2026-04-26 18:36:58,2036,transfer,2,android,0
T012939,U01324,2026-08-24 00:40:02,1684,shopping,2,android,0
T014631,U01100,2026-04-11 21:07:25,3147,fuel,2,ios,0
T014368,U01145,2026-02-14 06:33:33,5147,fuel,2,ios,0
T006600,U01905,2026-05-29 19:36:31,5178,shopping,1,android,0
T003614,U01520,2026-05-18 08:59:14,9221,transfer,3,android,0
T013044,U01236,2026-06-07 10:42:19,4754,fuel,1,ios,0
T005972,U01977,2026-09-14 02:39:13,274,recharge,1,ios,0
T010774,U01823,2026-08-29 02:27:41,265,fuel,3,android,0
T009888,U00236,2026-02-25 08:47:28,547,fuel,2,android,0
T004457,U00365,2026-03-11 20:48:52,1554,fuel,1,ios,0
T009723,U01169,2026-07-15 05:20:03,122,fuel,1,ios,0
T007570,U00985,2026-07-18 11:57:51,795,fuel,1,android,0
T006235,U01222,2026-06-22 21:33:55,268,recharge,3,ios,0
T010101,U01316,2026-09-18 08:42:24,1035,transfer,2,ios,0
T000616,U01524,2026-05-29 02:49:16,343,grocery,3,ios,0
T004374,U01657,2026-04-03 07:38:50,20133,transfer,2,android,0
T013165,U00674,2026-06-23 04:56:39,552,shopping,1,android,0
T001354,U00677,2026-07-17 06:28:59,1817,fuel,3,android,0
T003160,U00991,2026-05-22 20:40:43,1359,fuel,1,ios,0
T013900,U00776,2026-09-12 21:41:52,1159,grocery,3,ios,0
T000954,U00774,2026-03-16 05:43:51,1536,fuel,2,android,0
T004974,U00684,2026-09-05 05:34:35,55,recharge,2,android,0
T005415,U00590,2026-02-15 22:18:41,7645,transfer,1,android,0
T014730,U00527,2026-06-29 10:22:43,9335,transfer,1,android,0
T010417,U00477,2026-07-25 15:12:31,4028,fuel,3,ios,0
T009264,U01109,2026-04-25 22:43:20,2087,transfer,3,ios,0
T010607,U01985,2026-04-03 00:44:48,280,recharge,3,ios,0
T008024,U00709,2026-04-01 18:20:19,3658,shopping,2,ios,0
T013111,U00243,2026-01-17 22:11:15,37097,transfer,2,ios,0
T010641,U00822,2026-01-05 17:15:19,98,recharge,1,ios,0
T013883,U00212,2026-09-24 21:18:00,2120,shopping,3,web,0
T001263,U01220,2026-04-13 01:59:24,3700,transfer,3,android,0
T004230,U00171,2026-02-13 20:40:29,3752,transfer,2,android,0
T006809,U00024,2026-09-22 20:04:49,1344,grocery,1,ios,0
T014663,U01002,2026-06-07 13:33:06,3026,shopping,3,android,0
T014348,U00018,2026-03-28 22:37:29,184,grocery,3,android,0
T012079,U01269,2026-05-26 14:06:02,652,grocery,1,ios,0
T000001,U00377,2026-03-29 12:21:48,873,shopping,2,ios,0
T002220,U01843,2026-04-07 02:05:25,1433,shopping,1,android,1
T011217,U01523,2026-08-09 01:28:00,1140,grocery,3,web,0
T011056,U00221,2026-08-31 01:54:55,9816,transfer,2,android,0
T005406,U01759,2026-06-12 04:01:36,272,grocery,1,ios,0
T008152,U00251,2026-07-28 23:13:18,573,recharge,2,android,0
T003604,U00056,2026-09-20 18:54:53,490,fuel,2,ios,0
T007347,U00346,2026-06-09 21:23:38,891,grocery,1,android,0
T014214,U01671,2026-03-21 19:14:57,8428,transfer,1,ios,0
T012497,U00608,2026-07-18 13:54:23,1045,recharge,3,ios,0
T011426,U00824,2026-05-14 21:37:22,9983,transfer,3,web,0
T006479,U01930,2026-08-27 05:43:09,2804,shopping,3,android,0
T009034,U01890,2026-04-28 09:59:27,700,fuel,3,ios,0
T006285,U01940,2026-03-10 17:05:18,6443,transfer,3,android,0
T014734,U00769,2026-07-30 14:30:26,1069,shopping,1,ios,0
T000020,U01607,2026-02-07 00:50:12,593,recharge,3,ios,0
T005690,U00139,2026-06-21 02:02:33,3432,shopping,1,android,0
T000079,U00606,2026-02-13 18:50:49,265,grocery,1,ios,0
T007223,U00740,2026-04-10 17:51:44,142,recharge,1,ios,0
T006372,U01977,2026-01-10 22:37:28,10765,transfer,1,ios,0
T000884,U00989,2026-07-15 16:24:12,8572,transfer,3,ios,0
T008088,U01616,2026-01-18 07:19:15,2149,shopping,2,android,0
T004684,U00535,2026-05-24 13:46:59,4498,transfer,2,android,0
T010135,U01790,2026-06-05 03:43:07,2863,transfer,1,android,0
T008182,U01942,2026-06-23 21:41:51,794,grocery,2,ios,0
T005981,U01863,2026-02-15 20:11:39,594,transfer,2,ios,0
T004353,U01510,2026-06-02 01:54:36,388,recharge,2,ios,0
T008550,U01758,2026-01-05 15:27:57,401,recharge,3,ios,0
T008506,U01915,2026-05-15 15:14:27,1122,fuel,2,ios,0
T008312,U01146,2026-09-02 14:17:24,425,recharge,1,ios,0
T000349,U01220,2026-08-12 19:21:12,130,recharge,1,ios,0
T012427,U01818,2026-02-10 16:44:40,682,fuel,1,ios,0
T003062,U01103,2026-08-27 13:15:17,1202,recharge,3,android,0
T003225,U01758,2026-06-18 11:59:30,189,recharge,3,ios,0
T005861,U01117,2026-01-14 23:55:14,15571,transfer,2,android,0
T011291,U00050,2026-09-06 16:57:51,1401,shopping,1,android,0
T010832,U00308,2026-02-15 10:51:27,2210,shopping,2,android,0
T008684,U00539,2026-08-03 15:16:55,2375,grocery,2,android,0
T008391,U00473,2026-09-29 05:08:03,4328,transfer,3,ios,0
T010696,U00527,2026-09-09 23:00:40,3356,fuel,2,android,0
T003533,U00985,2026-07-30 07:52:40,10204,shopping,2,android,0
T001101,U00837,2026-08-12 16:49:07,4636,transfer,3,android,0
T009679,U01392,2026-09-01 05:57:35,6802,shopping,3,ios,0
T011242,U00891,2026-03-01 23:34:55,15982,transfer,3,ios,0
T006785,U01880,2026-05-26 15:56:56,10344,transfer,3,android,0
T001411,U01937,2026-01-16 07:01:58,604,fuel,2,android,0
T002835,U00766,2026-09-12 13:08:11,274,grocery,3,android,0
T012572,U00575,2026-09-28 05:19:36,3317,shopping,2,android,0
T001303,U01456,2026-07-20 17:53:52,13913,transfer,3,android,0
T012407,U01894,2026-05-13 20:26:57,446,grocery,1,android,0
T004000,U00853,2026-04-03 07:20:21,5379,transfer,1,ios,0
T010886,U00392,2026-03-01 20:00:41,1944,shopping,2,android,0
T003169,U01463,2026-01-10 20:43:45,2412,transfer,1,ios,0
T010161,U00283,2026-09-13 23:49:06,15733,transfer,2,android,0
T004067,U00109,2026-08-09 05:59:25,5000,grocery,2,ios,1
T005489,U00687,2026-01-12 17:08:11,27995,transfer,3,ios,0
T013444,U00681,2026-08-20 21:15:19,5115,fuel,3,android,0
T013882,U00561,2026-08-11 09:22:18,1429,fuel,2,ios,0
T012019,U01258,2026-05-06 11:55:36,5839,grocery,3,ios,0
T003368,U01662,2026-05-25 01:55:07,4723,shopping,3,ios,0
T000085,U00634,2026-02-23 06:54:23,5000,fuel,1,ios,1
T003839,U00704,2026-07-01 09:06:32,5329,fuel,2,android,0
T005362,U00534,2026-05-08 00:42:10,11604,transfer,1,android,0
T000313,U00882,2026-01-03 19:16:35,327,recharge,3,ios,0
T014128,U00074,2026-01-01 21:15:54,5667,transfer,1,ios,0
T013780,U01351,2026-02-28 18:05:06,1408,fuel,2,ios,0
T013385,U01627,2026-07-18 00:21:28,5641,grocery,2,ios,0
T014221,U00969,2026-04-28 13:41:58,1188,transfer,1,ios,0
T008387,U00495,2026-04-25 14:10:20,1163,grocery,1,android,0
T010517,U00952,2026-01-12 17:35:10,1155,grocery,1,ios,0
T002272,U00008,2026-07-28 09:17:52,4393,shopping,1,android,0
T000993,U00285,2026-06-19 04:51:17,503,grocery,2,ios,0
T012138,U01880,2026-08-31 12:23:16,9288,transfer,1,android,0
T008895,U00904,2026-08-28 06:50:39,357,grocery,2,android,0
T006324,U01332,2026-07-25 02:50:22,5369,fuel,1,android,0
T000546,U01560,2026-07-21 20:12:43,610,recharge,1,android,0
T014519,U00924,2026-03-03 05:32:06,977,fuel,3,android,0
T004947,U00618,2026-08-25 19:13:32,3202,grocery,1,android,0
T010739,U01095,2026-06-10 08:09:36,12132,transfer,3,ios,0
T013660,U00206,2026-08-23 16:56:48,2018,fuel,3,ios,0
T014721,U01113,2026-09-20 20:37:18,4740,shopping,3,android,0
T010480,U01686,2026-02-06 04:18:22,1057,shopping,1,ios,0
T008782,U01735,2026-05-11 23:45:05,322,recharge,2,ios,0
T000492,U01827,2026-01-02 23:19:35,2189,shopping,1,web,0
T008151,U00493,2026-08-22 03:22:06,2100,transfer,1,android,0
T006848,U01358,2026-06-03 19:58:02,867,shopping,3,android,0
T007417,U01005,2026-09-20 05:54:15,2367,transfer,3,ios,0
T006687,U01330,2026-02-12 12:51:24,254,recharge,1,ios,0
T010857,U00205,2026-07-12 03:31:33,6035,transfer,2,android,0
T003758,U01906,2026-08-18 10:18:51,384,fuel,1,ios,0
T012971,U01425,2026-08-24 11:12:46,21112,transfer,3,android,0
T013072,U01294,2026-03-13 20:47:35,15206,fuel,1,ios,0
T002862,U01616,2026-06-29 10:23:36,333,shopping,2,android,0
T000855,U01791,2026-02-22 23:36:16,749,grocery,2,web,0
T011960,U01283,2026-08-22 20:23:51,461,recharge,3,ios,0
T009950,U01419,2026-06-26 04:22:18,2829,shopping,1,android,0
T012702,U01809,2026-09-04 06:00:01,8454,fuel,3,ios,0
T010044,U00130,2026-02-11 06:53:12,2770,fuel,1,ios,0
T005639,U00149,2026-05-28 02:02:05,2953,shopping,2,android,0
T010947,U01096,2026-01-18 16:18:25,922,fuel,1,web,0
T008621,U00207,2026-05-18 01:19:37,2332,fuel,3,ios,0
T004944,U01586,2026-08-15 18:29:18,3130,transfer,3,ios,0
T002236,U00460,2026-08-23 19:17:30,4278,fuel,2,android,0
T001610,U00332,2026-05-21 08:46:05,2629,transfer,1,android,0
T005693,U01645,2026-07-12 10:28:01,1721,shopping,1,android,0
T003522,U01100,2026-04-21 09:34:38,436,transfer,3,ios,0
T001487,U01281,2026-09-03 17:10:03,2760,fuel,3,android,0
T002857,U00768,2026-07-29 08:56:55,538,fuel,2,android,0
T000335,U00090,2026-03-20 11:30:47,708,fuel,1,android,0
T013299,U01409,2026-07-02 11:59:25,2218,grocery,2,ios,0
T004074,U01419,2026-09-04 11:06:01,24816,shopping,2,android,0
T014844,U00845,2026-05-12 09:31:09,3132,shopping,1,ios,0
T010264,U00771,2026-08-02 13:51:40,14223,transfer,1,ios,0
T004095,U00967,2026-09-12 10:59:22,1862,fuel,1,android,0
T001308,U01526,2026-05-12 00:19:59,28,recharge,3,android,0
T001269,U00799,2026-08-24 14:53:56,5759,transfer,1,ios,0
T010827,U00464,2026-08-03 14:54:04,318,fuel,3,web,0
T011962,U00193,2026-01-18 19:26:45,287,grocery,2,ios,0
T011136,U01768,2026-03-17 03:19:44,6182,shopping,2,ios,0
T010570,U00971,2026-08-01 19:30:55,12171,transfer,3,web,0
T000453,U01383,2026-03-17 16:50:20,1650,fuel,3,ios,0
T012605,U01440,2026-07-27 18:10:09,41,recharge,3,ios,0
T006854,U01594,2026-05-10 19:20:21,3260,fuel,2,android,0
T013489,U01133,2026-05-21 00:31:27,5327,transfer,2,ios,0
T005088,U00755,2026-03-21 12:42:38,1432,fuel,1,android,0
T006493,U01492,2026-06-07 04:00:08,3173,grocery,3,ios,0
T003296,U01418,2026-02-17 02:22:43,13610,transfer,2,ios,0
T002306,U00473,2026-02-04 09:32:21,1805,transfer,3,ios,0
T004641,U00480,2026-06-07 20:06:28,1092,fuel,1,android,0
T003761,U01904,2026-03-22 06:57:06,17093,transfer,1,ios,0
T005842,U01481,2026-06-07 23:57:48,220,grocery,2,ios,0
T002752,U00411,2026-05-08 19:40:56,197,recharge,3,android,0
T002495,U01684,2026-02-13 08:36:59,613,grocery,2,ios,0
T002063,U01977,2026-09-20 19:21:07,316,fuel,3,ios,0
T014900,U00182,2026-08-19 07:15:07,761,recharge,1,android,0
T005980,U01220,2026-05-05 13:22:56,1221,recharge,2,android,0
T008923,U00577,2026-05-28 17:53:21,1638,grocery,1,ios,0
T008938,U01389,2026-08-23 18:08:30,1743,transfer,3,android,0
T007140,U01234,2026-07-27 22:05:03,3872,fuel,2,ios,0
T014223,U00797,2026-04-11 23:43:10,452,shopping,1,android,0
T012929,U00747,2026-01-03 14:32:02,181,recharge,3,ios,0
T003574,U01051,2026-03-16 15:22:16,4755,fuel,1,ios,0
T002034,U00962,2026-01-16 20:59:52,579,recharge,2,ios,0
T012088,U00097,2026-02-06 08:43:21,1531,grocery,1,android,0
T000213,U01071,2026-01-21 14:36:05,1111,grocery,1,ios,0
T014866,U01122,2026-08-06 08:26:19,287,grocery,3,android,0
T011063,U00489,2026-03-12 20:04:20,619,recharge,1,ios,0
T014559,U00200,2026-01-07 03:43:35,5437,shopping,1,android,0
T009512,U00272,2026-03-10 11:54:46,2014,fuel,2,ios,0
T007186,U01556,2026-02-28 04:07:00,442,grocery,2,ios,0
T011644,U00286,2026-03-18 03:19:49,3171,transfer,2,ios,0
T003215,U00460,2026-09-12 18:52:35,697,recharge,2,android,0
T006267,U00436,2026-05-30 14:24:33,2336,grocery,1,ios,0
T003668,U00313,2026-06-05 12:22:50,233,grocery,2,android,0
T007640,U00853,2026-09-17 10:01:07,337,recharge,3,ios,0
T009060,U00496,2026-04-20 07:41:41,1365,shopping,2,android,0
T002310,U01464,2026-03-06 15:53:23,146,grocery,1,ios,0
T011582,U01706,2026-08-22 03:58:06,152,recharge,1,ios,0
T002408,U01603,2026-08-04 14:54:16,7275,transfer,2,ios,0
T010268,U01342,2026-07-07 08:26:12,8492,transfer,3,android,0
T005375,U01696,2026-06-01 02:18:52,274,grocery,3,ios,0
T011360,U01087,2026-06-11 13:13:47,448,grocery,1,android,0
T009329,U01163,2026-06-07 21:12:55,321,recharge,2,android,0
T011663,U01202,2026-06-25 15:05:46,3887,transfer,2,android,0
T011094,U00250,2026-01-21 00:52:50,681,recharge,1,ios,0
T007648,U01878,2026-04-19 02:14:54,5580,shopping,3,android,0
T010352,U00790,2026-03-13 20:53:36,24256,transfer,1,ios,0
T009082,U00823,2026-07-14 07:45:19,503,grocery,2,ios,0
T002478,U01436,2026-03-13 02:01:22,1496,grocery,3,ios,0
T007463,U01511,2026-08-31 13:16:09,4105,transfer,3,ios,0
T012119,U00977,2026-01-12 04:18:32,1040,fuel,2,ios,0
T007687,U00602,2026-08-04 15:25:23,1122,grocery,1,ios,0
T014480,U01965,2026-03-27 23:12:56,8077,transfer,1,android,0
T004938,U00706,2026-05-24 20:51:25,217,recharge,1,android,0
T003565,U00980,2026-01-24 17:46:43,3905,shopping,2,ios,0
T010386,U01978,2026-07-05 23:04:00,563,shopping,3,android,0
T004837,U01776,2026-09-03 17:19:56,1183,grocery,1,android,0
T006731,U01616,2026-04-28 23:18:28,358,recharge,3,android,0
T014829,U00226,2026-07-06 08:08:00,199,grocery,2,android,0
T013586,U01638,2026-04-12 12:57:25,2065,grocery,2,android,0
T001377,U01312,2026-05-29 03:43:57,579,shopping,1,android,0
T013168,U00225,2026-08-22 13:01:34,4517,grocery,1,android,0
T010291,U01902,2026-04-19 22:33:39,316,recharge,1,ios,0
T002435,U00260,2026-02-20 23:43:58,379,recharge,3,android,0
T006748,U01036,2026-04-15 12:28:27,2114,grocery,2,ios,0
T014610,U00386,2026-09-06 09:11:04,1253,shopping,2,android,0
T001809,U01003,2026-06-29 21:12:26,899,fuel,1,android,0
T002955,U01572,2026-03-13 18:30:38,356,recharge,2,ios,0
T001270,U00702,2026-04-21 09:15:55,529,recharge,3,android,0
T010654,U00605,2026-05-01 02:03:33,7397,transfer,3,android,0
T006665,U01315,2026-07-14 09:47:33,3565,shopping,2,android,0
T002665,U01854,2026-02-06 08:32:49,884,grocery,2,ios,0
T006732,U01269,2026-05-08 14:29:46,124,recharge,2,ios,0
T013484,U00839,2026-06-09 16:47:21,4946,fuel,3,ios,0
T010447,U00950,2026-05-23 13:33:44,176,fuel,2,ios,0
T007802,U00493,2026-01-11 12:34:18,1686,transfer,1,android,0
T004055,U01606,2026-04-05 21:27:04,9148,transfer,3,android,0
T007065,U01147,2026-04-02 14:44:15,376,grocery,1,ios,0
T003592,U00562,2026-02-13 17:13:32,43,recharge,2,android,0
T006257,U01924,2026-07-02 06:09:52,1612,shopping,3,android,0
T004257,U00932,2026-05-04 22:10:55,2643,fuel,3,ios,0
T008510,U00665,2026-01-03 19:16:06,431,grocery,1,android,0
T009272,U00817,2026-06-24 23:10:49,3861,shopping,1,android,0
T014164,U01763,2026-08-18 05:36:20,808,transfer,3,android,0
T009637,U01344,2026-05-25 17:03:44,7082,shopping,2,android,0
T014016,U01031,2026-04-13 12:48:06,23444,transfer,2,android,0
T004704,U00900,2026-05-11 09:21:09,1125,recharge,2,ios,0
T002943,U01548,2026-01-13 03:16:37,4616,fuel,3,ios,0
T012271,U01495,2026-02-18 03:34:01,14470,transfer,1,ios,0
T005063,U00026,2026-01-26 04:00:13,1835,grocery,3,android,0
T004593,U01878,2026-03-08 03:06:31,524,grocery,2,android,0
T011716,U00737,2026-04-14 10:19:34,270,fuel,1,ios,0
T002082,U00599,2026-09-18 08:08:32,1069,recharge,1,ios,0
T009793,U01984,2026-08-15 13:02:56,556,fuel,2,android,0
T014307,U01436,2026-01-13 15:30:17,349,recharge,3,ios,0
T014946,U01546,2026-04-18 00:17:18,2620,grocery,3,android,0
T010270,U01059,2026-05-10 11:34:00,964,shopping,3,ios,0
T003047,U00664,2026-06-08 19:47:25,493,grocery,3,android,0
T011920,U00661,2026-08-29 07:55:20,1770,recharge,2,android,0
T012051,U00231,2026-05-25 04:16:24,1005,fuel,3,android,0
T002953,U00598,2026-08-25 01:10:08,3385,fuel,1,ios,0
T008449,U00307,2026-02-26 03:04:43,2004,shopping,2,android,0
T003645,U01865,2026-04-11 03:53:57,607,grocery,2,ios,0
T004094,U00765,2026-09-28 13:55:06,2679,shopping,3,android,0
T014330,U01486,2026-06-30 03:41:07,2133,transfer,2,ios,0
T008954,U01856,2026-06-27 02:35:53,4887,transfer,2,android,0
T013144,U01160,2026-04-09 23:58:51,1566,transfer,2,android,0
T012239,U00671,2026-05-12 12:52:40,8393,transfer,3,ios,0
T005603,U00759,2026-02-28 18:32:15,1759,fuel,1,web,0
T006473,U00492,2026-07-01 15:18:23,1001,fuel,2,android,0
T000406,U01219,2026-05-03 03:20:48,1248,grocery,2,android,0
T006645,U01596,2026-05-25 23:13:29,2795,transfer,1,web,0
T009680,U00874,2026-03-28 18:27:57,1597,shopping,3,ios,0
T011254,U00677,2026-07-06 23:24:05,1691,fuel,2,android,0
T012595,U00835,2026-04-05 10:09:27,6086,fuel,1,ios,0
T014256,U01399,2026-01-19 20:32:42,1574,recharge,1,ios,0
T008715,U01216,2026-06-21 03:47:35,27357,shopping,1,ios,0
T013684,U00172,2026-09-11 05:41:46,2080,fuel,3,ios,0
T010038,U01638,2026-07-28 02:22:31,2010,grocery,3,android,0
T002991,U01942,2026-03-07 02:46:16,2429,shopping,1,ios,0
T002520,U00924,2026-06-18 11:34:23,1582,shopping,1,android,0
T000345,U01488,2026-07-21 00:28:08,420,grocery,2,ios,0
T000726,U01813,2026-04-29 11:28:50,718,grocery,2,android,0
T014673,U01587,2026-05-02 20:34:21,8716,shopping,2,ios,0
T003975,U01169,2026-02-13 20:19:57,1589,shopping,3,ios,0
T013896,U01407,2026-04-13 21:20:29,1394,shopping,1,ios,0
T005582,U00857,2026-05-13 18:07:44,158,recharge,3,android,0
T011212,U00538,2026-04-30 14:22:28,1706,grocery,2,android,0
T004596,U01986,2026-09-14 18:42:12,2493,shopping,1,ios,0
T001351,U00046,2026-01-23 08:21:55,8036,shopping,2,android,0
T009007,U00769,2026-08-26 18:44:58,883,transfer,2,ios,0
T006905,U00446,2026-04-21 23:00:44,12304,transfer,1,android,0
T004694,U00388,2026-08-19 18:37:09,1953,shopping,1,ios,0
T003320,U01155,2026-08-09 14:24:33,6113,shopping,3,ios,0
T009640,U00014,2026-07-05 16:29:43,4426,transfer,2,android,0
T007674,U00058,2026-07-20 06:51:29,2346,transfer,2,android,0
T013251,U01602,2026-02-25 00:07:14,115,recharge,3,android,0
T007071,U01992,2026-04-19 05:39:56,7087,fuel,2,android,0
T002181,U01660,2026-08-08 06:02:10,3882,shopping,1,android,0
T012931,U00047,2026-09-12 05:24:03,1223,recharge,3,ios,0
T007481,U01849,2026-08-18 10:09:33,615,fuel,1,ios,0
T009482,U01516,2026-07-24 20:11:48,1422,grocery,1,ios,0
T009373,U00227,2026-01-08 21:03:26,2258,shopping,3,ios,0
T013482,U00078,2026-05-31 16:57:29,1409,shopping,1,android,0
T002954,U01760,2026-04-03 06:05:35,664,fuel,3,android,0
T003339,U01386,2026-07-08 19:43:51,1828,shopping,1,android,0
T001493,U00628,2026-03-23 06:17:44,1611,fuel,2,android,0
T003072,U01400,2026-01-12 05:23:48,2872,grocery,1,android,0
T004983,U00278,2026-01-17 23:02:48,4500,transfer,2,android,0
T004043,U00460,2026-04-30 14:22:26,3738,grocery,2,android,0
T013515,U00981,2026-03-22 21:44:34,1708,fuel,1,android,0
T005575,U00854,2026-06-22 06:47:25,343,recharge,3,android,0
T000099,U01036,2026-01-30 01:28:14,1745,fuel,3,ios,0
T001544,U00133,2026-06-01 00:31:47,5942,transfer,3,android,0
T009657,U01627,2026-08-07 21:34:17,496,fuel,3,ios,0
T004858,U01507,2026-06-09 03:07:53,6705,transfer,2,ios,0
T011026,U00643,2026-06-09 02:22:42,318,transfer,2,android,0
T003161,U00213,2026-09-04 04:11:23,1469,fuel,2,ios,0
T007685,U00349,2026-02-27 21:39:36,9711,shopping,3,ios,0
T008136,U01479,2026-01-02 18:33:05,1209,shopping,3,android,0
T012796,U01603,2026-01-03 06:44:42,1141,fuel,1,ios,0
T014319,U01825,2026-08-04 10:04:51,114,recharge,2,android,0
T011159,U01573,2026-04-15 14:38:08,2709,transfer,1,ios,0
T004477,U01881,2026-08-06 01:30:28,11797,transfer,2,ios,0
T001986,U01887,2026-07-29 18:57:19,104,recharge,2,android,0
T013841,U01000,2026-05-03 00:01:19,283,grocery,3,ios,0
T012096,U00875,2026-09-24 17:30:41,9065,shopping,1,android,0
T009385,U00929,2026-01-26 02:04:17,4881,transfer,2,android,0
T006548,U00332,2026-09-14 12:19:00,3774,grocery,2,android,0
T003467,U01505,2026-08-13 11:16:14,967,grocery,3,ios,0
T010870,U01252,2026-07-02 04:55:47,921,recharge,1,ios,0
T001497,U00065,2026-04-10 08:03:45,46563,transfer,2,ios,0
T014956,U00605,2026-03-30 17:03:17,1334,shopping,2,android,0
T010305,U00457,2026-07-13 08:22:03,210,recharge,3,android,0
T002177,U00330,2026-08-02 10:12:10,2092,shopping,3,android,0
T012049,U01940,2026-03-31 03:17:41,2718,shopping,3,android,0
T001219,U00925,2026-08-16 04:00:25,2261,transfer,1,ios,0
T003394,U01097,2026-05-14 20:50:30,1448,grocery,1,ios,0
T008935,U01739,2026-01-29 12:22:23,1917,shopping,3,ios,0
T006146,U01165,2026-09-14 23:26:09,807,fuel,3,android,0
T006183,U01612,2026-04-16 06:50:02,707,grocery,2,ios,0
T004814,U00884,2026-04-05 16:42:05,2102,shopping,2,ios,0
T004476,U00824,2026-05-08 14:51:34,763,grocery,1,android,0
T002530,U01330,2026-01-02 16:12:28,261,recharge,2,ios,0
T011440,U00734,2026-04-20 08:27:51,377,fuel,1,ios,0
T008952,U00511,2026-05-27 17:33:23,1018,fuel,2,ios,0
T010752,U00434,2026-07-01 06:33:42,8800,transfer,3,ios,0
T002513,U01469,2026-04-07 14:42:05,2596,shopping,2,ios,0
T006249,U01524,2026-04-25 13:20:27,949,fuel,1,ios,0
T005043,U00469,2026-09-09 07:00:22,4409,transfer,3,android,0
T010434,U00445,2026-03-25 11:19:30,791,shopping,1,ios,0
T012139,U01956,2026-02-24 05:55:36,153,grocery,1,ios,0
T003177,U00635,2026-09-19 02:57:43,6472,shopping,1,android,0
T012182,U01651,2026-02-22 13:37:40,7397,transfer,2,ios,0
T014142,U01526,2026-08-02 03:47:06,2153,shopping,1,android,0
T014758,U01446,2026-03-24 15:04:30,745,grocery,1,android,0
T012095,U01069,2026-07-27 18:01:36,1591,fuel,2,ios,0
T008116,U01707,2026-02-20 14:02:29,4337,transfer,3,ios,0
T006074,U00624,2026-07-10 22:02:56,1375,recharge,3,android,0
T010682,U01844,2026-06-13 17:58:48,894,recharge,2,android,0
T002540,U00147,2026-09-25 05:11:41,7495,transfer,3,ios,0
T006966,U00952,2026-01-16 11:10:15,3446,transfer,1,ios,0
T002621,U00108,2026-07-22 08:15:13,10660,transfer,3,android,0
T014778,U00205,2026-07-31 19:37:49,673,fuel,2,android,0
T003518,U00716,2026-01-28 03:33:58,17598,transfer,1,ios,0
T013551,U00384,2026-08-27 12:48:29,1015,transfer,2,ios,0
T014542,U01833,2026-04-27 10:06:55,384,fuel,1,android,0
T012713,U01882,2026-05-02 14:47:30,1028,fuel,2,android,0
T014329,U01147,2026-08-09 16:25:32,444,fuel,2,ios,0
T014032,U01434,2026-04-23 15:38:41,4596,shopping,3,android,0
T005960,U00964,2026-09-25 01:32:03,5000,recharge,1,ios,1
T008793,U00714,2026-09-07 13:28:49,1009,grocery,2,ios,0
T001993,U00002,2026-06-20 00:00:29,2091,grocery,3,android,0
T000281,U00991,2026-06-28 04:46:38,22534,fuel,2,ios,0
T002982,U01590,2026-01-10 19:26:05,3384,transfer,3,android,0
T008642,U01791,2026-01-11 08:57:49,4409,shopping,3,android,0
T005012,U00249,2026-05-19 01:27:42,1889,fuel,3,ios,0
T008798,U01355,2026-05-30 15:11:12,362,fuel,3,ios,0
T001225,U00820,2026-05-10 17:37:00,973,recharge,1,ios,0
T012720,U01416,2026-05-30 09:01:38,1185,transfer,2,android,0
T006999,U00730,2026-09-09 17:06:26,10149,transfer,1,ios,0
T003298,U00247,2026-01-29 21:46:13,39892,transfer,1,ios,0
T009511,U00089,2026-07-17 10:06:00,1568,recharge,2,ios,0
T015028,U00549,2026-01-21 16:39:00,1000,transfer,1,web,1
T001799,U01976,2026-08-27 07:36:44,154,recharge,2,android,0
T004645,U00390,2026-08-17 08:27:39,17024,transfer,2,ios,0
T009090,U01468,2026-08-21 10:50:58,79,fuel,1,ios,0
T004400,U01703,2026-05-05 08:18:19,477,fuel,3,web,0
T014496,U01983,2026-09-26 17:46:29,1184,fuel,1,android,0
T009155,U00770,2026-05-01 10:10:29,301,recharge,2,ios,0
T002123,U01446,2026-04-11 17:32:57,493,recharge,3,android,0
T003722,U00400,2026-04-21 22:50:01,788,grocery,1,android,0
T015055,U01965,2026-03-24 09:46:00,2000,transfer,1,web,1
T013057,U00034,2026-02-09 02:33:10,4041,transfer,3,ios,0
T013519,U00235,2026-06-12 14:25:34,2833,fuel,3,android,0
T011786,U00895,2026-07-19 09:00:36,1324,fuel,3,android,0
T001067,U01425,2026-08-02 10:07:47,554,fuel,2,android,0
T004570,U00679,2026-09-15 15:12:50,2528,shopping,3,android,0
T010160,U01312,2026-03-15 16:17:47,4515,transfer,1,android,0
T007507,U01053,2026-03-23 02:45:08,1666,shopping,2,android,0
T010855,U01956,2026-04-11 00:12:55,1078,fuel,3,ios,0
T005188,U00398,2026-06-03 22:58:11,822,grocery,3,android,0
T012337,U01878,2026-09-26 20:16:31,171,recharge,2,android,0
T014664,U01748,2026-08-08 06:55:58,102,recharge,3,ios,0
T015054,U01965,2026-03-24 09:45:00,2000,transfer,3,web,1
T003571,U01030,2026-04-23 14:59:16,981,grocery,1,ios,0
T005847,U00856,2026-09-02 12:42:12,1871,fuel,2,ios,0
T008541,U00020,2026-05-28 02:53:36,8856,transfer,2,ios,0
T007642,U00574,2026-08-10 21:43:05,1931,shopping,3,ios,0
T004139,U01313,2026-05-08 23:27:48,529,fuel,3,ios,0
T004990,U00065,2026-06-16 04:50:29,662,grocery,3,ios,0
T011256,U01761,2026-04-06 11:53:21,5379,transfer,3,ios,0
T013230,U00755,2026-05-10 00:38:09,331,fuel,2,android,0
T009658,U01823,2026-04-26 09:02:42,580,grocery,1,android,0
T013840,U00890,2026-05-16 09:30:46,1293,shopping,3,ios,0
T006605,U01276,2026-05-22 09:13:53,464,fuel,2,ios,0
T010073,U01305,2026-03-23 01:51:04,990,grocery,2,android,0
T004406,U00832,2026-02-23 01:09:34,14935,transfer,2,ios,0
T001113,U00014,2026-04-20 10:54:57,24535,transfer,1,android,0
T012472,U01255,2026-02-03 10:24:29,1531,shopping,3,ios,0
T010869,U00832,2026-03-21 01:08:14,347,grocery,2,ios,0
T010504,U00629,2026-03-07 02:06:04,677,grocery,1,android,0
T014296,U00400,2026-01-09 02:30:40,1285,transfer,3,android,0
T008748,U00470,2026-06-19 03:54:13,186,recharge,1,ios,0
T004876,U00722,2026-08-28 18:29:04,1882,fuel,1,ios,0
T005705,U00489,2026-05-14 00:03:53,519,fuel,1,ios,0
T003220,U00333,2026-08-15 16:15:21,12839,transfer,1,ios,0
T002510,U00512,2026-06-24 07:40:19,1501,shopping,2,ios,0
T002587,U01915,2026-08-19 14:03:05,6871,transfer,2,ios,0
T004280,U01971,2026-03-09 01:14:02,491,fuel,3,ios,0
T001035,U00596,2026-01-24 15:18:02,612,shopping,2,android,0
T003496,U01605,2026-02-14 17:51:22,2683,shopping,2,ios,0
T002415,U01760,2026-01-02 01:59:50,1949,shopping,2,android,0
T003692,U00614,2026-06-06 06:16:41,1496,shopping,1,ios,0
T002938,U01346,2026-03-06 19:20:22,247,recharge,3,android,0
T000853,U00626,2026-05-02 10:55:09,3441,grocery,2,ios,0
T005140,U01397,2026-02-05 22:22:30,8916,transfer,2,android,0
T003317,U00204,2026-07-06 19:32:14,8999,transfer,2,android,0
T006963,U00843,2026-06-30 19:57:33,1129,shopping,1,ios,0
T013643,U00329,2026-01-15 02:44:25,3710,fuel,3,android,0
T006147,U00653,2026-05-12 13:05:04,164,recharge,2,ios,0
T010133,U00352,2026-08-22 15:44:13,1589,fuel,3,android,0
T005815,U00327,2026-06-18 11:37:12,1445,grocery,2,android,0
T006801,U01072,2026-07-17 14:06:40,489,transfer,1,ios,0
T002249,U00164,2026-01-09 19:14:34,780,recharge,2,android,0
T011391,U00349,2026-09-21 13:00:44,2055,shopping,1,ios,0
T006266,U00837,2026-06-18 01:36:14,3222,transfer,3,android,0
T002114,U01216,2026-08-24 03:05:53,1038,recharge,3,ios,0
T014659,U00569,2026-07-07 05:03:07,720,fuel,3,ios,0
T012721,U00152,2026-09-25 02:09:45,2197,shopping,3,android,0
T006319,U00174,2026-05-28 17:14:14,459,grocery,3,android,0
T012860,U01986,2026-06-22 22:48:32,27,recharge,3,ios,0
T012226,U01910,2026-06-30 06:47:18,1735,grocery,3,android,0
T001918,U01145,2026-03-09 03:26:37,4170,fuel,1,ios,0
T005226,U01498,2026-02-16 15:37:52,1396,transfer,2,android,0
T010427,U00435,2026-02-14 15:58:19,6768,transfer,2,ios,0
T004865,U00980,2026-03-18 09:09:30,259,grocery,1,ios,0
T001568,U01037,2026-05-27 18:30:58,319,grocery,1,ios,0
T001632,U00489,2026-04-17 03:28:29,7750,transfer,1,ios,0
T006771,U01943,2026-06-17 20:06:45,142,recharge,1,android,0
T013685,U01723,2026-01-03 21:17:42,3763,transfer,2,ios,0
T001525,U01899,2026-05-16 08:22:42,136,recharge,1,ios,0
T000211,U01032,2026-02-14 19:39:17,6272,shopping,3,android,0
T002930,U00740,2026-04-15 12:33:57,666,grocery,3,ios,0
T011496,U00420,2026-01-19 12:27:43,2538,shopping,1,ios,0
T006274,U00683,2026-02-09 09:18:38,261,fuel,3,web,0
T005310,U00369,2026-01-28 23:13:23,6468,shopping,3,android,0
T008959,U01503,2026-03-12 15:42:58,1764,fuel,3,android,0
T002006,U00043,2026-05-27 09:40:47,358,grocery,2,android,0
T006860,U00749,2026-02-21 04:57:08,2260,shopping,2,android,0
T012000,U00350,2026-05-14 15:17:41,516,transfer,3,ios,0
T003918,U01315,2026-02-12 02:44:26,2088,shopping,2,android,0
T011752,U01742,2026-01-21 13:34:06,832,fuel,3,ios,0
T001089,U00224,2026-07-18 11:11:46,352,grocery,3,android,0
T009670,U01706,2026-07-06 10:22:51,3707,shopping,3,ios,0
T005122,U00572,2026-09-26 22:36:31,2122,transfer,1,android,0
T000609,U01834,2026-08-06 19:32:34,4779,transfer,1,android,0
T011011,U01709,2026-01-24 04:22:28,3130,transfer,1,ios,0
T010732,U01760,2026-04-16 10:37:56,1627,shopping,3,android,0
T011138,U00461,2026-05-04 06:21:22,3024,transfer,1,android,0
T007180,U00663,2026-04-12 20:52:37,149,shopping,1,android,0
T007616,U00250,2026-04-03 02:38:54,4228,shopping,1,ios,0
T001104,U01459,2026-05-11 17:43:00,432,recharge,1,android,0
T010527,U01640,2026-03-02 04:01:18,25481,transfer,3,android,0
T012524,U01565,2026-05-30 13:52:18,3920,recharge,2,ios,0
T001638,U00006,2026-09-28 09:16:45,882,fuel,3,android,0
T004523,U01364,2026-03-02 18:07:19,20000,recharge,2,web,1
T001743,U01290,2026-06-22 03:58:56,4501,shopping,1,ios,0
T014548,U01312,2026-04-22 14:09:08,1929,fuel,3,android,0
T002819,U00776,2026-07-19 02:02:46,1923,shopping,3,ios,0
T005126,U00448,2026-05-14 14:57:43,281,grocery,2,ios,0
T005039,U00911,2026-02-07 16:20:43,129,recharge,2,android,0
T013864,U01058,2026-04-11 15:20:36,1134,recharge,2,android,0
T005512,U01852,2026-05-19 05:37:10,190,recharge,3,android,0
T010625,U01961,2026-02-24 20:11:25,202,recharge,3,android,0
T014501,U01336,2026-01-27 14:51:33,2299,shopping,3,ios,0
T005336,U01844,2026-06-11 09:22:39,692,grocery,3,android,0
T008777,U01068,2026-05-24 11:32:18,2560,transfer,1,ios,0
T003719,U01340,2026-08-25 06:35:33,188,grocery,2,ios,0
T015048,U01965,2026-03-24 09:28:00,10000,transfer,2,web,1
T013392,U01443,2026-04-17 16:01:50,34,recharge,1,android,0
T012650,U00887,2026-09-29 16:49:33,134,recharge,3,ios,0
T000481,U00427,2026-02-27 22:48:25,284,recharge,1,android,0
T014144,U00958,2026-02-06 22:40:37,3271,transfer,2,android,0
T008104,U00863,2026-07-05 04:12:38,4102,shopping,1,ios,0
T001215,U01492,2026-09-04 12:30:36,3445,shopping,2,ios,0
T008658,U01589,2026-09-08 06:05:27,5302,shopping,2,ios,0
T006958,U00725,2026-01-16 16:56:54,5486,fuel,1,android,0
T012810,U00500,2026-03-09 00:29:47,1461,transfer,2,android,0
T000679,U01030,2026-07-26 13:17:21,1438,grocery,1,ios,0
T004650,U00303,2026-07-20 16:51:59,2379,transfer,2,android,0
T007336,U01097,2026-01-28 00:22:32,2834,transfer,2,ios,0
T000753,U01324,2026-04-26 12:25:23,1929,transfer,2,android,0
T013252,U00657,2026-04-08 15:39:37,8941,transfer,1,ios,0
T013381,U00453,2026-07-20 19:41:28,45,recharge,2,ios,0
T007612,U00355,2026-04-07 14:11:56,77,recharge,2,ios,0
T010340,U01420,2026-09-11 13:43:33,24407,shopping,2,ios,0
T006822,U01396,2026-04-13 06:45:21,4136,shopping,2,android,0
T007821,U01197,2026-01-31 22:02:58,160,recharge,3,android,0
T011165,U00692,2026-06-17 09:30:49,1333,grocery,2,ios,0
T012211,U00877,2026-02-09 20:40:17,707,grocery,1,android,0
T002979,U00694,2026-06-26 03:06:30,4430,transfer,1,ios,0
T008842,U00047,2026-03-07 16:32:45,659,fuel,2,ios,0
T009518,U00582,2026-07-28 00:57:29,791,fuel,2,android,0
T009083,U00006,2026-09-28 08:11:54,4917,transfer,3,android,0
T007829,U00256,2026-05-24 20:40:30,2291,fuel,3,android,0
T007952,U00623,2026-09-11 07:29:12,12631,transfer,3,android,0
T005331,U00359,2026-01-12 08:02:09,10385,transfer,1,ios,0
T012319,U00063,2026-05-13 09:16:24,6551,shopping,2,android,0
T013692,U01369,2026-07-03 06:01:53,110,recharge,3,android,0
T009577,U00829,2026-09-27 17:39:08,1353,transfer,1,android,0
T002393,U01593,2026-01-10 20:44:20,1809,fuel,2,web,1
T004790,U00714,2026-09-01 10:33:09,8029,transfer,1,ios,0
T014184,U01346,2026-07-24 03:53:02,851,transfer,3,android,0
T013629,U01634,2026-05-03 02:58:25,8998,shopping,3,ios,0
T002589,U00289,2026-03-12 19:43:36,691,grocery,1,ios,0
T002886,U01618,2026-01-10 08:30:50,919,grocery,2,ios,0
T002285,U00594,2026-09-27 11:35:26,1065,grocery,2,ios,0
T002806,U01317,2026-03-29 15:36:37,1452,fuel,1,android,0
T009625,U01422,2026-08-10 19:26:30,3896,shopping,3,ios,0
T014678,U00158,2026-02-26 03:36:49,682,shopping,1,android,0
T008910,U00900,2026-08-07 05:15:43,1399,recharge,2,ios,0
T002759,U00755,2026-06-16 11:48:15,50854,transfer,2,android,0
T013439,U01597,2026-06-29 06:38:04,267,recharge,2,android,0
T013966,U00021,2026-05-02 15:14:47,8579,shopping,1,android,0
T010695,U00853,2026-04-07 22:31:05,146,recharge,3,ios,0
T006849,U00860,2026-04-18 08:32:58,4363,fuel,1,android,0
T009280,U00830,2026-05-12 09:01:19,2382,recharge,3,ios,0
T014736,U00959,2026-04-28 16:36:19,4963,transfer,1,ios,0
T003040,U01515,2026-05-27 12:36:35,2613,shopping,3,android,0
T012071,U00309,2026-04-08 02:10:58,2284,fuel,1,ios,0
T013335,U00644,2026-09-05 19:33:27,290,grocery,1,android,0
T007343,U01450,2026-08-23 04:44:50,6831,shopping,2,ios,0
T012658,U01649,2026-02-19 03:14:05,2086,transfer,3,android,0
T005986,U00852,2026-03-20 03:44:47,360,recharge,3,android,0
T007796,U00311,2026-06-14 13:10:11,11802,transfer,3,android,0
T000008,U00955,2026-05-05 08:47:25,2210,grocery,3,android,0
T014255,U01094,2026-09-29 06:29:57,770,fuel,1,android,0
T011729,U00715,2026-04-24 21:06:26,1397,fuel,3,web,0
T005668,U00124,2026-03-27 06:52:18,805,fuel,2,ios,0
T000830,U00024,2026-07-09 23:50:46,8692,grocery,1,ios,0
T011830,U00921,2026-04-27 19:09:35,177,recharge,3,web,0
T014877,U01859,2026-03-26 06:57:16,746,recharge,1,android,0
T006984,U01043,2026-08-25 13:03:03,866,grocery,2,ios,0
T014087,U00127,2026-08-13 07:05:06,2223,transfer,3,ios,0
T009014,U00558,2026-03-20 18:05:22,6280,transfer,2,android,0
T013287,U01865,2026-01-15 02:05:03,3212,transfer,2,ios,0
T012098,U00518,2026-05-16 13:54:31,8081,transfer,3,android,0
T000286,U01788,2026-04-07 23:19:48,669,recharge,1,android,0
T010277,U01239,2026-03-08 06:06:29,94,recharge,3,ios,0
T009588,U00192,2026-02-06 19:01:29,6841,grocery,1,android,0
T000555,U00313,2026-01-30 17:11:33,501,recharge,3,android,0
T011468,U01205,2026-03-23 18:11:04,6210,transfer,3,ios,0
T007898,U01351,2026-02-17 16:05:29,614,shopping,1,ios,0
T002545,U01325,2026-04-21 02:57:07,1676,transfer,2,ios,1
T002385,U00444,2026-03-30 15:38:20,984,grocery,2,ios,0
T009569,U00474,2026-06-30 12:28:14,66,recharge,3,ios,0
T012001,U00467,2026-02-14 19:14:22,1041,shopping,1,web,0
T008100,U01164,2026-02-27 16:52:51,467,grocery,2,android,0
T012583,U00683,2026-07-15 23:29:18,1807,grocery,1,android,0
T006652,U01520,2026-05-23 08:03:55,358,grocery,1,android,0
T005931,U01842,2026-05-12 09:26:09,1298,shopping,1,ios,0
T010221,U01768,2026-03-24 00:55:32,115,grocery,3,android,0
T008456,U00648,2026-02-21 21:29:17,1352,grocery,1,web,0
T009820,U01222,2026-05-25 14:36:26,133,recharge,1,ios,0
T005372,U01695,2026-02-07 07:49:24,3690,shopping,1,android,0
T009720,U01600,2026-07-11 10:30:36,419,recharge,3,android,0
T013159,U01297,2026-09-25 04:17:36,595,recharge,3,android,0
T002899,U00836,2026-02-10 07:54:47,225,recharge,3,android,0
T009778,U01316,2026-04-28 00:36:51,1372,grocery,2,ios,0
T010378,U00009,2026-09-26 09:52:59,6463,shopping,3,ios,0
T009857,U00490,2026-06-24 11:13:18,3292,shopping,1,ios,0
T000722,U01654,2026-01-03 14:41:06,3977,transfer,1,ios,0
T013331,U01372,2026-06-06 21:00:17,2046,transfer,3,android,0
T001394,U00791,2026-06-24 15:14:21,686,recharge,3,android,0
T001910,U00060,2026-04-30 19:37:40,954,shopping,2,android,0
T005617,U01606,2026-08-08 05:52:04,5784,transfer,2,android,0
T003797,U01252,2026-09-07 04:55:00,6657,transfer,2,ios,0
T004817,U01240,2026-09-30 12:28:44,913,grocery,1,android,0
T008212,U00934,2026-01-04 14:58:37,652,grocery,3,ios,0
T008816,U00187,2026-03-19 16:36:21,267,grocery,3,android,0
T010936,U01955,2026-09-08 13:04:26,6946,grocery,2,android,0
T010391,U01571,2026-01-31 09:00:03,1689,grocery,2,ios,0
T011262,U01919,2026-06-10 09:51:39,13034,transfer,3,android,0
T000346,U01932,2026-08-10 15:00:47,98,recharge,3,ios,0
T004548,U01483,2026-02-20 13:23:55,2444,shopping,2,ios,0
T015007,U00499,2026-07-27 13:26:00,10000,transfer,2,web,1
T008745,U01239,2026-07-15 15:49:03,2138,transfer,2,ios,0
T007467,U00331,2026-06-04 03:15:06,2838,shopping,1,ios,0
T008031,U01725,2026-04-13 12:33:52,6288,shopping,3,android,0
T012117,U00593,2026-07-07 13:24:15,3705,shopping,2,android,0
T005360,U01252,2026-02-14 14:14:11,4240,transfer,3,ios,0
T008593,U01027,2026-05-28 05:13:18,2723,shopping,1,ios,0
T008465,U00470,2026-01-10 01:23:58,621,grocery,3,ios,0
T004421,U01593,2026-04-27 18:17:31,13294,shopping,3,ios,0
T000083,U00635,2026-03-02 08:13:11,877,grocery,3,android,0
T011479,U00452,2026-06-13 15:33:13,2026,fuel,2,ios,0
T006670,U01235,2026-03-25 20:45:32,817,shopping,3,android,0
T011845,U00534,2026-03-26 13:30:19,903,fuel,3,android,0
T008493,U01671,2026-05-11 02:44:37,179,recharge,1,android,0
T012757,U00162,2026-01-17 00:56:59,3314,shopping,3,android,0
T013333,U00846,2026-03-29 08:52:17,145,recharge,2,ios,0
T005732,U00767,2026-04-11 08:01:53,6292,transfer,1,ios,0
T004233,U00990,2026-01-09 23:49:44,107,recharge,1,android,0
T002845,U00859,2026-01-21 04:39:42,143,recharge,3,android,0
T011936,U01947,2026-04-09 23:04:39,7613,shopping,1,ios,0
T002604,U01110,2026-04-11 01:49:16,502,recharge,3,android,0
T010362,U00875,2026-09-15 02:54:48,4777,shopping,3,android,0
T012993,U00080,2026-09-09 20:15:49,2648,grocery,3,ios,0
T006681,U01517,2026-02-15 04:16:27,994,shopping,3,ios,0
T006162,U01730,2026-05-25 18:21:39,396,grocery,3,android,0
T001813,U00210,2026-03-12 13:07:26,6565,transfer,1,ios,0
T003568,U00537,2026-01-27 15:55:58,789,shopping,3,ios,0
T009033,U00528,2026-09-24 12:41:57,4171,shopping,1,ios,0
T008472,U00581,2026-09-25 07:01:50,1359,grocery,2,ios,0
T007906,U01173,2026-05-21 14:43:23,1135,fuel,3,android,0
T009598,U00585,2026-04-22 17:54:59,1086,grocery,2,ios,0
T009502,U01403,2026-08-24 11:22:36,4607,transfer,2,android,0
T010236,U01675,2026-08-19 03:30:00,368,recharge,3,ios,0
T012473,U00011,2026-09-15 23:51:47,5959,shopping,3,web,0
T002434,U01060,2026-06-29 00:47:21,6666,transfer,2,ios,0
T006402,U01095,2026-07-28 10:00:50,1062,grocery,3,ios,0
T006784,U01683,2026-02-09 19:02:22,4365,transfer,2,android,0
T010526,U01342,2026-07-04 21:40:18,948,fuel,2,android,0
T013039,U00635,2026-09-16 23:41:23,1181,grocery,2,android,0
T005033,U01251,2026-07-22 15:33:52,7323,shopping,2,android,0
T005609,U00403,2026-03-04 15:54:44,413,fuel,2,ios,0
T002601,U00761,2026-06-16 21:05:36,947,shopping,1,web,0
T011897,U01673,2026-03-27 05:32:47,17807,transfer,2,ios,0
T004967,U00542,2026-08-01 01:43:34,50000,shopping,3,web,1
T014855,U01769,2026-02-10 14:50:51,1683,fuel,3,ios,0
T014158,U00927,2026-04-02 01:23:07,7009,shopping,3,ios,0
T002804,U01719,2026-01-18 12:54:00,373,fuel,3,ios,0
T009799,U00317,2026-03-23 04:28:10,1927,grocery,3,ios,0
T011099,U00527,2026-01-15 03:36:07,1190,grocery,2,android,0
T012739,U01071,2026-08-02 23:05:15,580,recharge,1,ios,0
T003267,U01542,2026-09-20 16:01:45,1188,recharge,1,ios,0
T000439,U01496,2026-01-31 09:11:57,2742,shopping,2,ios,0
T013592,U00722,2026-01-05 21:07:44,1212,shopping,2,ios,0
T003556,U01455,2026-07-19 14:19:28,119,grocery,2,ios,0
T003524,U01736,2026-07-29 13:18:31,1258,fuel,3,ios,0
T003960,U01736,2026-05-05 15:33:34,1310,shopping,1,ios,0
T005160,U01258,2026-04-15 03:27:04,965,grocery,2,ios,0
T008628,U00299,2026-09-14 09:04:01,440,fuel,3,android,0
T002662,U01766,2026-03-16 04:19:55,1115,shopping,3,ios,0
T000580,U01347,2026-02-24 14:06:56,309,grocery,2,ios,0
T002463,U00687,2026-08-11 09:00:50,623,fuel,3,android,0
T001859,U00545,2026-05-01 15:00:49,1713,transfer,2,android,0
T002750,U00309,2026-06-12 00:51:25,1807,shopping,3,ios,0
T004707,U00322,2026-08-23 09:23:06,7270,transfer,2,ios,0
T014409,U00001,2026-08-06 17:20:51,17110,transfer,3,android,0
T005159,U01897,2026-09-21 16:26:04,245,grocery,2,ios,0
T006362,U00301,2026-06-10 06:37:49,107,recharge,3,android,0
T000650,U00745,2026-03-20 09:45:15,254,recharge,1,ios,0
T004107,U01857,2026-05-30 22:23:47,3163,transfer,1,ios,0
T014185,U01796,2026-03-09 21:22:29,2431,grocery,2,ios,0
T013762,U00094,2026-09-04 01:13:22,5633,transfer,1,android,0
T002879,U00452,2026-03-22 09:31:44,37,recharge,2,ios,0
T008428,U00508,2026-09-14 20:21:26,258,recharge,2,ios,0
T009233,U01276,2026-07-01 02:16:39,2446,shopping,3,web,0
T006450,U00686,2026-09-13 13:53:03,8083,fuel,3,ios,0
T008139,U01605,2026-03-09 19:26:20,7131,transfer,2,ios,0
T013409,U01569,2026-03-23 00:49:41,14490,transfer,1,ios,0
T011828,U01362,2026-05-09 18:52:13,9873,fuel,2,android,0
T007885,U00835,2026-09-21 15:44:15,1179,grocery,1,ios,0
T007124,U01719,2026-05-05 06:27:58,855,recharge,1,ios,0
T004354,U01067,2026-04-26 17:16:07,452,recharge,1,android,1
T011646,U00887,2026-09-11 10:32:47,10019,transfer,3,android,0
T004747,U01712,2026-05-16 02:26:13,2940,transfer,3,ios,0
T006553,U01557,2026-07-09 06:46:33,8148,transfer,2,ios,0
T001326,U00117,2026-04-18 03:15:14,4544,grocery,2,ios,0
T009505,U01996,2026-04-27 07:05:27,3122,shopping,2,ios,0
T001368,U00239,2026-05-23 00:30:38,2332,shopping,1,android,0
T003538,U00075,2026-05-12 21:49:53,940,grocery,2,android,0
T003997,U00653,2026-01-23 03:32:34,415,fuel,2,web,0
T011469,U00911,2026-09-02 12:59:21,432,grocery,3,android,0
T002740,U00392,2026-08-16 05:20:04,9675,shopping,1,android,0
T003766,U00902,2026-03-25 16:32:49,1813,fuel,2,ios,0
T011688,U01747,2026-06-21 04:51:48,159,recharge,3,ios,0
T005735,U01181,2026-06-07 14:26:44,1029,fuel,2,android,0
T008629,U00225,2026-02-13 09:52:35,4707,transfer,1,android,0
T002144,U00132,2026-01-16 13:47:21,4624,fuel,1,android,0
T006258,U00014,2026-05-09 01:19:35,1342,fuel,1,android,0
T009038,U01520,2026-08-05 00:51:57,5839,transfer,3,android,0
T005759,U01244,2026-03-18 17:07:52,265,grocery,2,ios,0
T011089,U00957,2026-01-07 04:59:24,1094,transfer,1,ios,0
T001736,U00031,2026-02-08 03:46:56,5819,shopping,2,ios,0
T003292,U00312,2026-01-28 15:41:31,53,recharge,2,ios,0
T012406,U01353,2026-09-13 12:06:58,327,fuel,2,android,0
T006591,U00875,2026-07-17 00:08:31,14817,transfer,2,android,0
T014883,U00982,2026-09-15 17:09:39,6736,transfer,3,ios,0
T000369,U00675,2026-09-11 09:29:09,1481,transfer,3,android,0
T005293,U01958,2026-01-06 20:40:19,12215,transfer,3,android,0
T010735,U00627,2026-01-29 06:45:36,9195,transfer,3,ios,0
T014716,U00582,2026-02-09 12:42:35,2192,fuel,1,android,0
T013211,U01795,2026-07-09 01:03:28,369,grocery,2,web,0
T007265,U01839,2026-03-07 14:54:25,7026,transfer,1,android,0
T004852,U01266,2026-08-30 03:18:12,3398,recharge,1,android,0
T009550,U01790,2026-06-09 11:27:36,88,recharge,1,android,0
T012938,U01688,2026-06-04 18:18:33,661,shopping,3,android,0
T008194,U00919,2026-08-17 21:58:52,19272,shopping,2,ios,0
T009829,U00271,2026-08-31 15:54:01,841,fuel,3,android,0
T005327,U00645,2026-07-28 22:57:37,822,fuel,1,ios,0
T004488,U01810,2026-04-18 22:20:39,305,recharge,2,android,0
T011132,U01455,2026-07-18 17:40:26,2548,shopping,1,ios,0
T013560,U00415,2026-09-24 12:19:12,732,fuel,1,ios,0
T011022,U01640,2026-09-29 19:18:23,2521,grocery,1,android,0
T004383,U00207,2026-05-15 22:59:55,901,shopping,3,ios,0
T002091,U00701,2026-08-10 04:49:40,690,recharge,2,android,0
T000353,U01542,2026-03-28 05:59:17,1528,shopping,3,ios,0
T010318,U00580,2026-04-12 16:55:43,3662,shopping,3,ios,0
T001000,U01210,2026-05-02 02:25:25,6361,shopping,3,android,0
T007931,U00405,2026-08-04 23:40:04,619,grocery,2,android,0
T000771,U00273,2026-09-25 01:07:49,45,recharge,1,android,0
T009806,U01621,2026-09-07 12:34:58,3946,fuel,1,ios,0
T006381,U01573,2026-05-23 14:45:27,3087,shopping,1,ios,0
T000998,U00541,2026-08-05 21:44:21,592,recharge,3,ios,0
T011197,U00638,2026-04-13 05:51:04,6795,transfer,2,android,0
T009976,U00840,2026-08-05 20:05:13,186,recharge,1,ios,0
T005104,U00681,2026-05-29 22:00:20,421,grocery,1,android,0
T002252,U01525,2026-06-30 11:07:34,5353,shopping,3,ios,0
T003912,U01034,2026-08-24 15:42:31,438,grocery,2,android,0
T001624,U01513,2026-04-21 17:50:21,118,recharge,2,ios,0
T012646,U01641,2026-06-21 00:35:10,253,fuel,1,android,0
T011940,U00831,2026-02-11 14:47:00,1202,fuel,1,android,0
T011967,U00384,2026-06-26 00:04:11,4909,shopping,1,ios,0
T007008,U00932,2026-01-26 21:03:16,979,grocery,3,android,0
T013908,U00231,2026-07-28 04:31:14,2899,transfer,2,android,0
T012567,U01048,2026-04-01 21:41:24,394,recharge,2,ios,0
T007353,U00578,2026-04-01 09:40:10,1036,fuel,1,ios,0
T011816,U00528,2026-09-01 16:36:43,7674,shopping,1,ios,0
T001617,U01589,2026-08-30 04:50:21,12762,transfer,1,ios,0
T013516,U00076,2026-05-12 06:20:10,4573,shopping,3,web,0
T004340,U01522,2026-05-22 16:14:06,24941,transfer,1,android,0
T001964,U01234,2026-09-19 08:34:29,5463,fuel,1,ios,0
T005584,U00029,2026-07-18 03:06:07,737,fuel,2,android,0
T012638,U00311,2026-03-16 22:27:07,1003,fuel,1,android,0
T000966,U00053,2026-08-19 09:50:48,1229,transfer,1,ios,0
T008042,U01333,2026-03-20 14:53:52,296,shopping,3,ios,0
T002207,U00085,2026-07-30 01:09:12,367,recharge,2,android,0
T010569,U00463,2026-07-08 01:58:37,7425,transfer,2,ios,0
T009294,U00202,2026-04-10 19:29:18,753,grocery,3,android,0
T000898,U00294,2026-09-08 12:56:33,930,grocery,2,android,0
T004675,U00433,2026-07-09 05:23:32,1285,shopping,1,android,0
T011044,U01622,2026-08-13 00:26:34,6917,shopping,1,android,0
T005914,U01968,2026-07-15 05:45:04,584,fuel,2,android,0
T011059,U00037,2026-01-09 01:13:57,2278,shopping,1,ios,0
T009956,U01925,2026-08-30 03:23:18,10376,shopping,2,ios,0
T003432,U01172,2026-08-19 20:09:14,6362,shopping,3,android,0
T007904,U00346,2026-03-16 01:56:09,510,grocery,1,android,0
T014143,U00177,2026-05-26 07:23:46,2016,transfer,1,ios,0
T011331,U01255,2026-01-17 07:02:16,70,recharge,3,ios,0
T007536,U00753,2026-02-05 02:14:46,5252,shopping,1,ios,0
T011497,U00440,2026-02-25 23:12:35,594,recharge,2,ios,0
T013176,U01277,2026-01-04 08:19:09,1488,shopping,1,android,0
T006833,U00317,2026-01-14 23:20:44,228,recharge,3,ios,0
T004906,U01579,2026-08-28 18:48:26,5198,fuel,2,android,0
T010225,U01296,2026-06-07 09:15:16,1708,grocery,1,ios,0
T015051,U01965,2026-03-24 09:48:00,2000,transfer,3,web,1
T005853,U01285,2026-01-26 20:12:16,2134,shopping,3,web,0
T006530,U00206,2026-08-04 23:27:45,254,grocery,3,ios,0
T004057,U01369,2026-05-01 19:30:14,1653,shopping,3,android,0
T012887,U01841,2026-01-24 01:27:29,161,recharge,3,ios,0
T001790,U00667,2026-05-08 07:00:06,166,recharge,2,android,0
T008266,U01850,2026-05-23 03:52:39,738,fuel,1,android,0
T000295,U01754,2026-02-28 01:53:20,4793,transfer,1,ios,0
T003354,U00110,2026-01-28 02:41:24,20000,transfer,2,ios,1
T013265,U01504,2026-04-19 05:39:50,518,fuel,3,android,0
T002744,U00068,2026-05-16 21:20:41,2234,grocery,2,ios,0
T006219,U00109,2026-07-11 10:54:45,1127,grocery,1,ios,0
T002592,U01766,2026-09-25 23:40:19,75,grocery,2,ios,0
T009142,U01140,2026-01-23 02:12:53,1766,fuel,1,android,0
T010134,U00515,2026-04-06 01:58:34,1488,grocery,2,android,0
T001283,U01091,2026-08-12 02:09:14,10952,transfer,3,android,0
T014242,U01719,2026-06-27 12:44:33,760,grocery,2,ios,0
T009671,U00335,2026-06-08 18:22:28,15804,fuel,1,android,0
T004244,U01161,2026-03-17 19:47:35,6241,transfer,3,android,0
T004553,U01045,2026-06-18 07:18:24,1053,grocery,3,android,0
T002668,U01918,2026-01-20 02:45:34,550,fuel,3,android,0
T010879,U01409,2026-08-14 07:57:36,4526,shopping,1,ios,0
T007763,U01423,2026-09-22 04:46:25,1289,grocery,3,android,0
T002096,U01233,2026-06-01 05:30:11,1980,fuel,1,web,0
T002823,U00260,2026-02-10 02:39:12,4844,transfer,3,android,0
T013306,U00924,2026-04-09 22:37:44,8271,transfer,1,android,0
T004998,U01816,2026-01-23 23:01:08,1474,grocery,1,android,0
T014352,U01376,2026-04-14 11:38:11,12342,shopping,2,android,0
T011158,U01325,2026-03-29 11:11:47,1272,fuel,2,ios,0
T002027,U01183,2026-01-04 23:08:39,6873,shopping,3,android,0
T008001,U00551,2026-08-28 20:34:12,179,recharge,3,ios,0
T004427,U00706,2026-06-22 09:27:06,1071,recharge,2,android,0
T012882,U01593,2026-01-12 15:01:36,115,recharge,2,ios,0
T007614,U00073,2026-05-13 07:19:30,11151,shopping,1,ios,0
T007565,U00787,2026-09-13 05:18:52,882,grocery,3,ios,0
T007230,U00737,2026-06-04 13:33:52,2105,shopping,2,ios,0
T008056,U01893,2026-02-20 01:23:57,1559,transfer,1,android,0
T007457,U01366,2026-05-21 07:41:38,1195,shopping,3,ios,0
T009965,U00926,2026-07-09 01:16:40,507,grocery,2,ios,0
T000786,U01026,2026-06-11 11:43:29,203,recharge,2,android,0
T004377,U01428,2026-05-29 23:37:39,354,recharge,3,android,0
T006921,U00172,2026-06-25 18:26:55,2765,transfer,3,ios,0
T014796,U00448,2026-08-16 04:30:04,633,recharge,3,ios,0
T007197,U00043,2026-07-29 10:38:55,876,recharge,1,android,0
T013554,U00498,2026-03-13 10:01:16,6940,shopping,2,android,0
T012813,U01682,2026-08-07 23:58:30,1304,fuel,3,ios,0
T014674,U00256,2026-01-14 12:46:43,9751,fuel,3,android,0
T005856,U01570,2026-08-24 19:51:35,688,grocery,1,android,0
T004653,U01611,2026-07-16 12:27:17,3655,shopping,2,android,0
T007019,U01791,2026-05-11 09:24:13,1477,transfer,1,android,0
T008038,U00516,2026-01-31 21:19:12,4963,transfer,3,android,0
T012374,U00376,2026-03-28 11:03:42,6276,transfer,1,ios,0
T006655,U01113,2026-04-07 03:49:42,8682,transfer,2,ios,0
T001440,U01013,2026-04-30 14:50:22,2038,fuel,2,ios,0
T004399,U01454,2026-07-01 20:30:04,3703,transfer,3,ios,0
T001820,U01952,2026-02-15 05:39:43,2049,transfer,3,android,0
T008756,U01416,2026-09-24 19:10:48,6972,transfer,2,android,0
T013968,U00733,2026-09-09 04:21:59,4216,transfer,2,ios,0
T004104,U01862,2026-06-01 18:46:02,4130,transfer,1,ios,0
T003537,U01545,2026-06-15 03:55:23,851,recharge,2,ios,0
T011693,U01337,2026-02-26 19:54:00,1738,fuel,1,ios,0
T003707,U00715,2026-04-09 23:42:55,5544,transfer,1,ios,0
T006526,U01693,2026-02-02 04:51:50,787,shopping,2,ios,0
T010946,U01730,2026-01-31 12:29:38,285,grocery,3,android,0
T010215,U01410,2026-08-21 01:55:05,1102,grocery,2,android,0
T008471,U01294,2026-03-01 19:40:03,741,recharge,1,android,0
T003916,U01530,2026-03-13 10:24:33,131,recharge,2,android,0
T014076,U01427,2026-07-15 02:48:45,799,recharge,3,android,0
T010523,U01590,2026-09-06 10:00:50,1071,transfer,3,android,0
T004753,U01853,2026-05-17 15:47:40,244,recharge,3,ios,0
T008588,U01181,2026-06-06 22:54:53,2543,recharge,3,android,0
T003914,U00397,2026-01-02 03:00:45,6489,transfer,3,ios,0
T003578,U00230,2026-03-03 16:56:42,841,fuel,3,ios,0
T014789,U01169,2026-02-22 12:34:36,682,grocery,3,ios,0
T011842,U01559,2026-03-30 13:18:00,12866,shopping,1,android,0
T002890,U01219,2026-06-22 04:28:57,2816,shopping,1,android,0
T006057,U00877,2026-07-29 06:24:24,95,recharge,2,android,0
T000046,U00703,2026-05-16 06:23:38,4682,transfer,1,ios,0
T011405,U00625,2026-05-06 16:38:08,403,grocery,2,ios,0
T000501,U01585,2026-04-03 16:13:04,1785,fuel,1,android,0
T003936,U00731,2026-04-14 04:21:09,625,grocery,2,ios,0
T010117,U00084,2026-08-31 06:34:42,818,shopping,2,android,0
T006016,U00250,2026-05-22 16:33:00,5808,transfer,1,ios,0
T006928,U00866,2026-06-08 20:43:00,240,recharge,3,ios,0
T005352,U00950,2026-07-28 11:09:31,4900,transfer,1,ios,0
T009219,U00097,2026-08-16 20:55:36,7086,shopping,3,android,0
T013761,U00515,2026-01-13 03:30:23,1413,grocery,1,android,0
T008329,U01782,2026-03-18 11:32:17,288,recharge,2,ios,0
T011280,U01662,2026-09-14 23:03:28,1018,grocery,2,ios,0
T001387,U00139,2026-06-20 03:28:03,2900,fuel,2,android,0
T013988,U00459,2026-06-17 22:18:28,3667,transfer,2,ios,0
T004924,U01445,2026-06-07 14:58:37,5562,transfer,1,android,0
T004536,U01745,2026-08-19 05:00:57,947,grocery,2,android,0
T001827,U01479,2026-03-13 17:07:14,124,recharge,3,android,0
T010524,U01785,2026-03-15 18:10:00,1898,shopping,3,ios,0
T007769,U01616,2026-09-23 23:18:32,1603,shopping,3,android,0
T014227,U00561,2026-08-21 04:35:21,618,fuel,3,ios,0
T003632,U01985,2026-08-11 01:06:28,1184,fuel,1,ios,0
T006303,U01164,2026-04-10 06:54:54,1925,fuel,3,ios,0
T005145,U00715,2026-02-16 14:20:05,2345,grocery,2,ios,0
T009515,U00168,2026-06-20 07:08:33,1341,transfer,3,android,0
T006599,U01250,2026-08-12 15:23:57,9323,shopping,1,android,0
T003091,U01204,2026-08-11 02:51:51,6934,fuel,2,web,0
T008752,U01347,2026-09-04 11:27:55,7325,fuel,1,ios,0
T011930,U00313,2026-05-03 13:00:36,5019,fuel,3,android,0
T008463,U01487,2026-06-19 07:45:46,2274,transfer,2,ios,0
T012651,U01521,2026-02-20 21:37:47,6544,transfer,3,android,0
T013512,U01086,2026-07-12 11:31:49,877,fuel,2,android,0
T000769,U00571,2026-03-26 21:08:05,1385,shopping,2,android,0
T004815,U01353,2026-03-26 23:46:03,305,shopping,1,android,0
T014833,U01361,2026-02-13 15:17:31,4418,fuel,1,ios,0
T014180,U00818,2026-09-27 17:52:03,1202,fuel,2,ios,0
T014871,U00399,2026-04-09 12:00:17,141,grocery,1,ios,0
T002567,U00751,2026-03-14 11:55:04,2255,fuel,1,android,0
T007432,U00186,2026-07-20 10:45:24,966,grocery,3,ios,0
T011243,U01686,2026-05-28 22:43:58,35,recharge,1,ios,0
T006429,U01562,2026-04-20 20:59:28,65,recharge,3,ios,0
T007762,U00472,2026-06-07 15:38:14,1425,fuel,2,android,0
T002764,U01830,2026-05-22 02:03:13,241,grocery,1,android,0
T009733,U00006,2026-06-12 17:00:35,678,transfer,3,ios,0
T010132,U01215,2026-05-29 07:36:06,2713,shopping,2,android,0
T006710,U01510,2026-05-27 08:11:48,2543,transfer,3,ios,0
T002263,U00966,2026-03-03 12:28:08,5633,transfer,1,android,0
T007349,U01820,2026-08-17 22:19:32,6589,transfer,3,android,0
T008734,U01168,2026-01-07 09:43:33,294,recharge,3,android,0
T009149,U00279,2026-01-15 10:08:01,3716,transfer,3,ios,0
T001471,U01475,2026-08-22 17:18:12,277,recharge,2,android,0
T002001,U01112,2026-02-06 10:14:06,155,recharge,3,android,0
T008459,U01006,2026-09-01 07:08:19,6459,transfer,3,android,0
T012422,U01345,2026-01-12 23:37:51,7319,transfer,1,ios,0
T002111,U01609,2026-06-03 14:31:53,1048,grocery,2,ios,0
T004109,U00920,2026-09-21 14:43:45,632,recharge,1,ios,0
T013498,U01862,2026-03-06 02:07:21,2040,fuel,1,ios,0
T005851,U01373,2026-05-08 16:41:43,196,grocery,1,ios,0
T013349,U00794,2026-01-29 14:29:45,1363,transfer,1,ios,0
T014661,U00635,2026-05-28 18:38:31,265,recharge,3,android,0
T013850,U00706,2026-04-05 04:24:29,2396,fuel,1,android,0
T004835,U00778,2026-09-07 23:05:26,2709,shopping,2,ios,0
T008651,U00667,2026-08-27 01:22:37,1857,shopping,3,android,0
T011093,U01097,2026-09-18 03:45:04,18445,transfer,1,ios,0
T002644,U01980,2026-07-25 16:31:09,201,grocery,2,ios,0
T000187,U00238,2026-02-23 17:55:46,5000,grocery,1,ios,1
T002288,U00115,2026-05-11 04:29:15,2639,fuel,1,android,0
T010592,U01320,2026-03-09 11:04:25,1396,shopping,1,android,0
T006627,U00879,2026-01-11 04:55:23,607,fuel,1,ios,0
T009011,U00140,2026-03-05 07:54:33,723,fuel,2,ios,0
T001730,U01155,2026-09-29 17:28:04,568,shopping,1,ios,0
T000251,U01186,2026-09-11 20:41:43,1586,shopping,3,ios,0
T010994,U00749,2026-04-19 14:26:51,3173,shopping,1,android,0
T003117,U01544,2026-07-17 03:07:43,29957,shopping,3,ios,1
T013219,U01602,2026-05-13 18:04:10,563,grocery,1,android,0
T000340,U00510,2026-08-05 20:53:02,4826,shopping,3,ios,0
T010209,U00258,2026-07-07 19:44:05,3079,grocery,1,android,0
T000721,U01420,2026-04-03 19:49:08,1319,fuel,2,ios,0
T005561,U00528,2026-01-17 21:54:18,43,recharge,3,ios,0
T011610,U00598,2026-09-05 10:01:03,1776,fuel,1,ios,0
T012725,U01229,2026-02-18 09:15:41,1607,fuel,2,ios,0
T008608,U00419,2026-04-26 03:27:07,2075,shopping,2,ios,0
T000924,U01695,2026-05-25 06:25:37,6623,transfer,1,android,0
T000082,U00851,2026-09-06 18:14:24,5791,transfer,3,android,0
T013209,U00095,2026-02-09 10:04:42,2484,fuel,3,android,0
T006995,U00204,2026-05-22 06:59:01,372,recharge,2,android,0
T008653,U00323,2026-07-18 23:58:26,1648,grocery,2,android,0
T006564,U01898,2026-07-13 16:45:40,1763,fuel,2,ios,0
T000836,U00916,2026-08-12 08:08:37,174,recharge,1,android,0
T009653,U00092,2026-02-12 06:42:45,6861,transfer,2,ios,0
T006702,U01591,2026-07-30 20:26:28,1416,shopping,2,ios,0
T000802,U00730,2026-09-29 02:01:17,659,recharge,1,ios,1
T002108,U00330,2026-06-15 15:53:15,20553,transfer,2,android,0
T013035,U01052,2026-08-17 21:28:37,1544,fuel,1,ios,0
T014565,U00835,2026-06-02 03:58:37,511,recharge,1,ios,0
T002871,U01244,2026-07-23 12:10:31,4935,shopping,3,ios,0
T010372,U00457,2026-07-15 06:54:10,1262,grocery,3,android,0
T002368,U01334,2026-03-17 09:39:09,509,recharge,3,ios,0
T004659,U01668,2026-08-11 17:26:59,2308,shopping,1,ios,0
T002753,U00123,2026-06-15 05:38:27,409,fuel,2,android,0
T003257,U00151,2026-08-07 09:29:30,362,shopping,1,android,0
T005967,U00781,2026-08-18 03:53:04,1174,recharge,1,android,0
T002127,U01463,2026-09-27 04:35:34,5504,shopping,2,ios,0
T005044,U01110,2026-02-16 01:18:35,388,fuel,2,android,0
T007181,U01477,2026-01-12 07:31:03,1536,fuel,1,ios,0
T003011,U01482,2026-02-06 10:25:43,1731,shopping,2,ios,0
T003786,U00547,2026-02-10 05:14:00,836,recharge,3,ios,0
T011161,U00425,2026-09-30 22:36:51,264,recharge,1,ios,0
T002146,U00385,2026-01-30 15:15:09,8284,transfer,3,ios,0
T002631,U00430,2026-07-24 12:31:02,99,recharge,2,android,0
T006022,U00975,2026-09-27 18:32:33,2344,shopping,2,ios,0
T005130,U01159,2026-05-02 01:35:27,4764,shopping,1,ios,0
T010648,U01799,2026-09-11 00:45:18,8619,transfer,1,android,0
T006051,U01002,2026-05-14 20:11:27,3621,transfer,1,android,0
T003336,U01664,2026-08-23 16:19:25,2723,grocery,2,android,0
T008034,U01562,2026-01-12 04:46:44,33038,transfer,1,ios,0
T010571,U00554,2026-06-16 14:42:26,2881,shopping,1,ios,0
T008412,U01885,2026-09-09 03:00:05,37,recharge,3,ios,0
T009800,U01031,2026-04-23 05:36:43,777,transfer,3,android,0
T012558,U01843,2026-08-11 16:29:01,18593,transfer,1,android,0
T012608,U00402,2026-05-25 01:28:34,454,recharge,3,ios,0
T013041,U00087,2026-04-23 16:54:03,608,grocery,2,ios,0
T012060,U01648,2026-01-30 07:30:02,2398,grocery,3,ios,0
T004796,U00348,2026-02-13 08:14:48,90,grocery,1,ios,0
T001250,U00468,2026-08-25 13:34:29,3031,transfer,1,android,0
T014657,U00894,2026-03-31 05:56:02,144,recharge,3,ios,0
T013079,U01091,2026-06-24 13:39:03,334,grocery,2,android,0
T010475,U00139,2026-03-30 11:10:13,2140,grocery,3,android,0
T009413,U00306,2026-08-03 12:08:44,421,fuel,2,ios,0
T005547,U01744,2026-08-16 02:01:55,5355,transfer,2,android,0
T000850,U01052,2026-05-28 02:40:41,1729,fuel,3,ios,0
T004254,U00940,2026-03-15 20:33:13,303,fuel,3,android,0
T004799,U01612,2026-06-22 12:49:48,1035,fuel,3,android,1
T010253,U01246,2026-05-21 01:53:57,867,recharge,3,android,0
T011399,U01130,2026-06-11 10:42:24,35,recharge,1,android,0
T012864,U01128,2026-06-01 14:45:03,2818,transfer,1,android,0
T009860,U01712,2026-03-28 17:38:49,1010,recharge,1,ios,0
T007631,U00800,2026-08-11 14:55:03,1936,recharge,1,ios,0
T013002,U01632,2026-09-08 17:01:56,7250,transfer,2,ios,0
T010392,U00858,2026-05-02 19:38:03,1460,shopping,2,ios,0
T001828,U00414,2026-04-02 18:21:27,909,grocery,2,android,0
T008158,U01292,2026-05-09 09:17:03,302,recharge,3,android,0
T004346,U01720,2026-04-29 03:05:36,5482,transfer,3,ios,0
T006230,U00890,2026-05-01 13:47:46,220,recharge,2,ios,0
T007512,U00743,2026-09-21 01:16:01,638,grocery,3,android,0
T001920,U00228,2026-04-08 13:37:10,262,fuel,1,android,0
T013157,U00812,2026-08-04 03:39:24,512,grocery,1,ios,0
T012142,U00519,2026-02-06 04:32:04,2067,transfer,1,android,0
T000698,U00576,2026-08-27 05:42:01,820,recharge,1,ios,0
T013237,U00007,2026-04-27 23:37:53,3304,shopping,1,web,0
T012443,U01559,2026-05-20 09:01:14,203,grocery,2,android,0
T010273,U00923,2026-07-15 01:57:47,416,fuel,3,android,0
T010701,U01324,2026-03-19 09:52:51,4969,transfer,2,android,0
T008691,U01703,2026-08-22 21:47:16,4947,shopping,3,ios,0
T013320,U01814,2026-09-15 23:55:35,2076,transfer,2,android,0
T008761,U01512,2026-01-21 14:08:49,4675,fuel,3,ios,0
T001891,U01277,2026-03-25 06:50:08,254,grocery,1,web,0
T008473,U01219,2026-05-19 11:00:50,386,recharge,3,android,0
T013621,U00764,2026-04-03 11:17:39,2298,transfer,2,ios,0
T005762,U01790,2026-04-10 22:53:46,2269,shopping,1,android,0
T014746,U00805,2026-08-18 05:01:41,793,fuel,3,ios,0
T013726,U00733,2026-06-09 09:42:18,875,fuel,1,android,0
T013336,U00365,2026-08-24 02:03:45,627,grocery,3,ios,0
T001202,U01609,2026-05-29 22:12:59,2310,fuel,2,ios,0
T011657,U01267,2026-03-16 10:09:12,102,recharge,2,android,0
T004191,U01188,2026-01-05 21:30:22,2924,transfer,2,ios,0
T011114,U00288,2026-09-13 02:47:22,1214,fuel,2,android,0
T003736,U01758,2026-06-30 19:29:07,4597,fuel,3,ios,0
T014704,U00827,2026-02-28 09:45:54,614,recharge,3,android,0
T014675,U00432,2026-03-15 02:32:34,2038,shopping,2,ios,0
T004072,U00294,2026-02-10 10:46:29,7870,transfer,1,android,0
T010915,U01610,2026-05-16 11:07:15,1567,transfer,2,ios,0
T001013,U00020,2026-08-15 11:26:04,2391,shopping,2,ios,0
T012719,U00679,2026-09-08 05:14:13,1265,grocery,2,android,0
T002195,U01825,2026-08-22 22:15:09,806,fuel,2,android,0
T005282,U01383,2026-07-19 05:37:29,1481,grocery,1,ios,0
T003019,U01720,2026-04-06 09:28:14,794,fuel,1,ios,0
T005214,U01441,2026-09-10 11:55:53,11145,transfer,1,android,0
T014592,U01334,2026-01-27 04:04:56,2087,grocery,1,android,0
T001053,U00061,2026-06-24 13:44:00,1729,fuel,2,android,0
T011392,U01833,2026-04-24 11:33:51,434,grocery,3,android,0
T009458,U01688,2026-09-14 10:25:41,2347,fuel,1,android,0
T014285,U01273,2026-09-16 02:35:51,4887,transfer,2,ios,0
T008057,U01891,2026-02-08 00:15:31,1209,recharge,3,ios,0
T012873,U01674,2026-02-17 22:12:02,217,recharge,3,ios,0
T004229,U00340,2026-05-31 00:23:22,2476,shopping,3,android,0
T007947,U01434,2026-02-24 09:56:42,1869,shopping,3,android,0
T001071,U01345,2026-07-31 03:08:59,171,grocery,1,ios,0
T008390,U00075,2026-01-08 21:33:25,1509,grocery,1,ios,0
T010448,U01401,2026-06-01 19:02:31,93,recharge,2,android,0
T006913,U00393,2026-03-04 07:58:02,318,grocery,2,ios,0
T008850,U00939,2026-04-07 16:02:07,1224,fuel,3,ios,0
T004940,U01045,2026-05-15 04:32:24,1541,transfer,3,android,0
T011530,U01886,2026-01-22 01:19:06,146,grocery,3,ios,0
T012777,U00380,2026-06-02 13:07:44,2432,transfer,3,ios,0
T008553,U00531,2026-01-24 11:09:43,325,grocery,1,ios,0
T003609,U00924,2026-01-12 09:48:37,2395,grocery,3,android,0
T012183,U01584,2026-04-03 15:01:17,3889,transfer,1,ios,0
T012230,U00997,2026-06-09 04:39:35,2764,transfer,2,ios,0
T013051,U01603,2026-05-08 19:12:44,967,fuel,2,ios,0
T014957,U00654,2026-09-27 21:34:22,9874,transfer,1,android,0
T008040,U01404,2026-05-16 03:50:27,872,recharge,2,android,0
T001409,U01845,2026-07-26 17:26:37,4386,fuel,1,ios,0
T001583,U01748,2026-01-04 07:07:52,310,grocery,1,ios,0
T012377,U01806,2026-09-20 21:03:42,1536,fuel,1,android,0
T004822,U01223,2026-01-10 08:02:17,3634,fuel,1,android,0
T002903,U00891,2026-07-19 23:01:02,1332,transfer,3,ios,0
T015013,U00499,2026-07-27 13:50:00,1000,transfer,3,web,1
T007505,U00914,2026-01-16 07:56:27,2784,fuel,1,android,0
T014199,U01373,2026-08-11 04:39:25,13845,transfer,1,ios,0
T007833,U01929,2026-03-04 19:21:45,6664,transfer,1,android,0
T001082,U00512,2026-06-03 05:56:59,936,shopping,2,ios,0
T006076,U01777,2026-08-17 17:00:09,9003,shopping,1,ios,0
T013930,U00923,2026-07-09 07:01:08,3604,transfer,2,android,0
T000621,U01052,2026-09-09 12:10:06,420,recharge,2,ios,0
T003838,U01761,2026-06-19 13:19:15,4146,fuel,3,ios,0
T002829,U00571,2026-02-16 17:24:19,719,shopping,2,android,0
T011283,U01346,2026-03-13 20:59:54,7249,shopping,2,android,0
T002731,U01926,2026-07-14 06:18:25,498,recharge,2,android,0
T011928,U00844,2026-07-28 02:22:15,4394,shopping,1,ios,0
T014555,U00134,2026-03-05 03:38:18,1248,grocery,1,ios,0
T010777,U01428,2026-05-26 04:01:04,2150,recharge,1,android,0
T004022,U00268,2026-01-30 19:24:35,4096,grocery,2,android,0
T007555,U01788,2026-07-26 06:18:00,2091,fuel,3,android,0
T001245,U00347,2026-05-28 12:40:01,1757,shopping,2,ios,0
T013324,U01381,2026-09-05 11:25:50,17799,transfer,2,android,0
T011660,U00266,2026-09-15 03:39:29,1518,grocery,1,ios,0
T002940,U00228,2026-03-28 18:39:11,883,grocery,3,android,0
T006304,U00646,2026-09-07 01:23:19,1482,shopping,1,ios,0
T000828,U00494,2026-08-20 12:34:18,2678,transfer,2,ios,0
T003535,U01870,2026-04-15 07:53:02,4503,transfer,2,ios,0
T008984,U01029,2026-06-14 19:44:00,965,recharge,1,android,0
T011895,U00476,2026-04-08 11:43:56,219,grocery,3,ios,0
T012601,U00676,2026-09-30 20:34:02,739,shopping,3,android,0
T013851,U01848,2026-06-05 12:52:43,1030,fuel,3,android,0
T004679,U00533,2026-08-02 02:56:05,1037,recharge,1,ios,0
T004733,U01024,2026-01-22 01:17:20,7493,transfer,1,android,0
T005875,U01411,2026-04-01 17:46:08,2586,grocery,1,ios,0
T002201,U00592,2026-05-14 08:22:19,914,transfer,3,android,0
T000131,U01840,2026-08-27 07:35:00,589,grocery,2,android,0
T009425,U00717,2026-09-02 22:50:46,158,recharge,1,ios,0
T001507,U01432,2026-09-27 10:47:50,3202,transfer,1,ios,0
T008966,U00989,2026-01-19 13:02:35,2588,fuel,3,ios,0
T011349,U01399,2026-07-29 11:49:23,3203,transfer,2,ios,0
T008252,U01425,2026-07-20 05:12:59,3176,grocery,3,android,0
T012094,U00997,2026-08-22 15:36:20,487,grocery,2,ios,0
T003212,U01830,2026-04-09 12:10:54,1739,shopping,2,android,0
T008362,U00080,2026-09-05 17:28:14,530,grocery,3,ios,0
T006466,U00088,2026-06-28 01:49:38,1679,shopping,1,ios,0
T004756,U01756,2026-09-03 05:41:06,3099,grocery,3,android,0
T014050,U00190,2026-09-18 05:39:56,607,grocery,1,android,0
T002010,U01719,2026-09-05 11:11:49,1946,grocery,2,ios,0
T012263,U01675,2026-05-02 16:29:57,2026,shopping,2,ios,0
T007533,U00092,2026-01-22 03:39:14,610,grocery,2,ios,0
T010265,U00303,2026-05-11 17:25:28,912,grocery,2,android,0
T000967,U01992,2026-02-20 16:47:44,1354,grocery,3,android,0
T014943,U01050,2026-02-08 13:05:45,613,recharge,1,android,0
T003956,U01187,2026-01-24 11:22:21,479,recharge,2,android,0
T003615,U01026,2026-01-26 22:57:54,1210,grocery,1,android,0
T006851,U01546,2026-06-02 14:21:33,281,recharge,3,android,0
T014978,U01963,2026-08-05 17:55:39,63,grocery,3,ios,0
T008073,U00479,2026-08-14 20:30:41,90,recharge,3,ios,0
T012350,U01889,2026-01-21 09:00:47,259,grocery,3,android,0
T007693,U01112,2026-08-29 20:33:12,5032,fuel,1,android,0
T001654,U00474,2026-06-10 03:28:21,6147,transfer,1,ios,0
T003706,U00335,2026-04-13 23:43:01,5581,fuel,1,android,0
T011172,U00184,2026-01-04 02:55:56,110,recharge,3,android,0
T003186,U00774,2026-05-26 13:14:47,455,recharge,3,android,0
T013704,U01201,2026-08-15 20:44:56,762,shopping,1,ios,0
T006790,U00180,2026-02-01 19:13:44,2305,grocery,1,ios,0
T010000,U01805,2026-02-23 16:16:32,2257,grocery,3,ios,0
T003855,U00405,2026-02-13 22:52:27,1163,grocery,2,android,0
T001625,U01908,2026-02-08 21:12:37,1977,shopping,3,ios,0
T008797,U01139,2026-05-12 21:56:52,2151,fuel,3,android,0
T005826,U00444,2026-03-11 03:07:38,602,recharge,3,ios,0
T002901,U01660,2026-06-17 22:39:12,3129,fuel,2,android,0
T003371,U00203,2026-08-15 11:44:09,7702,shopping,2,android,0
T005218,U00987,2026-02-23 15:08:56,7468,transfer,3,android,0
T002798,U01384,2026-03-28 07:26:15,5527,shopping,2,android,0
T013341,U01716,2026-04-01 13:03:57,160,fuel,2,ios,0
T011894,U00776,2026-03-04 01:55:11,832,grocery,2,ios,0
T000205,U01974,2026-01-19 20:43:12,5779,transfer,1,android,0
T001257,U00510,2026-07-15 08:52:49,176,recharge,2,android,0
T015057,U00612,2026-07-10 23:55:00,5000,transfer,1,web,1
T012252,U00693,2026-05-02 01:50:37,10849,transfer,1,ios,0
T000945,U00779,2026-07-03 20:29:51,456,grocery,2,android,0
T000876,U00656,2026-01-21 05:53:33,1152,grocery,1,ios,0
T001825,U00386,2026-04-14 00:52:58,3300,fuel,1,android,0
T013319,U00373,2026-05-20 03:25:07,409,grocery,1,ios,0
T005446,U00130,2026-03-23 12:22:08,5466,shopping,1,android,0
T000973,U00924,2026-03-11 09:23:27,2926,fuel,1,android,0
T003080,U00370,2026-06-14 04:54:12,430,shopping,3,ios,0
T000917,U00158,2026-06-11 18:00:48,412,grocery,3,android,0
T006082,U01230,2026-04-07 14:07:45,724,recharge,2,ios,0
T000958,U01031,2026-06-13 08:39:25,340,shopping,1,android,0
T003832,U01887,2026-02-19 17:15:33,75,recharge,1,android,0
T002546,U00241,2026-04-07 13:32:07,5348,shopping,2,android,0
T012237,U01417,2026-02-02 03:14:03,66,grocery,3,ios,0
T006294,U00852,2026-04-08 15:26:13,704,recharge,2,ios,0
T007341,U00282,2026-04-25 10:05:48,3625,fuel,2,android,0
T007982,U00809,2026-09-14 00:33:19,1225,grocery,3,ios,0
T005860,U00345,2026-03-05 06:25:39,564,grocery,1,ios,0
T004950,U01984,2026-04-19 17:18:32,213,recharge,3,android,0
T015084,U00517,2026-03-01 08:41:00,1000,transfer,1,web,1
T007093,U01982,2026-03-14 05:29:15,6108,shopping,3,ios,0
T006331,U01215,2026-05-08 18:49:26,2199,transfer,2,android,0
T014934,U01104,2026-08-24 08:58:44,2006,grocery,2,android,0
T014597,U00931,2026-02-22 17:08:17,827,grocery,2,ios,0
T009565,U00882,2026-04-17 13:46:51,1315,fuel,2,ios,0
T008551,U00867,2026-06-24 09:32:39,658,shopping,3,android,0
T011129,U01126,2026-09-28 17:54:21,3471,shopping,3,android,0
T005992,U01896,2026-07-25 04:22:12,301,grocery,2,android,0
T000839,U01866,2026-03-23 11:50:45,706,recharge,3,ios,0
T014705,U01649,2026-08-14 02:30:39,401,recharge,2,android,0
T001125,U00263,2026-09-24 21:22:21,2806,transfer,2,ios,0
T003266,U01015,2026-05-27 04:13:31,1180,fuel,3,android,0
T001231,U01993,2026-08-23 13:45:04,11535,transfer,3,ios,0
T013362,U01463,2026-03-20 02:20:34,4864,grocery,2,ios,0
T002460,U00205,2026-02-03 14:38:09,6973,shopping,3,android,0
T004143,U00885,2026-07-06 00:09:45,115,recharge,1,android,0
T004362,U01739,2026-05-11 14:25:29,620,recharge,3,ios,0
T005845,U01265,2026-07-31 20:02:43,488,recharge,1,android,0
T008425,U01872,2026-06-29 08:21:53,1619,grocery,3,android,0
T008424,U00293,2026-04-17 00:03:08,4654,shopping,2,ios,0
T012356,U00669,2026-03-27 07:56:39,622,fuel,1,ios,0
T004913,U01842,2026-03-11 12:34:53,7524,transfer,2,ios,0
T007831,U00443,2026-07-07 05:12:28,944,grocery,3,android,0
T007134,U00806,2026-02-07 04:18:41,611,grocery,2,android,0
T007732,U00764,2026-02-03 13:26:09,965,grocery,2,ios,0
T012264,U00300,2026-05-27 00:54:43,723,grocery,2,android,0
T008936,U00443,2026-02-05 14:22:40,526,fuel,3,android,0
T009831,U01465,2026-01-24 22:52:14,3305,transfer,3,ios,0
T005000,U00862,2026-08-12 10:15:48,775,recharge,1,android,0
T006846,U01022,2026-08-08 20:22:08,279,recharge,3,android,0
T005491,U00577,2026-06-18 21:14:35,3875,transfer,3,ios,0
T014570,U01723,2026-08-25 15:40:16,10646,transfer,1,ios,0
T005694,U01621,2026-09-03 19:22:11,152,recharge,2,ios,0
T012783,U01840,2026-07-06 15:42:57,138,recharge,1,android,0
T006017,U01705,2026-05-11 20:09:22,817,shopping,3,android,0
T012212,U01793,2026-01-30 21:06:17,291,recharge,2,android,0
T001552,U01093,2026-05-07 09:40:24,1531,fuel,1,ios,0
T000767,U01284,2026-07-30 09:02:04,1130,fuel,3,ios,0
T012785,U01600,2026-07-26 03:44:32,1411,fuel,1,android,0
T009987,U00789,2026-08-12 17:52:00,898,transfer,1,ios,0
T013714,U01667,2026-03-07 14:37:52,986,transfer,1,ios,0
T001205,U00915,2026-08-20 09:03:42,323,recharge,2,ios,0
T012033,U00527,2026-09-05 17:31:30,1256,grocery,1,android,0
T014343,U00567,2026-02-28 02:59:37,1673,fuel,2,ios,0
T013522,U00029,2026-07-07 07:14:35,1051,fuel,2,android,0
T000417,U01214,2026-05-10 01:33:34,27565,transfer,3,android,0
T009191,U01113,2026-01-24 14:36:56,697,recharge,3,ios,0
T003418,U01922,2026-03-19 01:56:32,349,recharge,3,android,0
T009384,U00019,2026-04-15 12:47:15,9147,transfer,3,ios,0
T007864,U00656,2026-03-22 14:44:20,3289,fuel,2,ios,0
T010605,U01651,2026-04-20 23:49:15,201,grocery,1,ios,0
T010046,U01819,2026-08-10 17:30:35,592,recharge,3,android,0
T014486,U00283,2026-01-25 04:25:20,5561,transfer,3,android,0
T003449,U01971,2026-05-03 08:34:53,629,fuel,3,ios,0
T013403,U00205,2026-02-19 14:56:23,5248,fuel,2,android,0
T001869,U01866,2026-09-14 10:38:59,147,recharge,1,ios,0
T001302,U00828,2026-03-29 20:33:17,71,recharge,3,ios,0
T010709,U00107,2026-06-05 15:49:09,1568,grocery,2,ios,0
T001793,U00179,2026-05-29 17:11:18,191,grocery,2,ios,0
T006648,U01068,2026-03-31 00:50:23,1807,fuel,2,ios,0
T003199,U01397,2026-04-08 03:46:40,2311,grocery,2,web,0
T011344,U00768,2026-03-28 12:22:12,3064,shopping,3,android,0
T002221,U01298,2026-04-16 03:06:22,5651,transfer,2,android,0
T001623,U00615,2026-05-28 09:57:10,4751,fuel,3,ios,0
T005013,U01587,2026-08-18 23:08:25,292,grocery,1,ios,0
T008948,U00561,2026-09-19 05:31:13,2855,shopping,1,ios,0
T004090,U00372,2026-03-17 13:17:40,234,grocery,3,android,0
T008248,U00507,2026-04-29 07:53:54,2358,fuel,1,ios,0
T006173,U01328,2026-02-21 21:47:09,2373,transfer,3,web,0
T007723,U00805,2026-01-28 09:44:05,32607,transfer,1,ios,0
T000040,U00621,2026-06-14 07:50:18,2428,fuel,2,ios,0
T012965,U01104,2026-07-22 05:16:02,1449,shopping,3,android,0
T009474,U00447,2026-09-17 20:24:37,682,recharge,3,ios,0
T012009,U00381,2026-02-13 14:26:17,466,grocery,1,ios,0
T003475,U01014,2026-06-21 11:15:13,3309,shopping,3,android,0
T001092,U01906,2026-08-25 12:38:49,784,fuel,3,ios,0
T007530,U00023,2026-06-16 22:39:57,5148,transfer,2,android,0
T010542,U00420,2026-03-07 22:03:46,349,recharge,1,ios,0
T012985,U01748,2026-07-06 10:14:39,977,grocery,1,ios,0
T003613,U00584,2026-08-12 17:26:00,1841,shopping,3,android,0
T000278,U01874,2026-04-18 09:14:23,2223,shopping,2,ios,0
T009772,U01466,2026-09-30 10:42:03,4807,transfer,2,android,0
T006700,U01580,2026-04-01 06:35:01,182,recharge,1,android,0
T013774,U01149,2026-09-09 07:05:11,472,fuel,3,ios,0
T012260,U01749,2026-04-03 16:28:25,151,grocery,1,ios,0
T009225,U00617,2026-02-26 21:25:49,6359,transfer,3,android,0
T010446,U01857,2026-08-28 03:54:20,390,recharge,2,ios,0
T005315,U00454,2026-08-09 21:02:37,4062,fuel,1,ios,0
T000189,U00820,2026-09-25 22:21:24,15502,transfer,2,ios,0
T012007,U01887,2026-07-10 07:12:58,4551,transfer,1,web,0
T009378,U01728,2026-08-16 03:16:26,496,grocery,2,ios,0
T012453,U01514,2026-02-01 21:32:56,960,fuel,2,android,0
T000490,U01628,2026-08-03 16:03:21,7354,shopping,1,web,0
T004438,U00363,2026-09-06 12:01:29,1358,shopping,3,ios,0
T009516,U01411,2026-08-08 11:09:14,368,recharge,3,ios,0
T007644,U00447,2026-01-31 20:58:45,1479,shopping,2,ios,0
T013715,U01921,2026-05-18 10:08:33,1868,shopping,3,ios,0
T007275,U00337,2026-03-17 06:52:22,1875,shopping,2,ios,0
T005892,U00669,2026-08-07 19:27:14,1955,grocery,3,ios,0
T001516,U01720,2026-06-07 19:50:34,90,recharge,1,ios,0
T000554,U01019,2026-01-12 13:02:35,4884,fuel,3,ios,0
T003136,U00318,2026-07-23 15:04:05,716,fuel,2,android,0
T006865,U00258,2026-07-13 05:04:21,2407,shopping,1,android,0
T002473,U01064,2026-08-10 20:28:02,113,recharge,3,ios,0
T004851,U01736,2026-05-22 19:48:52,8046,transfer,1,ios,0
T012428,U01110,2026-08-23 12:55:56,264,recharge,1,android,0
T003222,U01805,2026-05-17 08:25:36,3956,transfer,2,ios,0
T014313,U01174,2026-06-30 12:19:20,184,recharge,2,ios,0
T008981,U00930,2026-03-04 11:58:17,726,recharge,1,android,0
T008379,U00496,2026-02-10 15:46:32,3716,fuel,3,android,0
T010272,U00465,2026-08-07 18:50:37,17735,transfer,2,ios,0
T003529,U01824,2026-04-22 06:55:06,1382,fuel,3,ios,0
T008364,U00597,2026-03-18 02:43:11,1206,grocery,3,ios,0
T011234,U01070,2026-02-23 10:11:39,2588,transfer,1,android,0
T013288,U00925,2026-09-13 16:58:27,2097,fuel,2,ios,0
T009570,U00392,2026-09-19 02:25:03,4118,transfer,2,android,0
T003504,U00732,2026-09-16 15:38:55,1981,shopping,2,ios,0
T004668,U00044,2026-01-07 09:00:34,2460,fuel,2,android,0
T003545,U01278,2026-07-31 09:49:52,1020,grocery,3,ios,0
T013953,U01130,2026-08-28 01:38:39,179,recharge,1,android,0
T010955,U00939,2026-05-22 06:55:42,596,fuel,3,ios,0
T012861,U00544,2026-07-01 09:05:31,3564,grocery,2,android,0
T004187,U00377,2026-09-18 06:16:36,111,recharge,2,ios,0
T013473,U01160,2026-09-22 19:42:45,480,recharge,2,android,0
T001047,U00311,2026-05-12 18:25:19,192,recharge,3,android,0
T010714,U00490,2026-06-12 23:08:55,3224,transfer,1,android,0
T003983,U00736,2026-04-02 14:01:32,2457,transfer,3,android,0
T009744,U00442,2026-05-13 09:59:03,207,recharge,1,ios,0
T011617,U00894,2026-02-14 03:51:17,5877,shopping,1,ios,0
T003342,U01790,2026-05-02 05:23:53,20000,shopping,3,android,1
T003261,U01994,2026-06-28 10:45:40,91,grocery,2,ios,0
T004878,U01144,2026-04-04 10:29:03,6379,transfer,3,android,0
T012220,U01638,2026-03-22 19:17:44,3212,fuel,1,android,0
T014495,U01693,2026-06-13 05:06:32,8193,shopping,3,ios,0
T011869,U00951,2026-07-30 08:31:33,1391,shopping,1,ios,0
T001718,U00881,2026-08-11 03:48:47,496,shopping,3,ios,0
T001159,U01718,2026-08-24 02:33:35,19186,shopping,2,android,0
T011143,U01071,2026-02-06 06:50:22,29254,transfer,3,ios,0
T007162,U01317,2026-08-26 17:24:34,10323,shopping,2,android,0
T012458,U00750,2026-02-19 12:59:11,1297,shopping,3,ios,0
T001928,U01314,2026-03-16 10:06:13,5371,fuel,2,android,0
T001927,U00174,2026-06-04 14:58:15,8568,transfer,2,android,0
T007513,U00680,2026-09-23 05:07:38,1777,transfer,3,android,0
T009269,U01571,2026-08-19 02:14:14,285,recharge,1,ios,0
T003141,U00502,2026-01-16 21:14:33,3428,shopping,1,ios,0
T012479,U00982,2026-02-01 10:14:39,837,fuel,2,ios,0
T004235,U01629,2026-07-14 21:07:13,161,recharge,1,android,0
T008054,U00994,2026-05-26 03:16:03,923,grocery,1,ios,0
T013216,U00700,2026-09-24 17:05:42,9773,shopping,3,android,0
T011009,U00292,2026-03-17 05:23:25,600,grocery,2,android,0
T001690,U00364,2026-04-07 16:59:28,2599,shopping,2,android,0
T004508,U00722,2026-01-01 05:34:18,6007,fuel,2,ios,0
T003634,U00740,2026-06-06 07:40:29,16634,transfer,1,ios,0
T010963,U00955,2026-09-15 04:36:57,204,recharge,3,android,0
T002303,U01191,2026-07-29 21:45:22,2583,grocery,1,ios,0
T002315,U01379,2026-08-28 22:05:20,4970,shopping,3,ios,0
T004848,U00917,2026-09-02 00:39:11,171,recharge,3,android,0
T006873,U01406,2026-06-26 22:31:50,3060,transfer,1,ios,0
T012014,U00032,2026-05-03 07:30:15,575,grocery,2,android,0
T007183,U00519,2026-07-20 11:22:34,1563,fuel,3,android,0
T010198,U01710,2026-08-28 07:22:02,133,recharge,3,ios,0
T003857,U00729,2026-05-22 04:21:00,8537,shopping,2,android,0
T005884,U00458,2026-09-20 12:26:50,501,grocery,1,android,0
T006155,U00298,2026-05-02 22:24:43,289,grocery,2,web,0
T010028,U00727,2026-01-12 20:54:48,798,grocery,1,ios,0
T002624,U01911,2026-03-20 08:08:02,137,recharge,1,ios,0
T009374,U01874,2026-02-01 00:52:47,450,shopping,3,ios,0
T013978,U00517,2026-02-12 00:59:55,6009,fuel,2,ios,0
T005432,U00484,2026-03-08 23:08:44,409,recharge,2,ios,0
T003446,U01347,2026-07-11 01:06:56,812,grocery,3,ios,0
T004116,U00916,2026-03-11 07:07:39,118,recharge,2,android,0
T004288,U00428,2026-07-02 03:49:46,2301,transfer,2,ios,0
T013740,U00528,2026-04-29 20:43:03,161,recharge,3,ios,0
T005450,U00683,2026-05-15 18:22:02,12279,transfer,3,android,0
T006751,U00659,2026-05-10 13:47:00,496,recharge,2,android,0
T003950,U01353,2026-08-07 11:17:21,1973,transfer,3,android,0
T012604,U01219,2026-02-13 16:18:45,796,fuel,3,android,0
T006094,U01351,2026-09-07 05:55:28,360,recharge,3,ios,0
T008413,U01755,2026-03-08 16:38:02,270,recharge,3,ios,0
T005530,U01191,2026-05-01 14:01:32,1159,grocery,3,ios,0
T001957,U00327,2026-01-06 23:47:11,5491,transfer,3,android,0
T002327,U01989,2026-03-28 07:41:56,965,fuel,2,android,0
T000031,U00026,2026-02-02 21:27:24,657,recharge,2,android,0
T002734,U01939,2026-07-20 02:39:20,5495,shopping,1,ios,0
T002976,U01785,2026-08-24 14:26:42,570,grocery,3,ios,0
T004513,U00863,2026-06-12 13:05:29,114,recharge,2,ios,0
T000912,U01104,2026-03-31 08:49:21,1634,shopping,2,android,0
T000362,U00412,2026-09-12 06:47:08,5212,shopping,2,android,0
T001751,U00022,2026-01-31 12:33:16,653,fuel,1,android,0
T000670,U01423,2026-03-02 21:51:06,4448,fuel,2,web,0
T004326,U00323,2026-05-21 06:51:21,1521,fuel,3,android,0
T008173,U00048,2026-03-21 15:00:20,357,grocery,1,web,0
T004862,U00525,2026-06-13 03:23:00,340,fuel,2,android,0
T002959,U01400,2026-07-01 15:16:30,3260,shopping,1,android,0
T009354,U00766,2026-06-25 14:44:05,780,fuel,1,android,0
T000321,U01724,2026-02-17 08:45:50,51,recharge,2,android,0
T006998,U00017,2026-03-14 06:39:20,2648,grocery,3,ios,0
T005697,U00310,2026-08-17 06:13:58,1250,transfer,1,ios,0
T013103,U01330,2026-07-02 14:04:38,148,recharge,3,ios,0
T009227,U01775,2026-01-23 07:50:17,6448,shopping,2,ios,0
T009047,U01238,2026-01-06 11:19:11,54,recharge,3,ios,0
T010158,U01774,2026-08-18 13:54:13,558,fuel,3,android,0
T006951,U00166,2026-08-18 22:37:10,497,recharge,3,ios,0
T007251,U01225,2026-08-01 11:58:34,632,shopping,3,android,0
T014799,U01098,2026-03-03 10:36:18,1495,shopping,2,android,0
T010416,U01505,2026-02-27 01:06:19,1518,fuel,3,ios,0
T010422,U01157,2026-05-08 02:06:46,28,recharge,3,ios,0
T004073,U00808,2026-01-23 19:17:09,1079,grocery,1,ios,0
T007655,U00680,2026-03-24 04:51:27,1013,grocery,3,android,0
T003514,U01810,2026-04-02 11:57:09,3391,transfer,2,android,0
T013582,U00529,2026-06-15 06:46:50,9426,transfer,1,android,0
T009200,U01435,2026-04-19 22:41:09,286,recharge,3,ios,0
T000014,U00474,2026-03-26 22:36:54,811,grocery,3,ios,0
T005525,U01011,2026-05-13 04:27:52,3109,transfer,1,android,0
T004105,U00913,2026-05-12 16:47:48,522,fuel,3,android,0
T008197,U01579,2026-02-12 21:28:45,4794,transfer,2,android,0
T009548,U00443,2026-08-19 13:17:06,115,grocery,1,android,0
T010090,U00058,2026-08-17 15:56:54,950,transfer,2,android,0
T013495,U00801,2026-07-15 10:18:02,4460,fuel,1,ios,0
T009660,U01064,2026-05-27 04:42:07,168,recharge,1,ios,0
T006629,U00513,2026-06-16 20:38:03,1224,shopping,1,android,0
T013877,U00931,2026-05-24 23:17:20,647,grocery,3,ios,0
T002902,U00051,2026-09-06 12:06:59,438,grocery,3,ios,0
T004519,U01936,2026-01-29 11:00:22,2140,shopping,3,ios,0
T010257,U01982,2026-09-19 04:52:31,326,recharge,1,ios,0
T006130,U00311,2026-07-13 10:36:27,142,recharge,3,android,0
T006531,U01447,2026-05-02 15:20:57,804,grocery,2,ios,0
T003849,U01662,2026-08-28 02:41:34,367,fuel,2,ios,0
T004331,U01012,2026-07-02 12:01:42,2195,grocery,1,android,0
T011516,U00588,2026-09-05 20:30:34,1804,shopping,2,ios,0
T005522,U01590,2026-01-08 17:29:29,1087,grocery,1,android,0
T007921,U01218,2026-05-16 01:40:02,5463,grocery,1,android,0
T003013,U01333,2026-04-29 18:45:52,916,shopping,2,ios,0
T010867,U01128,2026-03-16 00:19:13,381,shopping,2,android,0
T001430,U00707,2026-09-23 02:04:15,10000,fuel,3,ios,1
T004164,U01942,2026-05-24 08:00:20,539,recharge,1,ios,0
T013226,U00925,2026-05-05 22:21:54,1694,shopping,3,ios,0
T007573,U00804,2026-07-26 02:21:48,443,recharge,2,ios,0
T014449,U01648,2026-05-07 18:11:31,672,fuel,1,ios,0
T002183,U01807,2026-09-19 10:26:42,1064,shopping,3,ios,0
T001333,U00599,2026-04-09 10:55:25,2510,transfer,1,ios,0
T010455,U01511,2026-08-16 10:53:38,1789,fuel,3,ios,0
T005546,U01939,2026-01-08 12:08:39,1270,grocery,1,ios,0
T010141,U01002,2026-02-03 08:54:34,2132,fuel,2,android,0
T000162,U01457,2026-04-04 07:46:39,960,recharge,1,ios,0
T003375,U01941,2026-09-19 04:57:19,50000,grocery,1,android,1
T000415,U01932,2026-01-28 16:01:54,319,recharge,3,ios,0
T012080,U01225,2026-06-14 00:33:55,8887,shopping,3,android,0
T011274,U00652,2026-09-28 01:19:26,1277,fuel,2,ios,0
T002080,U01761,2026-05-06 22:48:19,265,recharge,2,ios,0
T004439,U00438,2026-03-20 14:06:27,3584,transfer,1,ios,0
T011861,U01845,2026-07-20 19:00:22,3771,shopping,3,ios,0
T003881,U01884,2026-07-22 06:27:20,1236,recharge,3,ios,0
T002844,U01879,2026-08-21 18:45:24,81,recharge,2,android,0
T008176,U01671,2026-09-07 00:40:14,216,grocery,3,ios,0
T014729,U01765,2026-01-06 22:16:56,5582,fuel,1,ios,0
T003183,U00800,2026-02-19 00:47:21,8662,transfer,3,ios,0
T007609,U00926,2026-01-12 09:02:45,4714,shopping,3,ios,0
T013827,U01013,2026-02-27 01:22:28,690,fuel,2,ios,0
T000270,U00706,2026-09-14 00:57:41,2330,transfer,3,android,0
T000687,U01135,2026-08-04 10:14:53,3267,shopping,3,android,0
T013006,U00553,2026-03-11 16:23:13,4432,transfer,1,android,0
T000773,U01204,2026-02-18 04:17:14,259,grocery,1,ios,0
T002532,U01740,2026-04-30 08:44:36,787,grocery,2,android,0
T007245,U01681,2026-04-09 02:04:58,956,grocery,3,ios,0
T014371,U00746,2026-03-05 00:20:39,16905,transfer,1,ios,0
T008050,U01151,2026-05-20 00:16:48,15529,transfer,1,ios,0
T012221,U00678,2026-08-02 03:09:27,9708,shopping,1,ios,0
T000045,U00707,2026-06-11 13:10:19,5325,grocery,2,android,0
T013914,U01414,2026-07-02 23:29:15,826,grocery,2,ios,0
T000514,U00705,2026-03-05 03:31:10,1591,fuel,2,android,0
T003630,U00599,2026-07-12 11:06:44,2335,shopping,3,ios,0
T000191,U01252,2026-09-23 19:40:05,16112,transfer,2,ios,0
T001309,U01653,2026-02-07 11:28:37,7417,transfer,3,ios,0
T005317,U00608,2026-04-02 07:40:28,441,fuel,3,ios,0
T001362,U00196,2026-07-25 11:45:53,490,fuel,1,ios,0
T003341,U00213,2026-05-02 04:31:16,436,grocery,3,ios,0
T000102,U00921,2026-07-28 03:10:43,1928,transfer,2,android,0
T005797,U01791,2026-06-01 05:14:53,4037,grocery,3,android,0
T007428,U00297,2026-01-15 16:52:05,637,recharge,1,ios,0
T007003,U01447,2026-09-28 17:33:45,758,grocery,1,ios,0
T006484,U01708,2026-02-15 11:36:11,6807,transfer,1,android,0
T010756,U01726,2026-03-23 13:28:19,4459,fuel,2,ios,0
T013429,U01802,2026-01-02 08:35:49,463,grocery,3,android,0
T002864,U00656,2026-04-27 10:33:51,1015,fuel,3,ios,0
T010037,U01358,2026-03-10 14:40:01,197,recharge,2,web,0
T011969,U01503,2026-08-08 13:03:53,63,recharge,1,android,0
T005418,U01342,2026-04-19 12:16:48,736,shopping,2,web,0
T013437,U01090,2026-08-18 22:40:57,651,grocery,3,ios,0
T012266,U00057,2026-09-02 06:11:18,23838,shopping,3,ios,0
T010707,U00320,2026-06-08 09:20:20,494,grocery,2,android,0
T002309,U00472,2026-06-19 17:33:59,247,recharge,3,android,0
T012148,U00061,2026-03-20 05:17:02,293,grocery,1,android,0
T007413,U00640,2026-02-07 06:11:13,3830,grocery,1,ios,0
T013323,U01136,2026-03-18 05:21:00,316,recharge,2,ios,0
T003646,U00703,2026-06-30 13:58:04,1114,fuel,3,ios,0
T012299,U01403,2026-07-12 09:41:13,4199,transfer,1,android,0
T003678,U01415,2026-05-19 19:14:45,2414,fuel,3,android,0
T012134,U01840,2026-08-25 16:46:21,2186,fuel,2,android,0
T007057,U01264,2026-02-14 12:31:54,197,recharge,2,web,0
T013531,U00272,2026-03-23 20:27:14,1711,transfer,3,ios,0
T005447,U01619,2026-01-18 00:12:13,3221,transfer,3,ios,0
T002057,U00244,2026-04-22 00:55:23,134,recharge,1,ios,0
T003512,U00371,2026-06-16 03:55:15,7253,transfer,2,ios,0
T007097,U01272,2026-03-02 02:33:32,14266,fuel,3,ios,0
T007751,U00900,2026-03-25 14:01:59,3711,grocery,3,ios,0
T003295,U01494,2026-01-27 13:21:47,1252,recharge,3,android,0
T004130,U00857,2026-08-11 02:59:32,377,fuel,3,android,0
T001307,U01989,2026-03-25 10:25:06,2266,shopping,2,android,0
T003737,U00310,2026-02-07 13:01:08,947,recharge,1,ios,0
T001136,U01760,2026-01-10 02:24:05,170,recharge,2,android,0
T003385,U01349,2026-07-27 06:04:29,3239,fuel,2,android,0
T002044,U00208,2026-01-16 06:13:00,2771,shopping,3,web,0
T010470,U00076,2026-06-29 00:53:41,2286,transfer,1,android,0
T011545,U01217,2026-01-22 21:33:49,1770,grocery,3,ios,0
T007715,U00321,2026-03-02 12:43:15,2091,fuel,3,android,0
T007972,U00634,2026-07-29 18:29:32,4306,shopping,3,ios,0
T000157,U00792,2026-03-25 05:35:38,3820,grocery,1,ios,0
T006238,U00431,2026-01-02 06:19:11,340,grocery,3,android,0
T011797,U01938,2026-03-17 19:37:49,300,grocery,2,android,0
T011615,U01967,2026-08-20 02:27:18,643,fuel,2,ios,0
T000864,U00747,2026-04-15 15:45:04,1704,transfer,1,ios,0
T006186,U00742,2026-09-17 01:19:41,93,recharge,2,android,0
T003425,U00908,2026-08-24 20:08:15,1095,recharge,2,web,0
T013438,U00416,2026-05-17 09:08:13,10047,fuel,2,ios,0
T004460,U00094,2026-03-30 12:51:46,784,recharge,1,android,0
T003739,U01967,2026-02-28 11:43:45,1558,grocery,3,ios,0
T001385,U01168,2026-06-03 08:47:34,1424,recharge,1,android,0
T001112,U01546,2026-01-16 10:27:02,7017,fuel,1,android,0
T012100,U00185,2026-09-02 12:17:49,2188,grocery,2,ios,0
T005682,U01849,2026-01-24 07:30:30,17689,transfer,1,ios,0
T004502,U01206,2026-08-21 17:01:19,17403,transfer,3,android,0
T010157,U01636,2026-08-27 00:07:57,252,fuel,3,ios,0
T012323,U00435,2026-04-29 04:58:37,2021,shopping,2,ios,0
T005559,U01350,2026-05-11 18:43:21,361,recharge,3,android,0
T007465,U00546,2026-08-21 03:43:41,2777,transfer,2,android,0
T005643,U00106,2026-06-09 00:56:50,416,recharge,3,ios,0
T001470,U01824,2026-05-01 08:29:31,602,recharge,1,ios,0
T011219,U01770,2026-02-16 06:28:21,316,shopping,3,android,0
T004020,U01527,2026-01-19 09:06:07,20668,transfer,3,web,0
T012355,U01547,2026-01-16 23:18:41,23863,transfer,1,android,0
T004293,U00036,2026-03-08 13:41:10,2947,transfer,2,android,0
T003456,U01500,2026-06-19 22:43:21,1198,grocery,2,ios,0
T002401,U01113,2026-08-03 13:33:13,214,recharge,1,ios,0
T000996,U01431,2026-02-16 13:33:44,5110,fuel,1,android,0
T012498,U01148,2026-03-31 03:53:30,2187,transfer,1,ios,0
T006775,U00051,2026-03-08 06:39:00,691,recharge,2,ios,0
T013405,U01518,2026-06-16 16:32:29,152,recharge,3,ios,0
T007855,U00904,2026-02-20 11:31:24,4377,transfer,3,android,0
T007789,U00717,2026-05-02 05:50:38,669,grocery,2,ios,0
T010643,U00921,2026-05-15 10:07:38,231,recharge,3,android,0
T002793,U01663,2026-03-13 12:44:06,501,grocery,3,android,0
T001413,U01831,2026-08-09 02:48:01,555,grocery,2,ios,0
T000793,U01026,2026-08-16 14:39:33,1510,shopping,3,android,0
T002810,U00465,2026-05-14 15:30:43,384,grocery,2,web,0
T014021,U00021,2026-01-20 05:47:19,1828,grocery,2,android,0
T010054,U01909,2026-08-23 05:44:23,986,shopping,1,ios,0
T011961,U00918,2026-01-28 07:57:55,2897,transfer,1,android,0
T009759,U00460,2026-02-27 15:09:17,1625,shopping,1,android,0
T003756,U01017,2026-09-30 05:56:31,182,recharge,3,android,0
T009485,U01888,2026-07-28 23:27:53,724,fuel,3,android,0
T004071,U00406,2026-06-18 14:28:48,5068,shopping,2,ios,0
T006707,U01985,2026-05-23 19:00:04,5391,grocery,1,ios,0
T014060,U00252,2026-03-08 07:42:15,2159,shopping,2,ios,0
T000653,U00847,2026-07-20 10:54:57,10197,transfer,2,android,0
T011491,U01174,2026-06-12 17:48:21,554,fuel,1,ios,0
T000648,U01152,2026-09-02 15:20:13,380,grocery,3,android,0
T001962,U01751,2026-02-24 01:26:23,516,grocery,3,android,0
T014768,U00551,2026-03-18 22:30:04,4647,grocery,3,ios,0
T008487,U01393,2026-06-30 07:52:14,10505,transfer,3,android,0
T008625,U00103,2026-04-20 19:46:43,702,shopping,1,ios,0
T013268,U01366,2026-01-19 07:43:36,4043,fuel,2,ios,0
T002264,U00775,2026-04-07 20:20:03,2581,transfer,1,android,0
T014156,U01215,2026-04-12 13:16:26,374,grocery,1,android,0
T011932,U00267,2026-07-03 22:25:36,647,shopping,2,ios,0
T005017,U00489,2026-09-12 16:42:19,611,recharge,2,ios,0
T008147,U01046,2026-02-17 22:00:26,422,recharge,3,android,0
T004500,U00911,2026-06-09 15:57:15,2613,shopping,2,android,0
T009330,U00031,2026-06-13 20:37:59,1447,shopping,2,ios,0
T012610,U01476,2026-04-01 14:26:35,17438,transfer,3,ios,0
T001912,U00268,2026-04-23 07:27:01,479,fuel,2,android,0
T005995,U01306,2026-06-20 13:22:30,1047,recharge,1,ios,0
T001456,U01713,2026-08-08 15:55:53,853,grocery,3,ios,0
T005297,U01502,2026-03-31 02:30:12,7210,transfer,3,android,0
T001942,U01999,2026-07-14 04:03:01,465,grocery,3,ios,0
T003167,U01372,2026-09-27 08:12:32,1436,shopping,2,android,0
T001406,U00199,2026-01-21 11:41:27,601,grocery,1,ios,0
T009058,U00041,2026-05-19 17:17:33,1215,fuel,2,ios,0
T001195,U01027,2026-06-04 15:18:49,4869,grocery,3,ios,0
T002380,U00763,2026-05-13 13:45:47,1943,shopping,2,ios,0
T008729,U01242,2026-09-14 20:01:39,233,recharge,2,android,0
T014544,U00126,2026-05-11 08:20:35,948,shopping,3,web,0
T000522,U01651,2026-02-24 04:51:54,18134,transfer,3,ios,0
T005080,U01584,2026-04-28 23:08:52,2211,fuel,3,ios,0
T002493,U01264,2026-01-01 18:33:52,932,recharge,3,android,0
T003285,U01621,2026-08-05 16:20:22,468,recharge,1,ios,0
T008939,U00328,2026-06-29 02:59:50,103,recharge,1,ios,0
T006902,U00834,2026-01-02 17:43:21,1243,fuel,3,android,0
T010190,U01222,2026-07-31 12:17:39,890,recharge,1,ios,0
T005610,U01484,2026-02-08 22:14:02,2618,fuel,3,ios,0
T001347,U00536,2026-05-22 13:31:17,194,recharge,2,android,0
T003363,U01470,2026-08-06 13:02:46,1127,fuel,1,ios,0
T013916,U00690,2026-05-07 23:15:44,1179,shopping,2,android,0
T008061,U01849,2026-06-03 04:21:01,5345,transfer,3,ios,0
T007571,U01946,2026-05-14 08:02:10,503,recharge,3,android,0
T006363,U00033,2026-08-18 10:08:20,683,grocery,1,ios,0
T009462,U00250,2026-01-05 23:18:43,4746,shopping,2,ios,0
T004777,U01035,2026-08-24 11:31:50,3607,grocery,2,android,0
T006699,U00818,2026-04-30 22:52:02,1278,transfer,3,ios,0
T003993,U01130,2026-05-29 02:13:23,3603,fuel,3,android,0
T004341,U00863,2026-04-28 02:20:02,3083,transfer,3,ios,0
T007991,U01172,2026-01-17 15:57:49,1662,grocery,1,android,0
T009886,U00708,2026-02-28 01:27:08,349,recharge,2,ios,0
T006443,U01478,2026-02-13 23:53:58,3855,transfer,2,android,0
T000023,U01161,2026-05-09 19:56:46,2510,transfer,3,android,0
T001831,U01048,2026-03-18 05:57:09,6729,fuel,1,android,0
T013682,U00182,2026-03-25 23:26:21,10304,shopping,1,android,0
T014407,U01988,2026-06-02 19:50:50,1385,grocery,1,android,0
T009665,U00307,2026-01-22 22:24:46,4476,transfer,3,android,0
T014953,U00469,2026-09-25 03:05:18,998,fuel,2,android,0
T013113,U01001,2026-07-25 16:31:42,571,recharge,2,android,0
T014562,U01668,2026-02-03 11:37:00,1089,grocery,2,ios,0
T012038,U00128,2026-07-19 04:55:21,667,fuel,2,ios,0
T012207,U01768,2026-03-06 22:29:59,335,grocery,2,ios,0
T006105,U01604,2026-05-13 05:33:45,628,recharge,2,android,0
T008012,U01570,2026-09-15 18:07:36,1526,fuel,3,ios,0
T010012,U01793,2026-07-31 21:45:30,439,grocery,3,android,0
T013077,U00729,2026-03-07 16:15:43,538,grocery,2,android,0
T012176,U01164,2026-05-10 17:26:06,208,grocery,3,android,0
T013092,U00256,2026-02-08 05:23:25,2916,fuel,1,android,0
T002279,U01987,2026-03-08 04:06:34,1658,grocery,2,ios,0
T010312,U00859,2026-09-27 07:57:53,9584,shopping,2,android,0
T003429,U01069,2026-07-19 14:59:38,1050,shopping,2,ios,0
T002292,U01595,2026-03-04 05:37:00,363,grocery,3,android,0
T009517,U01734,2026-09-11 21:06:19,719,grocery,3,android,0
T013468,U01909,2026-05-17 15:46:52,946,recharge,3,ios,0
T010706,U01607,2026-04-04 22:58:57,214,recharge,2,ios,0
T005287,U01378,2026-05-04 05:22:29,1741,recharge,3,android,0
T014472,U01107,2026-04-08 14:48:03,2776,fuel,3,android,0
T014671,U01127,2026-09-27 20:09:40,8184,transfer,2,android,0
T002907,U00779,2026-03-14 23:55:23,820,recharge,1,android,0
T006757,U00999,2026-09-26 06:45:19,5483,fuel,2,android,0
T000656,U01790,2026-05-14 15:46:44,512,recharge,3,android,0
T013825,U01327,2026-03-12 18:43:20,598,recharge,2,ios,0
T011107,U01192,2026-04-05 10:21:46,1256,shopping,2,ios,0
T014775,U00069,2026-09-09 14:23:59,2822,transfer,3,android,0
T014083,U01189,2026-04-15 03:49:05,652,grocery,1,ios,0
T007043,U00534,2026-05-25 04:15:35,670,grocery,2,android,0
T013626,U01931,2026-03-08 06:50:57,36024,transfer,1,ios,0
T013703,U01748,2026-07-30 09:36:47,2141,shopping,3,ios,0
T008663,U01858,2026-07-04 17:06:21,245,recharge,2,ios,0
T010852,U01908,2026-03-25 01:49:34,5805,transfer,1,android,0
T000578,U01618,2026-09-08 05:15:13,292,recharge,3,ios,0
T005638,U00812,2026-01-11 07:30:42,9083,transfer,2,ios,0
T007288,U01054,2026-08-11 19:36:04,320,grocery,2,android,0
T011866,U00435,2026-09-10 08:33:11,105,recharge,1,ios,0
T012483,U01639,2026-01-04 05:01:16,4167,shopping,3,android,0
T008987,U00231,2026-09-19 18:49:30,1062,shopping,2,android,0
T012786,U00141,2026-03-25 22:59:39,336,grocery,1,ios,0
T014802,U00443,2026-04-25 01:20:07,1783,shopping,2,android,0
T002104,U01415,2026-01-13 19:49:37,554,grocery,2,android,0
T011028,U01683,2026-01-15 01:28:30,792,grocery,2,android,0
T013142,U00452,2026-05-29 13:32:40,971,fuel,2,ios,0
T006642,U01152,2026-08-12 15:48:55,501,shopping,2,android,0
T011590,U00750,2026-06-21 16:01:02,145,recharge,1,web,0
T001628,U01415,2026-09-13 12:04:11,7626,shopping,2,android,0
T009805,U01338,2026-01-04 14:35:28,4352,fuel,3,ios,0
T006171,U01601,2026-01-28 16:03:49,201,recharge,2,android,0
T003825,U01279,2026-04-14 18:01:47,9512,shopping,2,android,0
T013235,U01955,2026-08-26 14:50:14,141,recharge,1,android,0
T000533,U01114,2026-09-24 00:21:23,564,recharge,2,android,0
T001627,U00638,2026-01-31 22:30:51,7263,shopping,3,android,0
T014856,U00361,2026-03-24 22:30:20,2719,shopping,1,ios,0
T011902,U01753,2026-05-07 13:29:37,477,grocery,3,ios,0
T010557,U00887,2026-07-15 10:29:13,351,recharge,3,android,0
T006676,U00175,2026-06-18 18:58:33,1337,shopping,2,android,0
T005407,U01578,2026-04-13 14:07:03,50000,grocery,3,ios,1
T014467,U00152,2026-04-30 23:28:41,2484,transfer,3,android,0
T002231,U01096,2026-03-09 14:37:13,1413,fuel,3,ios,0
T010525,U00690,2026-07-22 08:41:27,287,shopping,2,android,0
T005928,U00076,2026-08-05 07:33:30,7583,transfer,2,android,0
T012923,U00776,2026-01-09 17:54:23,2316,grocery,2,ios,0
T003554,U01191,2026-05-13 06:52:12,392,recharge,2,ios,0
T005585,U00675,2026-09-02 00:55:34,287,fuel,2,android,0
T005031,U00785,2026-02-06 19:18:07,1956,grocery,3,ios,0
T009538,U00743,2026-05-16 18:32:54,2268,grocery,2,android,0
T004778,U00873,2026-04-15 15:04:08,302,grocery,1,android,0
T008498,U00310,2026-06-23 05:18:40,6681,transfer,3,ios,0
T002837,U01804,2026-08-09 08:25:15,2283,fuel,3,ios,0
T010657,U01902,2026-04-14 10:59:34,9224,transfer,1,ios,0
T007645,U01269,2026-07-01 14:08:08,185,recharge,3,ios,0
T013753,U00184,2026-09-23 07:27:53,1749,grocery,3,android,0
T006610,U01474,2026-05-01 19:37:53,3700,fuel,3,ios,0
T001529,U00504,2026-08-09 15:54:32,4542,transfer,2,ios,0
T004146,U00821,2026-05-06 14:09:02,184,recharge,2,ios,0
T004963,U01624,2026-01-25 13:57:27,4981,shopping,3,android,0
T000617,U01579,2026-03-22 20:46:35,1306,transfer,1,android,0
T003648,U01907,2026-06-18 17:36:19,440,fuel,1,android,0
T006688,U01260,2026-03-26 07:26:35,20012,transfer,3,android,0
T000398,U01810,2026-03-17 04:04:02,3113,shopping,1,android,0
T013095,U00543,2026-07-26 02:22:12,378,recharge,3,android,0
T011823,U01854,2026-02-06 12:03:10,11846,transfer,3,ios,0
T005766,U01380,2026-03-17 23:05:19,1376,grocery,2,ios,0
T006471,U00159,2026-01-18 22:59:49,1456,shopping,1,android,0
T002636,U00681,2026-01-07 19:41:30,1831,shopping,2,android,0
T014614,U01426,2026-05-02 14:06:45,8487,transfer,2,ios,0
T004226,U00234,2026-05-28 17:57:12,924,fuel,1,android,0
T013050,U00543,2026-06-01 05:05:26,915,shopping,3,android,0
T014247,U01723,2026-06-27 00:31:10,1376,shopping,2,web,0
T005831,U00935,2026-02-22 00:29:03,216,recharge,3,ios,0
T002538,U00587,2026-04-16 01:28:03,3722,shopping,3,ios,1
T006349,U01766,2026-02-16 21:43:02,959,recharge,3,ios,0
T005968,U00887,2026-07-08 05:33:49,9544,transfer,1,android,0
T006077,U00726,2026-09-10 03:52:33,1264,grocery,1,android,0
T011666,U00976,2026-08-22 09:57:31,29286,transfer,3,ios,0
T004639,U00778,2026-01-13 14:08:55,158,recharge,3,ios,0
T006834,U01545,2026-06-15 17:03:45,1701,transfer,2,ios,0
T003465,U00634,2026-08-21 16:19:14,2389,shopping,1,ios,0
T002877,U00311,2026-01-13 16:45:19,2102,transfer,1,android,0
T004616,U01080,2026-03-17 07:09:11,218,shopping,2,ios,0
T012563,U01936,2026-04-25 21:09:57,293,recharge,1,ios,0
T006544,U00583,2026-01-21 16:30:38,3275,grocery,1,ios,0
T009184,U01623,2026-07-26 10:18:11,406,grocery,1,ios,0
T012439,U01175,2026-06-01 17:57:26,357,recharge,3,ios,0
T012504,U01457,2026-03-28 04:23:43,244,grocery,1,ios,0
T011226,U00232,2026-08-03 14:02:32,4292,transfer,2,android,0
T013711,U01680,2026-06-17 18:26:27,432,grocery,2,android,0
T014220,U00396,2026-01-28 09:53:22,145,recharge,3,ios,0
T012832,U01959,2026-08-04 13:26:20,1788,transfer,2,android,0
T011996,U00155,2026-07-13 15:58:53,5191,transfer,3,android,0
T001641,U01357,2026-04-17 08:54:33,1318,fuel,2,ios,0
T010626,U01374,2026-07-06 15:12:50,1885,shopping,3,android,0
T012903,U01703,2026-08-31 18:17:02,898,grocery,3,ios,0
T014782,U01353,2026-08-06 17:45:07,865,fuel,2,android,0
T002572,U01776,2026-05-25 01:55:15,515,fuel,3,android,0
T000662,U00254,2026-06-24 06:31:51,244,grocery,3,ios,0
T000262,U01606,2026-02-06 04:35:36,2422,shopping,3,android,0
T010275,U01183,2026-08-14 16:30:59,4017,fuel,2,android,0
T004605,U01889,2026-07-31 07:36:55,1102,fuel,3,android,0
T006467,U00091,2026-02-05 17:57:04,3491,shopping,3,android,0
T006393,U00140,2026-02-13 06:30:23,2579,shopping,3,ios,0
T000120,U01258,2026-03-10 22:02:45,7545,fuel,1,ios,0
T008333,U01055,2026-03-17 09:38:59,40,grocery,1,ios,0
T014546,U01160,2026-03-31 10:58:38,922,grocery,2,android,0
T006142,U01520,2026-08-26 11:35:25,521,grocery,2,android,0
T000833,U01101,2026-01-08 16:02:58,610,fuel,2,ios,0
T014105,U01767,2026-09-05 16:04:31,369,grocery,1,ios,0
T007816,U01119,2026-01-07 16:09:20,1592,transfer,1,ios,0
T012992,U01365,2026-01-10 18:32:48,2261,grocery,2,ios,0
T013532,U01400,2026-02-12 02:10:15,311,grocery,3,android,0
T004484,U00921,2026-08-17 12:52:44,19830,transfer,1,android,0
T006338,U00003,2026-08-10 22:23:20,3214,transfer,2,ios,0
T002534,U00107,2026-09-07 11:15:45,1815,transfer,2,android,0
T004153,U00870,2026-06-13 11:07:12,3648,shopping,2,android,0
T000378,U01246,2026-08-26 11:38:18,24370,transfer,3,android,0
T007971,U01416,2026-09-19 03:52:05,2399,grocery,2,android,0
T007039,U01032,2026-09-13 06:52:12,1904,shopping,3,android,0
T011968,U00371,2026-05-16 05:03:02,210,fuel,1,android,0
T007087,U01990,2026-07-27 19:06:53,258,fuel,2,ios,0
T013596,U01631,2026-04-06 01:06:36,2716,grocery,1,android,0
T010317,U00900,2026-01-09 22:54:38,9132,transfer,3,ios,0
T007458,U01466,2026-08-21 02:05:14,3822,transfer,3,android,0
T001016,U00723,2026-07-21 02:32:06,1389,recharge,3,android,0
T013030,U01175,2026-09-25 12:25:40,2432,fuel,2,ios,0
T009862,U00516,2026-04-19 20:00:22,203,recharge,1,android,0
T012227,U01438,2026-05-16 12:01:44,736,fuel,2,android,0
T013932,U00453,2026-06-27 21:33:31,1153,fuel,1,ios,0
T013759,U01815,2026-02-14 16:34:10,2144,fuel,3,ios,0
T004238,U00696,2026-01-04 00:30:03,2120,shopping,1,android,0
T000615,U01504,2026-01-19 21:45:05,4785,shopping,1,android,0
T009821,U01958,2026-01-24 23:09:40,1683,fuel,3,web,0
T012048,U01328,2026-06-07 00:48:28,314,recharge,2,ios,0
T000409,U00316,2026-07-23 08:33:58,970,fuel,2,ios,0
T000956,U00233,2026-03-10 16:46:56,1653,fuel,2,android,0
T002477,U00433,2026-06-20 21:23:30,1039,grocery,2,android,0
T005264,U00833,2026-07-24 20:50:29,3972,transfer,3,android,0
T006528,U00857,2026-08-27 12:17:27,4939,shopping,3,android,0
T012871,U00913,2026-01-23 07:33:22,21027,transfer,3,android,0
T014035,U01234,2026-09-22 05:26:27,8507,shopping,3,ios,0
T011510,U01982,2026-03-05 18:37:44,693,fuel,1,ios,0
T002019,U00889,2026-03-24 02:43:34,868,grocery,1,ios,0
T014000,U00447,2026-06-10 22:46:24,754,grocery,2,ios,0
T012578,U01364,2026-08-28 01:50:39,3366,fuel,3,android,0
T009952,U01434,2026-09-05 11:26:57,1241,recharge,2,android,0
T014101,U00579,2026-07-12 11:41:10,1286,shopping,1,android,0
T002993,U00926,2026-04-20 00:55:37,1405,fuel,1,ios,0
T014077,U00447,2026-08-03 10:21:20,745,grocery,1,ios,0
T014160,U00317,2026-07-10 12:09:23,1505,grocery,2,ios,0
T012847,U01989,2026-01-23 20:26:35,2325,recharge,3,android,0
T002904,U00810,2026-09-06 20:54:40,1289,recharge,1,ios,0
T003569,U00886,2026-06-11 13:30:04,426,fuel,2,android,0
T007487,U00184,2026-05-14 13:54:08,497,fuel,3,android,0
T008478,U01344,2026-06-26 06:00:00,123,recharge,1,android,0
T009319,U00484,2026-08-23 06:32:04,14399,transfer,1,ios,0
T012892,U00937,2026-07-26 02:57:02,9737,shopping,1,ios,0
T004266,U00153,2026-06-08 09:37:40,753,fuel,3,ios,0
T001635,U01263,2026-09-09 18:56:40,186,grocery,3,ios,0
T010165,U00812,2026-05-08 20:38:09,5404,shopping,1,ios,0
T005570,U01592,2026-05-04 18:21:08,229,recharge,1,android,0
T013772,U01194,2026-08-28 16:06:04,585,fuel,3,ios,0
T012205,U01616,2026-01-27 00:26:06,20448,shopping,3,android,0
T005259,U00518,2026-08-01 02:22:40,1566,transfer,1,android,0
T009741,U00522,2026-04-18 12:07:14,1508,fuel,2,android,0
T007927,U00951,2026-02-06 17:34:57,6949,shopping,3,android,0
T000170,U00309,2026-08-10 03:13:33,1104,fuel,1,ios,0
T002756,U01897,2026-06-30 04:08:42,3644,grocery,1,android,0
T000400,U01312,2026-01-27 08:16:40,821,fuel,3,android,0
T011997,U01863,2026-03-08 13:05:22,12721,transfer,2,web,0
T002287,U00782,2026-02-27 23:39:48,1706,fuel,1,ios,0
T012973,U00389,2026-05-06 05:51:16,1401,shopping,1,android,0
T007989,U01228,2026-07-30 21:56:58,3340,shopping,1,ios,0
T013363,U01002,2026-08-21 06:42:38,2459,transfer,1,android,0
T004198,U01375,2026-08-24 20:57:50,1869,fuel,3,ios,0
T013598,U00475,2026-05-12 20:21:42,2137,fuel,1,android,0
T014163,U00826,2026-09-26 10:15:24,1677,transfer,3,android,0
T012503,U01281,2026-01-20 05:41:10,418,grocery,2,android,0
T006926,U00332,2026-08-31 07:51:01,5572,transfer,2,android,0
T012442,U01514,2026-07-05 23:25:10,640,recharge,1,android,0
T004976,U00282,2026-04-18 00:14:57,781,recharge,2,ios,0
T000002,U01874,2026-06-11 18:08:04,886,grocery,3,ios,0
T001672,U00369,2026-04-04 09:27:47,9004,shopping,1,android,0
T001332,U01525,2026-03-25 21:38:03,5558,transfer,3,android,0
T000155,U01302,2026-05-25 15:38:30,775,grocery,3,ios,0
T006345,U00264,2026-03-23 16:27:45,312,recharge,3,android,0
T007654,U00068,2026-06-28 04:34:57,270,grocery,2,web,0
T009874,U01191,2026-09-15 10:36:54,141,grocery,2,ios,0
T004207,U01397,2026-09-18 23:15:07,433,recharge,2,android,0
T004977,U00228,2026-03-29 18:46:08,7147,transfer,3,android,0
T006404,U01887,2026-02-01 08:06:31,205,recharge,3,android,0
T002197,U01285,2026-06-10 00:10:18,1388,transfer,1,android,0
T010975,U01187,2026-08-25 03:28:40,880,shopping,2,android,0
T009453,U00877,2026-02-20 03:36:17,950,grocery,1,android,0
T000161,U01402,2026-04-18 09:00:38,3834,grocery,2,ios,0
T002260,U01998,2026-04-24 08:41:37,4516,transfer,1,android,0
T000553,U01946,2026-02-27 05:37:34,7951,transfer,2,android,0
T003999,U00579,2026-06-05 03:35:53,1224,shopping,3,android,0
T005787,U01266,2026-03-25 23:00:08,1221,shopping,2,android,0
T009048,U01596,2026-04-03 01:44:04,4391,fuel,3,android,0
T007391,U00968,2026-09-18 09:59:48,1250,grocery,3,android,0
T004800,U00197,2026-09-18 15:30:34,886,fuel,1,android,0
T002206,U00214,2026-07-29 13:39:35,1724,fuel,1,android,0
T001977,U01339,2026-05-02 06:27:32,921,grocery,3,ios,0
T009937,U00843,2026-06-03 07:54:30,2468,grocery,3,ios,0
T011155,U01509,2026-05-14 08:33:56,24833,shopping,2,android,0
T009040,U01389,2026-04-26 09:50:49,17753,transfer,3,android,0
T004590,U00897,2026-07-02 15:37:44,12890,shopping,1,ios,0
T010694,U00768,2026-09-01 11:41:21,1509,shopping,2,android,0
T004120,U01102,2026-01-18 22:24:27,2203,fuel,2,android,0
T013698,U00469,2026-02-05 13:26:49,3744,transfer,3,android,0
T004896,U00562,2026-06-12 00:01:10,1778,transfer,2,android,0
T011397,U01565,2026-05-11 13:14:22,5146,transfer,3,ios,0
T006487,U01654,2026-01-06 15:44:08,386,grocery,3,ios,0
T003348,U01260,2026-09-02 16:42:41,242,recharge,1,android,0
T004946,U00100,2026-03-19 03:58:12,4332,transfer,1,ios,0
T005249,U01474,2026-05-29 18:06:09,1413,fuel,2,ios,0
T012448,U00014,2026-03-06 18:41:20,78,recharge,2,android,0
T012136,U00345,2026-09-22 02:17:13,1463,recharge,2,ios,0
T002120,U01510,2026-02-14 14:00:06,195,recharge,1,ios,0
T001152,U00718,2026-01-06 11:41:46,6215,shopping,1,android,0
T014742,U01223,2026-07-16 01:47:47,95,recharge,3,android,0
T013834,U01635,2026-08-26 19:53:47,22281,transfer,3,android,0
T005526,U00076,2026-01-21 17:09:22,323,recharge,1,android,0
T004342,U00835,2026-05-24 21:16:17,310,grocery,2,ios,0
T013667,U00990,2026-09-21 07:30:58,1677,shopping,1,android,0
T006957,U00290,2026-01-14 03:53:12,389,grocery,1,ios,0
T003377,U01823,2026-03-18 08:50:15,3523,shopping,2,android,0
T010281,U00726,2026-03-07 03:14:19,577,recharge,3,android,0
T005765,U00661,2026-06-15 15:10:18,241,grocery,1,android,0
T004554,U00365,2026-06-11 02:05:36,265,recharge,3,ios,0
T011370,U01190,2026-06-01 10:50:10,2514,grocery,2,ios,0
T011413,U01478,2026-07-09 21:05:44,3312,transfer,1,android,0
T012262,U00267,2026-06-23 23:25:00,1194,fuel,3,ios,0
T001148,U01155,2026-09-24 00:53:07,459,fuel,1,ios,0
T000268,U01098,2026-04-18 00:24:37,17630,transfer,3,android,0
T002358,U01812,2026-05-18 18:46:32,10483,transfer,1,android,0
T012192,U00312,2026-09-22 10:09:13,12898,transfer,1,ios,0
T002406,U01404,2026-03-19 00:08:44,371,grocery,1,android,0
T010119,U01149,2026-05-04 14:19:00,533,fuel,2,ios,0
T013573,U00469,2026-03-11 22:38:29,578,grocery,2,android,0
T002433,U01762,2026-02-06 02:06:20,134,recharge,2,ios,1
T003985,U00168,2026-02-24 03:10:08,10000,fuel,1,ios,1
T011122,U00341,2026-01-19 13:34:14,7616,fuel,2,android,0
T004981,U00703,2026-09-15 20:49:21,2852,fuel,2,ios,0
T007297,U00766,2026-02-24 07:58:59,2879,fuel,1,android,0
T002237,U00881,2026-08-17 04:17:15,519,recharge,2,ios,0
T006697,U01921,2026-01-03 02:43:19,430,fuel,2,ios,0
T014926,U01293,2026-03-11 07:19:35,27259,transfer,1,android,0
T004004,U01886,2026-07-13 08:37:01,574,grocery,1,ios,0
T007157,U00027,2026-07-10 16:42:07,1432,shopping,3,web,0
T014611,U01947,2026-07-17 03:13:05,667,grocery,1,ios,0
T010960,U01029,2026-01-31 06:45:12,153,fuel,3,android,0
T001841,U01687,2026-06-26 05:06:37,354,grocery,1,android,0
T003401,U00416,2026-03-31 03:21:12,1416,grocery,1,ios,0
T008075,U01936,2026-03-07 03:20:14,4595,transfer,1,ios,0
T007946,U01932,2026-04-26 05:02:53,1081,grocery,2,ios,0
T001392,U01483,2026-02-10 07:25:01,200,recharge,2,ios,0
T009612,U01825,2026-01-05 08:43:53,1727,shopping,2,android,0
T012594,U01486,2026-05-06 03:58:42,1709,transfer,2,ios,0
T011599,U01928,2026-07-26 14:35:12,5226,shopping,1,ios,0
T004840,U00523,2026-08-14 06:21:33,9051,transfer,1,android,0
T006754,U01176,2026-04-01 22:56:04,654,shopping,3,android,0
T012083,U01653,2026-06-17 13:53:44,6215,transfer,1,ios,0
T004826,U00606,2026-05-21 07:23:17,2043,shopping,2,ios,0
T009918,U00089,2026-03-20 17:53:28,294,shopping,1,ios,0
T008432,U00766,2026-03-20 19:20:05,4295,transfer,1,android,0
T006359,U01929,2026-02-14 04:06:05,2267,grocery,1,android,0
T000034,U00506,2026-06-27 19:34:47,2089,transfer,3,ios,0
T013366,U01430,2026-04-28 11:12:01,1140,transfer,3,android,0
T005763,U00065,2026-07-29 21:21:02,595,fuel,3,ios,0
T002026,U00571,2026-07-23 20:25:42,2259,fuel,3,ios,0
T003196,U01058,2026-04-27 10:22:45,1830,transfer,3,android,0
T004321,U01530,2026-05-27 05:23:02,405,grocery,2,android,0
T005475,U00698,2026-04-15 01:38:07,931,fuel,1,android,0
T000651,U00503,2026-03-08 12:16:32,1802,transfer,2,ios,0
T004246,U01403,2026-09-13 09:41:15,864,grocery,1,android,0
T006492,U01511,2026-07-11 17:00:44,981,recharge,3,ios,0
T010060,U00563,2026-08-23 21:24:06,388,recharge,3,ios,0
T004295,U00569,2026-07-14 20:16:10,100,recharge,3,ios,0
T012132,U01529,2026-04-13 20:39:02,2548,transfer,3,ios,0
T011780,U01077,2026-03-04 03:43:10,1336,grocery,1,android,0
T008218,U01880,2026-09-30 08:15:42,3074,fuel,3,android,0
T014869,U01800,2026-07-11 14:39:52,3631,fuel,1,android,0
T013534,U01406,2026-05-02 08:50:54,1364,grocery,3,ios,0
T010966,U00258,2026-05-23 23:11:37,415,fuel,2,android,0
T002535,U00463,2026-09-15 13:51:11,30444,transfer,1,ios,0
T013308,U00436,2026-05-13 20:40:10,378,grocery,1,ios,0
T001556,U00944,2026-06-03 09:49:28,3320,shopping,2,ios,0
T013020,U00840,2026-05-30 22:26:31,2068,shopping,3,ios,0
T014159,U00078,2026-04-28 13:02:04,4176,fuel,2,android,0
T007716,U00748,2026-04-21 02:09:23,776,shopping,3,ios,0
T014117,U01236,2026-03-18 09:00:04,598,grocery,3,ios,0
T008776,U01092,2026-05-12 21:08:03,54,recharge,3,android,0
T009832,U01782,2026-01-19 11:25:06,3666,shopping,3,ios,0
T013855,U00684,2026-01-06 23:47:39,3085,fuel,2,android,0
T000215,U00067,2026-09-20 08:21:31,701,recharge,2,android,0
T006100,U00334,2026-09-28 09:57:32,3082,fuel,2,android,0
T007122,U01480,2026-02-28 06:31:48,443,grocery,3,ios,0
T011178,U01460,2026-03-22 10:54:36,9647,transfer,3,ios,0
T000282,U00988,2026-09-04 02:09:21,1416,grocery,2,ios,0
T002403,U01628,2026-04-14 08:36:52,1113,shopping,1,ios,0
T007018,U00776,2026-02-07 04:56:23,873,grocery,1,ios,0
T009649,U00134,2026-01-23 00:07:58,428,recharge,1,ios,0
T001680,U01984,2026-05-18 05:20:16,1035,shopping,1,android,0
T014703,U01860,2026-07-08 08:55:45,392,recharge,2,ios,0
T000740,U00283,2026-04-27 03:50:05,546,shopping,2,ios,1
T001622,U00067,2026-06-15 07:15:28,31,recharge,1,android,0
T002563,U00996,2026-05-31 01:21:37,1010,shopping,2,android,1
T007326,U01479,2026-07-11 10:46:12,2302,shopping,1,android,0
T007091,U01535,2026-03-17 17:47:40,2468,fuel,2,android,0
T012590,U01640,2026-03-16 14:49:32,1085,fuel,2,android,0
T007346,U01079,2026-03-05 07:58:09,1067,shopping,1,ios,0
T011193,U01311,2026-08-23 05:23:02,275,recharge,1,android,0
T005810,U01461,2026-01-21 14:37:39,340,recharge,3,ios,0
T009510,U00459,2026-01-05 19:34:29,4066,transfer,2,ios,0
T005993,U00142,2026-03-04 07:34:37,325,recharge,1,android,0
T001707,U00773,2026-07-13 03:39:12,179,recharge,2,android,0
T001651,U01288,2026-08-22 15:03:37,5847,transfer,3,android,0
T009096,U01208,2026-02-01 06:53:50,14995,transfer,1,ios,0
T014992,U01413,2026-07-02 17:15:30,4040,shopping,1,android,0
T012581,U00912,2026-08-08 00:51:56,2877,shopping,1,ios,0
T005926,U01748,2026-02-13 23:12:43,1057,transfer,1,ios,0
T013124,U01556,2026-06-02 18:18:41,489,recharge,2,ios,0
T012336,U00590,2026-03-30 20:00:20,5817,fuel,3,android,0
T004503,U00842,2026-05-05 22:29:16,19657,transfer,3,web,0
T008335,U00487,2026-07-28 13:56:37,21219,transfer,2,ios,0
T006213,U00786,2026-07-01 08:44:53,1091,shopping,1,ios,0
T014896,U01969,2026-07-10 04:46:23,4653,fuel,3,android,0
T007269,U00419,2026-05-10 00:04:54,2995,grocery,1,ios,0
T006240,U00537,2026-04-28 00:22:40,765,fuel,1,ios,0
T006346,U00645,2026-01-29 10:56:15,1116,transfer,3,ios,0
T006092,U00638,2026-06-20 19:29:31,243,grocery,2,android,0
T004880,U01615,2026-02-02 09:57:02,583,shopping,2,android,0
T014146,U01197,2026-02-14 15:51:22,1203,fuel,3,android,0
T001725,U01447,2026-06-13 09:33:41,6551,shopping,3,ios,0
T009342,U00719,2026-01-14 15:19:12,593,recharge,1,android,0
T007476,U01891,2026-06-14 00:51:56,585,fuel,1,ios,0
T000865,U00332,2026-01-03 06:09:18,279,fuel,2,android,0
T000567,U00422,2026-09-17 04:30:10,157,recharge,2,android,0
T001455,U01476,2026-06-18 15:35:34,7265,transfer,3,ios,0
T000247,U00490,2026-07-19 16:06:04,1291,shopping,3,android,0
T008554,U00185,2026-03-05 10:35:35,2635,fuel,1,ios,0
T005804,U00285,2026-05-04 09:16:03,981,grocery,3,ios,0
T002414,U01002,2026-08-16 17:29:46,209,recharge,3,android,0
T013345,U00570,2026-03-02 21:26:21,327,recharge,2,ios,0
T002020,U01496,2026-06-30 02:27:47,4353,shopping,2,ios,0
T008092,U00914,2026-04-03 01:01:19,15542,transfer,1,android,0
T009057,U01005,2026-03-07 22:36:57,391,fuel,1,ios,0
T007705,U00740,2026-02-05 12:59:57,1268,recharge,3,ios,0
T012436,U00204,2026-02-06 12:23:24,872,fuel,2,android,0
T001607,U01018,2026-08-03 12:21:41,1725,shopping,1,android,0
T005657,U00643,2026-08-10 21:50:41,2629,fuel,3,android,0
T013004,U00811,2026-09-14 09:22:29,414,recharge,2,ios,0
T009784,U00121,2026-01-08 17:09:05,678,grocery,2,android,0
T007966,U01879,2026-05-03 13:13:06,499,fuel,3,android,0
T006825,U00551,2026-01-20 13:41:57,5294,fuel,1,ios,0
T013789,U01074,2026-08-31 10:50:48,768,fuel,3,ios,0
T000835,U01544,2026-03-12 03:54:43,9386,fuel,3,ios,0
T001526,U01225,2026-08-27 02:04:29,9030,transfer,3,android,0
T007758,U00154,2026-04-08 01:29:53,476,grocery,3,android,0
T002320,U01649,2026-03-15 10:39:24,876,recharge,1,android,0
T007859,U00400,2026-08-09 01:21:45,538,recharge,1,android,0
T002148,U01877,2026-07-08 06:01:22,572,grocery,2,ios,0
T001127,U00906,2026-01-22 05:13:11,1340,transfer,2,ios,0
T003716,U01648,2026-08-08 00:08:35,1719,shopping,1,ios,0
T000227,U00913,2026-09-11 00:40:58,1882,transfer,1,android,0
T008080,U01990,2026-01-19 06:04:23,2486,grocery,2,android,0
T007890,U00481,2026-01-28 07:32:19,2919,fuel,3,ios,0
T009993,U01489,2026-02-18 02:50:08,6976,shopping,3,android,0
T012229,U01113,2026-05-16 03:52:30,1816,shopping,1,ios,0
T014186,U00402,2026-05-20 16:43:08,13990,shopping,1,ios,0
T014608,U01831,2026-08-01 17:42:05,928,grocery,1,ios,0
T001402,U00692,2026-07-20 23:27:27,391,shopping,1,ios,0
T010653,U00405,2026-06-24 04:52:01,700,recharge,1,android,0
T005120,U00961,2026-05-26 22:42:46,2739,shopping,2,android,0
T009998,U00530,2026-06-22 08:03:47,1010,fuel,1,android,0
T004052,U01683,2026-01-26 19:27:56,1669,recharge,2,android,0
T014745,U01071,2026-06-23 23:23:56,2505,fuel,1,ios,0
T013064,U01655,2026-06-23 07:12:12,11957,shopping,1,ios,0
T008004,U01502,2026-03-30 16:03:09,4497,transfer,2,android,0
T006579,U00127,2026-08-29 15:59:29,235,grocery,3,ios,0
T006742,U00390,2026-07-20 18:45:50,11678,shopping,1,ios,0
T011473,U00804,2026-06-21 02:25:15,6930,transfer,1,ios,0
T012396,U01290,2026-09-23 21:03:53,5758,shopping,2,android,0
T005659,U01951,2026-01-11 04:56:22,9169,transfer,2,android,0
T004392,U01730,2026-08-11 19:37:15,6214,transfer,3,android,0
T014514,U00503,2026-04-22 19:55:38,746,grocery,1,ios,0
T013925,U00167,2026-07-11 18:58:32,21892,shopping,1,ios,0
T004393,U00215,2026-05-04 11:34:22,4541,fuel,1,ios,0
T011757,U00083,2026-08-01 02:43:55,858,fuel,2,ios,0
T014169,U00391,2026-08-25 16:18:55,1465,fuel,3,ios,0
T000636,U00596,2026-07-19 08:49:19,1148,grocery,2,android,0
T012240,U01333,2026-02-03 01:10:06,3805,transfer,2,ios,0
T013423,U01423,2026-02-10 12:12:48,2196,shopping,2,android,0
T005485,U00642,2026-01-14 17:58:33,1273,shopping,2,ios,0
T000324,U01994,2026-05-07 00:41:05,993,grocery,1,ios,0
T014417,U01216,2026-08-29 22:54:57,306,recharge,1,ios,0
T003773,U00171,2026-05-16 18:37:38,10669,transfer,3,android,0
T014347,U00589,2026-07-30 21:13:54,8853,transfer,3,ios,0
T012816,U00310,2026-08-08 19:25:53,470,recharge,2,ios,0
T008764,U00656,2026-01-04 19:00:58,3346,fuel,2,ios,0
T004479,U01134,2026-07-09 07:41:12,628,grocery,1,ios,0
T001988,U01968,2026-03-12 23:33:39,12541,transfer,1,android,0
T007443,U00165,2026-09-03 01:19:36,367,recharge,3,android,0
T013272,U00798,2026-04-16 12:39:57,275,recharge,1,ios,0
T011596,U00191,2026-04-15 11:22:12,8767,fuel,3,ios,0
T005833,U01041,2026-08-21 00:36:06,670,grocery,1,android,0
T002469,U00625,2026-02-06 10:52:07,2784,transfer,3,web,0
T009863,U01062,2026-01-05 18:56:25,6561,shopping,3,ios,0
T005081,U01966,2026-05-15 11:09:16,369,grocery,3,android,0
T007834,U01038,2026-02-16 07:04:28,508,grocery,3,ios,0
T002417,U00096,2026-05-25 05:43:58,3254,fuel,1,android,0
T001752,U00272,2026-05-14 23:18:32,3946,transfer,2,ios,0
T013353,U01489,2026-03-01 14:59:17,303,recharge,3,android,0
T004195,U00847,2026-02-25 21:26:54,2111,grocery,2,android,0
T001595,U01723,2026-07-13 06:07:33,55,recharge,2,ios,0
T002933,U01615,2026-09-24 06:29:20,84,recharge,3,android,0
T012470,U00394,2026-08-22 20:47:15,185,recharge,3,ios,0
T008207,U00594,2026-01-02 07:08:39,1000,fuel,2,ios,0
T012808,U00438,2026-06-25 18:37:43,91,recharge,2,ios,0
T011718,U01938,2026-06-13 15:28:36,4170,shopping,3,android,0
T007354,U01121,2026-06-03 16:27:51,12,recharge,2,ios,0
T014653,U01805,2026-01-23 16:07:07,737,grocery,3,ios,0
T009273,U00103,2026-08-29 18:20:26,1949,grocery,1,ios,0
T005298,U00426,2026-05-17 08:31:19,195,grocery,1,android,0
T009617,U00259,2026-01-21 07:31:55,4942,shopping,2,android,0
T005181,U00308,2026-09-27 23:27:06,3064,shopping,3,android,0
T008739,U01921,2026-08-20 08:08:43,750,grocery,3,ios,0
T014039,U01885,2026-07-27 22:32:07,1316,transfer,2,ios,0
T001098,U00742,2026-01-30 16:30:27,5070,grocery,2,android,0
T010818,U00926,2026-05-25 11:43:59,2214,fuel,3,web,0
T006824,U01761,2026-01-21 06:36:26,356,recharge,3,ios,0
T003352,U01068,2026-08-07 00:54:46,2989,transfer,2,ios,0
T008392,U01644,2026-08-25 06:55:57,4698,transfer,1,ios,0
T007667,U01285,2026-06-04 06:50:49,5843,shopping,3,android,0
T013935,U01486,2026-09-09 12:32:34,966,recharge,1,ios,0
T000143,U00414,2026-01-27 00:35:48,356,fuel,3,android,0
T006248,U00392,2026-05-18 21:40:28,1250,fuel,3,android,0
T009681,U00660,2026-03-08 07:09:09,10378,transfer,3,android,0
T005070,U01252,2026-01-29 22:57:27,1348,grocery,2,ios,0
T001213,U00559,2026-06-10 21:47:14,1118,grocery,2,ios,0
T001939,U00562,2026-05-27 08:25:24,567,transfer,3,android,0
T006058,U01001,2026-09-14 03:12:31,190,fuel,3,android,0
T000649,U01492,2026-07-16 11:17:53,293,recharge,3,ios,0
T011977,U01204,2026-04-26 09:42:57,174,recharge,1,ios,0
T014972,U01784,2026-09-01 20:01:43,713,grocery,3,android,0
T011941,U00725,2026-04-09 01:23:01,12983,transfer,1,android,0
T007840,U01415,2026-09-24 13:37:44,2406,shopping,1,android,0
T009379,U01324,2026-03-22 17:05:15,886,fuel,1,android,0
T000242,U00913,2026-02-12 06:23:37,83,recharge,2,android,0
T006497,U00342,2026-08-16 17:59:32,187,grocery,3,android,0
T001771,U00581,2026-07-17 02:34:05,212,recharge,2,ios,0
T011119,U00783,2026-01-20 20:32:05,1621,fuel,3,android,0
T014452,U01130,2026-06-01 09:14:14,1749,fuel,1,android,0
T007218,U01552,2026-08-16 08:27:13,780,shopping,1,android,0
T003653,U00403,2026-07-19 20:46:40,429,grocery,3,ios,0
T011053,U01745,2026-03-09 20:11:18,476,fuel,1,android,0
T001893,U00001,2026-01-18 00:09:37,774,recharge,1,android,0
T008564,U00434,2026-02-18 00:43:26,17153,shopping,1,ios,0
T007259,U00948,2026-04-01 02:35:50,1279,transfer,1,ios,0
T008845,U01200,2026-02-24 02:52:27,616,fuel,1,android,0
T000962,U00350,2026-06-01 23:45:42,658,shopping,2,ios,0
T014817,U01904,2026-07-04 00:59:18,152,fuel,3,ios,0
T014141,U01271,2026-08-07 22:33:15,147,recharge,1,ios,0
T009335,U01658,2026-05-26 09:55:46,4780,transfer,3,ios,0
T001768,U00592,2026-02-19 06:33:07,1907,shopping,1,android,0
T001465,U01099,2026-04-20 06:59:52,448,grocery,3,ios,0
T009235,U00606,2026-02-14 08:08:24,9642,fuel,1,ios,0
T012109,U01392,2026-05-10 01:40:58,14221,transfer,2,ios,0
T009449,U01515,2026-04-16 15:14:32,94,recharge,3,android,0
T001446,U00787,2026-07-25 12:49:58,1448,fuel,3,ios,0
T004204,U01800,2026-05-07 02:21:03,230,recharge,3,android,1
T006278,U00213,2026-05-20 03:20:52,817,recharge,1,ios,0
T007499,U01429,2026-03-11 10:00:42,1305,recharge,1,ios,0
T002797,U00337,2026-03-24 16:19:28,180,recharge,2,ios,0
T002187,U01839,2026-01-25 14:00:18,1600,fuel,2,web,0
T010203,U01750,2026-05-22 04:22:14,1304,recharge,2,android,0
T006491,U00333,2026-01-13 01:02:31,2423,shopping,3,ios,0
T000975,U01242,2026-07-18 17:48:23,1337,grocery,3,android,0
T001875,U01553,2026-05-19 06:38:04,910,grocery,2,android,0
T004577,U00355,2026-09-02 19:25:25,1330,fuel,3,ios,0
T011580,U01356,2026-07-29 14:32:45,98,grocery,1,android,0
T012190,U01940,2026-09-25 13:26:51,2991,shopping,1,android,0
T012911,U00382,2026-04-25 12:55:02,193,recharge,1,android,0
T008422,U00363,2026-01-25 19:40:54,97,recharge,3,ios,0
T011639,U01690,2026-01-12 15:32:08,1882,fuel,2,ios,0
T010911,U01909,2026-03-22 11:17:03,10353,fuel,1,ios,0
T010930,U01003,2026-04-03 09:36:29,1466,transfer,2,android,0
T006141,U01496,2026-04-03 00:27:57,795,grocery,2,ios,0
T006850,U01574,2026-01-25 16:38:34,5442,fuel,3,android,0
T012556,U01305,2026-04-19 17:40:49,3048,transfer,1,android,0
T012209,U00471,2026-07-31 03:33:44,3854,fuel,2,ios,0
T004209,U01120,2026-06-03 17:38:29,408,grocery,2,ios,0
T008521,U00871,2026-01-22 23:50:15,631,recharge,1,android,0
T013673,U01611,2026-07-29 02:06:32,75,recharge,1,android,0
T012685,U00425,2026-03-30 03:30:53,692,recharge,3,ios,0
T006628,U00256,2026-04-21 18:48:10,344,recharge,3,android,0
T003708,U01415,2026-02-20 23:52:52,3969,fuel,2,android,0
T002012,U00014,2026-06-27 07:14:51,37,recharge,3,android,0
T000859,U00777,2026-05-12 06:00:08,3516,fuel,2,android,0
T008196,U00406,2026-05-09 03:32:09,1252,grocery,1,ios,0
T003335,U00752,2026-02-12 16:07:32,150,grocery,1,ios,0
T006469,U01044,2026-05-07 02:28:41,208,recharge,1,ios,0
T007901,U01408,2026-09-01 15:18:10,213,recharge,1,android,0
T007696,U01691,2026-08-15 05:16:03,1482,transfer,2,ios,0
T010024,U01693,2026-05-08 06:16:11,542,shopping,2,web,0
T010601,U00258,2026-06-03 00:20:27,3260,fuel,1,android,0
T004533,U01194,2026-07-27 20:50:11,1053,transfer,1,ios,0
T000070,U00192,2026-09-16 01:40:15,631,recharge,2,android,0
T013622,U01533,2026-02-03 21:50:52,5128,fuel,2,android,0
T002626,U00398,2026-04-14 23:54:04,405,grocery,3,android,0
T009063,U00501,2026-05-30 19:24:30,2272,shopping,2,android,0
T013147,U00068,2026-01-28 21:50:31,1609,grocery,1,android,0
T008454,U00441,2026-08-07 13:28:56,691,shopping,3,ios,0
T011661,U00555,2026-04-12 08:58:07,484,grocery,2,android,0
T013153,U01751,2026-05-18 17:30:51,5154,transfer,3,ios,0
T002253,U00809,2026-02-17 07:49:21,1385,grocery,3,ios,0
T002544,U01472,2026-04-07 15:41:44,2989,shopping,2,ios,0
T013453,U01822,2026-06-23 12:59:06,3863,fuel,2,android,0
T006088,U00623,2026-08-16 14:19:47,4190,shopping,3,android,0
T011917,U01130,2026-08-10 11:44:46,562,grocery,2,android,0
T001867,U00546,2026-05-06 04:14:09,1325,fuel,1,android,0
T009113,U00153,2026-07-05 21:04:38,247,recharge,3,ios,0
T003703,U01629,2026-07-28 06:22:46,1672,transfer,1,web,0
T007063,U00910,2026-04-26 04:52:55,885,recharge,1,ios,0
T002832,U01197,2026-04-15 13:58:22,1772,fuel,2,android,0
T008750,U01165,2026-01-02 00:33:17,209,fuel,3,android,0
T013552,U01554,2026-04-08 20:46:39,233,recharge,3,ios,0
T007672,U01425,2026-05-14 06:56:45,3193,fuel,1,android,0
T013224,U00700,2026-05-22 19:30:21,3705,fuel,1,android,0
T010231,U00601,2026-04-27 07:46:54,98,recharge,1,android,0
T009120,U00403,2026-03-08 00:57:49,1578,grocery,2,ios,0
T002543,U00710,2026-02-07 01:31:47,467,shopping,3,ios,0
T004222,U00633,2026-03-26 22:36:15,6124,shopping,1,android,0
T009911,U00934,2026-01-24 16:54:11,1125,grocery,1,ios,0
T001609,U00983,2026-04-11 06:32:06,388,grocery,1,ios,0
T000235,U01817,2026-08-04 13:37:30,359,recharge,1,android,0
T008838,U01631,2026-01-24 08:01:47,1053,recharge,2,android,0
T010786,U00692,2026-06-17 10:14:26,3090,transfer,1,ios,0
T001208,U00079,2026-09-05 16:51:42,2565,fuel,3,ios,0
T002083,U01362,2026-05-18 09:05:09,1185,fuel,1,android,0
T008774,U00481,2026-06-04 00:31:05,3123,transfer,1,ios,0
T011339,U00638,2026-05-17 07:06:23,167,recharge,1,android,0
T013005,U00901,2026-02-24 02:33:24,145,recharge,3,ios,0
T014167,U00139,2026-06-23 03:49:12,163,recharge,3,android,0
T002541,U00990,2026-07-29 00:30:28,1753,fuel,3,android,0
T007456,U01340,2026-03-21 03:22:50,1218,shopping,3,ios,0
T013352,U00527,2026-07-05 18:12:18,1153,fuel,1,android,0
T009572,U01155,2026-04-05 09:08:37,11156,shopping,3,ios,0
T012962,U00569,2026-06-13 08:41:01,250,recharge,2,ios,0
T003118,U01634,2026-03-07 10:25:33,1505,recharge,3,ios,0
T010951,U00991,2026-04-05 02:15:37,3216,grocery,2,ios,0
T002565,U01117,2026-03-26 05:07:49,3212,shopping,1,web,1
T007841,U01898,2026-08-15 08:30:28,326,recharge,3,ios,0
T003438,U00635,2026-01-17 18:47:30,250,recharge,1,android,0
T014373,U00061,2026-03-19 01:38:32,1545,recharge,3,android,0
T002619,U00921,2026-05-09 08:53:35,2461,shopping,2,ios,0
T000759,U01753,2026-04-08 07:48:53,518,fuel,2,ios,0
T004915,U00269,2026-03-10 16:36:32,890,grocery,3,ios,0
T005543,U01228,2026-08-18 03:01:04,296,grocery,2,ios,0
T004179,U01709,2026-03-25 17:26:58,236,recharge,1,ios,0
T004884,U01589,2026-04-07 12:07:48,137,recharge,1,ios,0
T010005,U01754,2026-06-18 03:02:47,1165,grocery,1,ios,0
T012317,U00522,2026-09-09 21:29:20,6376,transfer,2,android,0
T012308,U00068,2026-02-26 23:51:09,6053,transfer,3,ios,0
T003617,U01381,2026-08-02 21:51:15,484,grocery,2,android,0
T003326,U00927,2026-01-02 14:56:16,150,recharge,3,ios,0
T000462,U01171,2026-07-13 01:59:47,10000,recharge,2,web,1
T013845,U00285,2026-09-20 15:16:02,28210,transfer,1,ios,0
T013217,U00603,2026-07-08 05:47:07,1639,fuel,2,android,0
T007203,U00449,2026-05-11 11:25:04,4930,shopping,3,android,0
T009650,U00325,2026-08-12 21:05:54,1705,grocery,3,ios,0
T006924,U00748,2026-01-28 13:07:33,500,recharge,1,ios,0
T007510,U00261,2026-01-01 21:13:43,347,recharge,1,ios,0
T001502,U00949,2026-07-28 00:44:25,383,recharge,3,android,0
T008128,U01819,2026-05-17 22:14:10,4911,transfer,3,ios,0
T014940,U00791,2026-05-11 08:07:10,588,transfer,2,android,0
T004480,U01801,2026-03-27 12:32:21,4703,shopping,1,android,0
T000375,U00794,2026-03-17 01:18:43,2446,transfer,2,ios,0
T002720,U00112,2026-06-26 05:52:53,3732,shopping,2,ios,0
T001086,U00132,2026-04-18 05:51:06,2397,transfer,1,android,0
T006305,U01017,2026-05-31 12:20:29,546,grocery,3,web,0
T005713,U00933,2026-08-07 00:14:08,4371,transfer,1,ios,0
T010534,U00153,2026-07-23 15:28:51,374,grocery,1,ios,0
T002209,U00002,2026-06-01 14:34:49,2937,fuel,1,android,0
T012150,U01341,2026-01-20 23:56:12,465,fuel,3,ios,0
T004250,U01843,2026-01-16 13:57:49,2543,transfer,2,android,0
T013184,U01198,2026-05-01 05:00:14,2956,transfer,2,ios,0
T000821,U01755,2026-09-14 00:39:29,1482,transfer,3,ios,0
T006547,U00566,2026-01-08 03:48:08,399,shopping,3,ios,0
T012297,U01092,2026-01-14 21:04:27,190,grocery,2,android,0
T000325,U01985,2026-07-04 13:50:37,1128,grocery,3,ios,0
T007400,U01543,2026-04-12 00:01:26,3858,shopping,1,ios,0
T002331,U00874,2026-02-19 15:03:34,6100,transfer,1,ios,0
T009439,U01519,2026-09-01 17:51:44,5264,transfer,1,ios,0
T012833,U00985,2026-02-01 07:28:50,13847,transfer,2,android,0
T007150,U01293,2026-01-13 02:33:53,1301,grocery,1,android,0
T007728,U00041,2026-01-26 22:09:16,333,recharge,1,ios,0
T004951,U00754,2026-02-12 06:40:32,2260,grocery,3,ios,0
T006664,U01686,2026-09-16 15:49:13,316,recharge,1,ios,0
T003917,U01131,2026-09-01 17:31:37,10385,fuel,1,ios,0
T006509,U01035,2026-01-07 17:40:48,268,recharge,1,android,0
T012135,U00522,2026-09-15 17:44:11,4069,shopping,3,android,0
T003764,U00332,2026-03-12 06:54:22,8727,shopping,1,android,0
T009843,U01806,2026-02-27 18:38:08,3091,shopping,1,android,0
T003760,U00440,2026-03-30 23:28:35,1860,grocery,1,ios,0
T004592,U00808,2026-08-23 15:59:48,3307,transfer,3,ios,0
T002885,U01804,2026-09-15 21:35:19,552,fuel,1,ios,0
T012012,U01059,2026-06-05 14:13:09,1910,fuel,3,ios,0
T012334,U01896,2026-06-28 03:07:50,652,grocery,2,android,0
T003276,U01179,2026-09-09 10:01:32,7176,shopping,3,android,0
T001597,U01963,2026-03-05 18:15:37,8305,shopping,3,android,0
T010627,U00903,2026-03-23 20:35:35,271,shopping,3,ios,0
T007671,U00030,2026-01-30 20:34:16,10479,transfer,1,android,0
T014547,U00991,2026-05-16 20:29:51,9726,transfer,3,ios,0
T004866,U00428,2026-06-17 20:21:32,7486,transfer,2,ios,0
T000692,U00252,2026-04-19 12:44:24,3144,fuel,3,ios,0
T002137,U00117,2026-03-23 19:01:18,778,fuel,2,ios,0
T012196,U01678,2026-03-16 10:07:37,4282,transfer,3,ios,0
T003915,U00831,2026-06-24 08:44:04,93,recharge,1,android,0
T011213,U00202,2026-05-19 14:54:34,68,recharge,3,android,0
T012935,U01445,2026-06-01 06:42:53,833,shopping,2,android,0
T001220,U01567,2026-07-10 14:11:08,2683,grocery,2,android,0
T003894,U00167,2026-09-12 02:38:49,4254,shopping,2,ios,0
T004825,U01461,2026-04-08 20:03:29,6813,transfer,2,ios,0
T005106,U01159,2026-01-23 02:10:13,4161,transfer,1,ios,0
T008604,U01751,2026-08-18 07:01:30,2109,grocery,3,ios,0
T003002,U01719,2026-08-18 02:59:17,11386,fuel,3,ios,0
T000148,U00823,2026-05-09 17:44:55,1090,grocery,2,ios,0
T014279,U00275,2026-01-14 12:50:14,677,recharge,2,ios,0
T012591,U00516,2026-08-15 15:28:44,3443,shopping,1,android,0
T000228,U01990,2026-01-26 02:55:29,4800,shopping,3,ios,1
T002379,U01525,2026-01-30 15:43:37,597,grocery,1,ios,0
T012566,U00018,2026-08-06 07:04:56,760,grocery,3,android,0
T008754,U00889,2026-09-04 14:55:37,627,grocery,1,ios,0
T011109,U00637,2026-06-22 05:23:42,2762,grocery,3,ios,0
T009341,U01753,2026-07-19 11:57:34,419,fuel,3,ios,0
T003953,U01502,2026-05-25 22:06:07,1333,fuel,2,android,0
T012958,U01728,2026-07-24 18:09:54,675,grocery,3,ios,0
T012235,U00342,2026-03-08 10:47:29,452,shopping,2,android,0
T000424,U00892,2026-04-02 17:07:04,542,shopping,2,ios,0
T005650,U00319,2026-01-25 08:03:27,1444,shopping,3,android,0
T009858,U00691,2026-04-13 08:20:59,13952,transfer,1,android,0
T002324,U00188,2026-09-11 10:50:35,1152,shopping,1,ios,0
T009240,U01330,2026-01-20 17:27:56,405,recharge,3,ios,0
T010059,U01223,2026-05-23 09:03:40,8084,transfer,1,android,0
T006755,U00094,2026-03-20 04:27:30,7174,transfer,3,android,0
T011819,U00104,2026-05-27 03:31:00,6038,fuel,3,android,0
T006177,U00827,2026-06-10 18:07:16,3608,shopping,2,android,0
T010781,U00414,2026-03-01 20:27:52,1188,grocery,3,web,0
T002772,U00835,2026-02-13 05:35:02,1997,fuel,1,ios,0
T009789,U00155,2026-07-10 18:14:41,186,recharge,2,android,0
T007058,U00169,2026-07-01 08:10:49,6831,shopping,3,android,0
T002267,U00614,2026-05-25 23:27:16,8901,transfer,2,ios,0
T000469,U01977,2026-01-22 18:27:55,2036,transfer,1,ios,0
T001336,U01600,2026-05-10 14:53:56,913,fuel,2,android,0
T013679,U00432,2026-02-02 04:25:14,1731,recharge,3,ios,0
T011031,U01050,2026-01-06 00:14:52,1275,fuel,2,web,0
T008563,U01911,2026-08-28 13:03:48,521,recharge,2,ios,0
T000123,U00998,2026-08-07 06:00:29,528,recharge,1,android,0
T013579,U01693,2026-02-10 20:22:57,2776,grocery,3,ios,0
T010254,U00124,2026-05-13 23:27:14,8768,shopping,3,ios,0
T008699,U01607,2026-04-05 15:48:07,1541,grocery,1,ios,0
T002485,U00834,2026-01-24 18:21:11,9850,transfer,1,android,0
T009046,U01247,2026-02-22 09:55:02,2223,fuel,2,android,0
T000309,U01997,2026-02-22 11:21:43,724,shopping,2,ios,0
T013295,U01440,2026-05-03 07:26:23,1178,grocery,3,web,0
T012916,U00209,2026-09-16 03:06:26,347,grocery,1,android,0
T001483,U00765,2026-02-26 13:58:56,138,recharge,3,android,0
T006903,U01273,2026-08-25 11:12:08,1867,recharge,1,ios,0
T004108,U01782,2026-02-11 09:45:46,582,fuel,3,ios,0
T007974,U00771,2026-09-17 14:50:05,1954,grocery,3,ios,0
T005118,U01456,2026-03-24 11:50:27,7162,transfer,2,android,0
T014747,U00216,2026-09-06 08:18:51,461,recharge,3,ios,0
T004529,U00548,2026-01-08 17:25:29,599,recharge,2,android,0
T010496,U00115,2026-04-10 00:23:53,789,recharge,2,android,0
T011341,U00770,2026-05-10 13:52:55,3371,transfer,2,ios,0
T004140,U01277,2026-02-22 04:19:26,3337,shopping,3,ios,0
T000868,U01539,2026-06-01 00:19:50,8386,transfer,3,ios,0
T006293,U00051,2026-03-14 09:00:40,531,grocery,1,ios,0
T001629,U00552,2026-08-17 11:23:35,679,grocery,1,ios,0
T014993,U00132,2026-05-11 01:28:34,468,grocery,3,android,0
T013501,U00223,2026-05-07 21:07:28,941,shopping,1,ios,0
T011311,U01887,2026-04-17 10:22:11,6052,grocery,2,android,0
T009666,U00343,2026-08-29 10:55:19,683,grocery,2,ios,0
T014882,U01572,2026-08-12 00:19:42,609,recharge,1,ios,0
T013921,U01610,2026-05-14 01:59:08,996,fuel,2,ios,0
T010528,U00442,2026-09-18 03:31:41,3032,shopping,3,ios,0
T000689,U01867,2026-06-30 10:52:15,3320,shopping,2,android,0
T007246,U00327,2026-05-02 14:43:52,111,recharge,3,android,0
T000293,U01022,2026-05-25 14:10:38,3532,transfer,1,android,0
T010154,U00316,2026-04-13 20:37:28,337,grocery,3,ios,0
T012876,U00875,2026-03-22 00:53:11,6969,grocery,2,android,0
T008433,U01355,2026-01-14 07:29:06,547,fuel,3,ios,0
T007578,U00650,2026-04-20 12:53:12,127,grocery,2,android,0
T001729,U01953,2026-03-28 14:46:14,1036,fuel,1,ios,0
T011578,U00637,2026-08-08 16:27:53,890,recharge,2,ios,0
T002282,U01600,2026-01-24 02:33:15,2892,fuel,3,android,0
T010213,U00052,2026-02-13 00:51:03,462,recharge,2,ios,0
T008330,U00133,2026-05-22 02:23:52,87,recharge,1,android,0
T012671,U00396,2026-02-22 03:09:04,999,grocery,3,ios,0
T000933,U00154,2026-07-13 05:14:55,2720,fuel,3,android,0
T005863,U01176,2026-06-23 21:15:41,5005,fuel,2,android,0
T001650,U00384,2026-06-14 23:52:36,112,grocery,3,ios,0
T009182,U01683,2026-03-21 00:22:35,2342,shopping,3,android,0
T011214,U01564,2026-06-22 07:20:26,589,grocery,3,ios,0
T006211,U01346,2026-02-09 11:33:55,190,recharge,2,android,0
T000240,U01421,2026-05-22 13:19:30,1186,shopping,1,ios,0
T012314,U01148,2026-07-20 06:54:23,498,grocery,1,ios,0
T001860,U00958,2026-09-12 10:00:15,495,grocery,2,android,0
T010485,U00924,2026-03-18 07:56:16,1211,transfer,3,android,0
T007582,U01763,2026-08-18 12:51:34,2929,shopping,2,android,0
T006334,U01204,2026-06-20 12:10:34,1279,shopping,3,ios,0
T014975,U00147,2026-08-21 13:39:35,668,grocery,1,ios,0
T006125,U00181,2026-06-27 10:41:25,1562,grocery,2,ios,0
T012330,U00377,2026-02-28 13:00:37,19173,transfer,2,ios,0
T004145,U01427,2026-04-03 20:15:03,3859,fuel,3,android,0
T002333,U00061,2026-01-05 11:27:07,297,recharge,3,android,0
T008053,U01929,2026-08-17 13:50:30,2270,fuel,3,android,0
T009494,U00176,2026-01-09 16:58:40,19141,transfer,1,android,0
T014232,U01865,2026-04-06 18:15:43,358,grocery,1,ios,0
T001682,U01106,2026-01-30 17:59:59,2113,transfer,2,android,0
T011888,U01747,2026-09-21 22:03:18,848,recharge,3,ios,0
T002769,U00054,2026-07-05 00:28:18,175,recharge,2,android,0
T011616,U00856,2026-01-17 18:44:29,572,recharge,1,ios,0
T006128,U01613,2026-01-13 19:35:30,1248,shopping,3,ios,0
T014846,U00397,2026-08-14 11:05:58,574,grocery,2,ios,0
T010801,U01714,2026-06-26 07:45:37,2917,fuel,2,ios,0
T001897,U01908,2026-04-11 11:10:58,1126,grocery,3,ios,0
T013022,U01582,2026-06-09 21:56:01,1450,fuel,3,android,0
